is_gold,cnt_root_lp,sum_root_lp,sum_leaf_lp,sum_bl_lp,cur_score,chunk_pool_match,L_trans,R_trans
0,-59.94059827251052,-63.209955052827844,-101.83876674525396,-68.52820656443393,-90.49222829608671,0,0,0
1,-59.191184713335886,-63.49162001884346,-48.53492807994749,-45.39490849486541,-63.35445542892096,1,1,1
0,-57.77608277636372,-63.24351395667572,-86.4440232769906,-66.23214772923119,-83.7092897594609,0,0,0
0,-72.52001943949506,-78.22273408184559,-90.53220216071557,-85.6798318789412,-99.67968008770973,0,0,0
0,-72.1660613522408,-77.93712683447755,-140.6420164583385,-98.48185532422745,-114.35866628974236,0,0,0
0,-61.75173096592748,-66.41293562673079,-76.16624925665585,-64.86230151832612,-81.13586984012451,0,1,0
1,-53.679573256595106,-56.86596308853031,-45.684662074873685,-43.521373334536335,-67.38497187905722,0,0,0
0,-62.02425705414563,-65.09591603266139,-118.67508802845168,-65.85504619259491,-94.16104755988141,0,1,0
1,-57.35833494030292,-61.689991974198705,-74.21013776762342,-43.37602590568218,-79.62137627058995,0,0,0
0,-72.52001943949506,-78.22273408184559,-90.53220216071557,-85.6798318789412,-99.67968008770973,0,0,0
0,-72.1660613522408,-77.93712683447755,-140.6420164583385,-98.48185532422745,-114.35866628974236,0,0,0
0,-61.75173096592748,-66.41293562673079,-76.16624925665585,-60.47943757921556,-81.13586984012451,0,1,0
1,-53.679573256595106,-56.86596308853031,-45.684662074873685,-43.521373334536335,-67.38497187905722,0,0,0
1,-54.1457972781556,-57.24867798505957,-49.02047287591685,-43.698249505223785,-63.3588776975901,0,2,0
0,-69.98819638596228,-74.1224971190367,-85.08398821586934,-87.34655499957516,-95.51339285072308,0,0,0
0,-72.1660613522408,-77.93712683447755,-140.6420164583385,-98.48185532422745,-114.35866628974236,0,0,0
0,-61.75173096592748,-66.41293562673079,-76.16624925665585,-60.47943757921556,-81.13586984012451,0,1,0
1,-53.679573256595106,-56.86596308853031,-45.684662074873685,-43.521373334536335,-67.38497187905722,0,0,0
1,-70.208541304862,-73.11406571094459,-66.95311666534192,-49.414966669079334,-90.29447630446457,0,0,0
0,-72.1660613522408,-77.93712683447755,-140.6420164583385,-98.48185532422745,-114.35866628974236,0,0,0
0,-61.75173096592748,-66.41293562673079,-76.16624925665585,-64.86230151832612,-81.13586984012451,0,1,0
1,-53.679573256595106,-56.86596308853031,-45.684662074873685,-43.521373334536335,-67.38497187905722,0,0,0
1,-70.208541304862,-73.11406571094459,-66.95311666534192,-50.49640345921683,-90.29447630446457,0,0,0
0,-72.1660613522408,-77.93712683447755,-140.6420164583385,-98.48185532422745,-114.35866628974236,0,0,0
1,-61.19890344906854,-64.30662112535857,-64.99700517630951,-41.98171912061586,-77.23226909916167,0,1,0
1,-70.208541304862,-73.11406571094459,-66.95311666534192,-50.49640345921683,-90.29447630446457,0,0,0
0,-68.78086007360935,-72.01076826858962,-110.35610995317919,-76.4578415031548,-101.8876930595631,0,0,0
1,-60.65784217469151,-60.65784217469151,-54.19395948719906,-39.342338945636854,-76.91603002085122,0,0,0
0,-52.856081847140885,-58.292100042259776,-39.32179548863357,-49.51504578575431,-54.25541278533177,1,1,1
0,-63.390717496463665,-67.44622815009119,-94.58713004112806,-64.83053569561781,-91.76685650880208,0,0,0
0,-73.21822290421868,-79.20281700278223,-125.78673508789336,-108.54206537923932,-110.95424343058669,0,0,0
0,-69.14676613509072,-77.50699385657514,-128.43861290172885,-93.01636734030296,-107.67835000560936,0,0,0
1,-50.09440368428558,-57.332384262819154,-67.9126841227128,-43.194297147488925,-70.46820892109942,0,0,0
0,-67.61138101644687,-73.5122526922375,-91.59685133278437,-80.5742043055751,-95.09043641628219,0,0,0
0,-71.71408142324209,-77.58495953503144,-128.43594376123667,-110.93697736576007,-110.24486455161309,0,0,0
0,-62.05556758425658,-66.64707028878352,-89.63538624722992,-67.46062710152907,-85.48044755562583,0,1,0
1,-56.00646288590032,-59.174004910852986,-47.64077356390608,-48.316795282780795,-66.83295905227241,0,0,1
0,-52.856081847140885,-58.292100042259776,-39.32179548863357,-49.51504578575431,-54.25541278533177,1,1,1
0,-63.390717496463665,-67.44622815009119,-94.58713004112806,-64.83053569561781,-91.76685650880208,0,0,0
0,-73.21822290421868,-79.20281700278223,-125.78673508789336,-108.54206537923932,-110.95424343058669,0,0,0
1,-70.33125406084004,-78.66001527479983,-146.107421680027,-122.96316193128841,-114.16348056484813,0,0,0
0,-68.18268567087,-75.29259874267625,-96.60865447148997,-55.344668077687295,-93.69954610951727,0,0,1
0,-71.71408142324209,-77.58495953503144,-128.43594376123667,-110.93697736576007,-110.24486455161309,0,0,0
0,-62.05556758425658,-66.64707028878352,-89.63538624722992,-63.466641937197664,-85.48044755562583,0,1,0
1,-56.00646288590032,-59.174004910852986,-47.64077356390608,-48.316795282780795,-66.83295905227241,0,0,1
0,-52.856081847140885,-58.292100042259776,-39.32179548863357,-49.51504578575431,-54.25541278533177,1,1,1
0,-63.390717496463665,-67.44622815009119,-94.58713004112806,-64.83053569561781,-91.76685650880208,0,0,0
1,-64.4817181436759,-70.2715638099084,-113.5483605201215,-85.02576742541265,-98.54622629971236,0,0,0
0,-68.63593583825887,-76.83662954549135,-89.64073984375196,-90.60490047558557,-95.52815779138446,0,0,0
0,-71.71408142324209,-77.58495953503144,-128.43594376123667,-110.93697736576007,-110.24486455161309,0,0,0
0,-62.05556758425658,-66.64707028878352,-89.63538624722992,-63.466641937197664,-85.48044755562583,0,1,0
1,-56.00646288590032,-59.174004910852986,-47.64077356390608,-48.316795282780795,-66.83295905227241,0,0,1
0,-52.856081847140885,-58.292100042259776,-39.32179548863357,-49.51504578575431,-54.25541278533177,1,1,1
1,-59.17615550848704,-63.46523446762249,-129.47278012104013,-93.82952498603191,-98.01798954479908,0,0,0
0,-70.23291433425969,-75.89469249376485,-87.33548559395422,-65.6172141659225,-96.43356001244595,0,0,0
0,-71.71408142324209,-77.58495953503144,-128.43594376123667,-110.93697736576007,-110.24486455161309,0,0,0
0,-62.05556758425658,-66.64707028878352,-89.63538624722992,-63.88742424519357,-85.48044755562583,0,1,0
1,-56.00646288590032,-59.174004910852986,-47.64077356390608,-48.316795282780795,-66.83295905227241,0,0,1
1,-57.52078303916936,-60.546589258245234,-64.99700517630951,-49.163756738306766,-73.55414868926249,0,1,0
0,-69.70221183758579,-73.86322328999391,-67.72775660346592,-73.98599981834055,-90.02053881862557,0,0,0
0,-71.71408142324209,-77.58495953503144,-128.43594376123667,-110.93697736576007,-110.24486455161309,0,0,0
0,-62.05556758425658,-66.64707028878352,-89.63538624722992,-63.466641937197664,-85.48044755562583,0,1,0
1,-56.00646288590032,-59.174004910852986,-47.64077356390608,-48.316795282780795,-66.83295905227241,0,0,1
1,-71.60872701429955,-74.50646572664809,-74.20744556854562,-74.6278862162622,-93.87096068486323,0,0,0
0,-71.71408142324209,-77.58495953503144,-128.43594376123667,-110.93697736576007,-110.24486455161309,0,0,0
0,-62.05556758425658,-66.64707028878352,-89.63538624722992,-63.466641937197664,-85.48044755562583,0,1,0
1,-56.00646288590032,-59.174004910852986,-47.64077356390608,-48.316795282780795,-66.83295905227241,0,0,1
1,-71.60872701429955,-74.50646572664809,-74.20744556854562,-74.6278862162622,-93.87096068486323,0,0,0
0,-71.71408142324209,-77.58495953503144,-128.43594376123667,-110.93697736576007,-110.24486455161309,0,0,0
1,-62.74947910026263,-65.80224513506762,-38.430333171669965,-42.78690221924693,-70.81284314896389,0,1,0
1,-71.60872701429955,-74.50646572664809,-74.20744556854562,-74.6278862162622,-93.87096068486323,0,0,0
0,-70.2491031745923,-73.55731203234687,-103.79487823428639,-78.5091463845356,-101.38756664487822,0,0,0
1,-65.23254247312343,-65.23254247312343,-64.0974970637461,-41.364596099886185,-84.46179159224727,0,0,0
1,-52.50581567975509,-55.467016137584,-36.474221682637555,-40.983250322946446,-53.05087447614717,1,1,1
0,-71.09892684334346,-75.27097480663976,-114.6714208816101,-69.38366324498809,-105.5003531078265,0,0,0
0,-75.69937330347915,-81.49626075492343,-141.70666563040731,-101.36885375950038,-118.21137299260134,0,0,0
0,-64.73499053164059,-70.60589090690338,-120.1196348264563,-73.19703840476049,-100.77088097957748,0,0,0
0,-59.063137562815136,-64.73123979254599,-68.91460480948201,-72.93426843679545,-76.27178310286001,0,1,0
1,-60.41684835941641,-64.58946599865907,-54.8977946661876,-45.95589833812286,-73.42045085647297,0,0,1
0,-60.368416486833716,-63.35694479234345,-101.83876674525396,-71.12350992231408,-87.45431060761018,0,1,0
1,-73.61340209598842,-76.52217731922515,-101.83876674525396,-52.4558341726557,-104.16503211956461,0,0,0
0,-75.69937330347915,-81.49626075492343,-141.70666563040731,-101.36885375950038,-118.21137299260134,0,0,0
0,-64.73499053164059,-70.60589090690338,-120.1196348264563,-73.19703840476049,-100.77088097957748,0,0,0
0,-59.063137562815136,-64.73123979254599,-68.91460480948201,-72.93426843679545,-76.27178310286001,0,1,0
1,-60.41684835941641,-64.58946599865907,-54.8977946661876,-45.95589833812286,-73.42045085647297,0,0,1
0,-60.368416486833716,-63.35694479234345,-101.83876674525396,-71.12350992231408,-87.45431060761018,0,1,0
1,-73.61340209598842,-76.52217731922515,-101.83876674525396,-52.4558341726557,-104.16503211956461,0,0,0
0,-75.69937330347915,-81.49626075492343,-141.70666563040731,-101.36885375950038,-118.21137299260134,0,0,0
0,-64.73499053164059,-70.60589090690338,-120.1196348264563,-73.19703840476049,-100.77088097957748,0,0,0
0,-54.94799973527207,-59.58762628548063,-49.3068758189937,-64.46481056020797,-66.27432657817046,0,1,0
1,-56.963543197722736,-59.6284199703102,-36.474221682637555,-40.86484743760395,-64.44007379971428,0,0,1
1,-73.61340209598842,-76.52217731922515,-101.83876674525396,-50.83958219128711,-104.16503211956461,0,0,0
0,-75.69937330347915,-81.49626075492343,-141.70666563040731,-101.36885375950038,-118.21137299260134,0,0,0
0,-64.73499053164059,-70.60589090690338,-120.1196348264563,-68.05749336755952,-100.77088097957748,0,0,0
1,-56.27696978817986,-59.408855471733226,-27.263781290401432,-46.7712401037577,-54.05889646690112,1,1,1
1,-73.61340209598842,-76.52217731922515,-101.83876674525396,-52.4558341726557,-104.16503211956461,0,0,0
0,-75.69937330347915,-81.49626075492343,-141.70666563040731,-101.36885375950038,-118.21137299260134,0,0,0
1,-64.99014586973914,-67.9927128381695,-55.7865647840734,-46.54287236187723,-71.32890759656198,1,1,1
1,-73.61340209598842,-76.52217731922515,-101.83876674525396,-52.4558341726557,-104.16503211956461,0,0,0
0,-74.19354735363909,-77.09014026015238,-110.15507568003433,-65.58915219815043,-107.24007005764939,0,0,0
1,-68.70414289068653,-68.70414289068653,-54.88705667150996,-54.49632446109849,-81.70452398933979,0,0,1
1,-50.508009467655896,-53.35380184390772,-28.145499787087214,-41.49558121610088,-33.898482933300784,4,5,4
0,-70.44511398384397,-74.53416459505542,-89.63538624722993,-73.42946149520257,-97.33572985801294,0,0,0
0,-70.2586868137387,-75.8426214193175,-119.22550336900056,-90.76536181423126,-106.02633782443888,0,0,0
0,-59.5987131183094,-65.57882304195194,-101.69875404198407,-74.6181491339623,-90.10833933090461,0,0,0
1,-59.32552775668802,-64.62262954100363,-81.32176176847945,-46.093100693197286,-80.25632038443213,0,0,1
0,-56.370521881533065,-61.941247094649036,-106.71055718068968,-73.22386159558108,-88.38368903573996,0,0,0
0,-65.37458763710458,-70.74283846390527,-110.01506297676445,-80.37813402654366,-98.37910653013392,0,0,0
0,-65.31579932817323,-70.20133494150504,-88.74392393026632,-63.40234856457809,-88.47324060445341,0,1,0
1,-54.42008332754868,-57.39344268655822,-37.36568399960116,-44.22359805697977,-55.23258081902985,1,1,1
1,-69.02577553715005,-71.90474357575559,-56.8512139561422,-50.25212583982175,-82.615403821193,0,0,1
0,-70.2586868137387,-75.8426214193175,-119.22550336900056,-90.76536181423126,-106.02633782443888,0,0,0
0,-59.5987131183094,-65.57882304195194,-101.69875404198407,-74.90585782583042,-90.10833933090461,0,0,0
1,-59.32552775668802,-64.62262954100363,-81.32176176847945,-46.093100693197286,-80.25632038443213,0,0,1
0,-56.370521881533065,-61.941247094649036,-106.71055718068968,-73.22386159558108,-88.38368903573996,0,0,0
0,-65.37458763710458,-70.74283846390527,-110.01506297676445,-80.37813402654366,-98.37910653013392,0,0,0
0,-65.31579932817323,-70.20133494150504,-88.74392393026632,-63.40234856457809,-88.47324060445341,0,1,0
1,-54.42008332754868,-57.39344268655822,-37.36568399960116,-44.22359805697977,-55.23258081902985,1,1,1
1,-69.02577553715005,-71.90474357575559,-56.8512139561422,-50.25212583982175,-82.615403821193,0,0,1
0,-70.2586868137387,-75.8426214193175,-119.22550336900056,-90.76536181423126,-106.02633782443888,0,0,0
0,-61.512213759907276,-67.30052955050304,-99.74264255295166,-68.73856204502877,-87.96927062299305,0,1,0
1,-54.973334478107795,-60.20809450894207,-49.43174399343311,-45.04351213028022,-66.33712177333801,0,0,1
0,-65.37458763710458,-70.74283846390527,-110.01506297676445,-80.37813402654366,-98.37910653013392,0,0,0
0,-65.31579932817323,-70.20133494150504,-88.74392393026632,-63.40234856457809,-88.47324060445341,0,1,0
1,-54.42008332754868,-57.39344268655822,-37.36568399960116,-44.22359805697977,-55.23258081902985,1,1,1
1,-69.02577553715005,-71.90474357575559,-56.8512139561422,-50.25212583982175,-82.615403821193,0,0,1
0,-70.2586868137387,-75.8426214193175,-119.22550336900056,-90.76536181423126,-106.02633782443888,0,0,0
1,-57.71811142295437,-63.444085460068806,-86.27350556237758,-49.41427656576083,-83.60016309166764,0,0,0
0,-62.477113982429486,-67.57476687639831,-126.47983227220426,-84.91044153466775,-100.42106366409077,0,0,0
0,-65.31579932817323,-70.20133494150504,-88.74392393026632,-63.40234856457809,-88.47324060445341,0,1,0
1,-54.42008332754868,-57.39344268655822,-37.36568399960116,-44.22359805697977,-55.23258081902985,1,1,1
1,-69.02577553715005,-71.90474357575559,-56.8512139561422,-50.25212583982175,-82.615403821193,0,0,1
0,-71.58506371448289,-77.03431975405425,-113.01069528163016,-71.37118039676493,-105.48827229897194,0,0,0
0,-63.851839218253076,-69.44070611850206,-113.01069528163015,-100.59974854552715,-97.75504780274213,0,0,0
0,-65.31579932817323,-70.20133494150504,-88.74392393026632,-68.15314850935258,-88.47324060445341,0,1,0
1,-54.42008332754868,-57.39344268655822,-37.36568399960116,-44.22359805697977,-55.23258081902985,1,1,1
1,-69.02577553715005,-71.90474357575559,-56.8512139561422,-50.25212583982175,-82.615403821193,0,0,1
0,-71.58506371448289,-77.03431975405425,-113.01069528163016,-71.37118039676493,-105.48827229897194,0,0,0
0,-63.851839218253076,-69.44070611850206,-113.01069528163015,-100.59974854552715,-97.75504780274213,0,0,0
1,-66.83301317275057,-70.1650618015691,-55.786564784073406,-50.419430857071276,-80.10324670517286,0,1,0
1,-69.02577553715005,-71.90474357575559,-56.8512139561422,-50.25212583982175,-82.615403821193,0,0,1
0,-71.58506371448289,-77.03431975405425,-113.01069528163016,-71.37118039676493,-105.48827229897194,0,0,0
0,-67.02190429589416,-70.02230598961347,-100.94730442829037,-83.55587025988847,-97.30609562438127,0,0,0
1,-69.94500304408304,-72.67057538747817,-91.73686403605424,-51.77724520309186,-97.46606225489931,0,0,0
0,-67.02190429589416,-70.02230598961347,-100.94730442829037,-83.55587025988847,-97.30609562438127,0,0,0
1,-65.88439596036179,-65.88439596036179,-73.30793745598221,-58.92589164051849,-87.87677719715646,0,0,0
1,-52.984801190488895,-55.75667262535237,-28.148748550754,-41.39370537841687,-44.95024142569345,2,2,2
0,-72.47178517879206,-76.55255577118324,-95.772934203454,-69.04724444318589,-101.20366543982826,0,0,0
0,-70.59509459208132,-76.41550121872721,-108.05895148773205,-94.35279214680797,-103.01278003840093,0,0,0
0,-57.00099400278875,-62.659371649101736,-82.38374180005609,-70.85969749513342,-81.71611654280558,0,0,0
1,-59.707930758265526,-63.752789590726124,-55.789256983151205,-43.83399003517326,-72.97897195041116,0,1,0
0,-62.420645475380184,-65.30224928065934,-99.56111005966855,-63.9312513164957,-92.28897849328075,0,0,0
1,-73.12997531626661,-75.94747316859821,-85.37399744981415,-50.4153482302379,-98.74217455121085,0,0,0
0,-70.59509459208132,-76.41550121872721,-108.05895148773205,-94.35279214680797,-103.01278003840093,0,0,0
0,-57.00099400278875,-62.659371649101736,-82.38374180005609,-70.85969749513342,-81.71611654280558,0,0,0
1,-59.707930758265526,-63.752789590726124,-55.789256983151205,-43.83399003517326,-72.97897195041116,0,1,0
0,-62.420645475380184,-65.30224928065934,-99.56111005966855,-63.9312513164957,-92.28897849328075,0,0,0
1,-73.12997531626661,-75.94747316859821,-85.37399744981415,-50.4153482302379,-98.74217455121085,0,0,0
0,-70.59509459208132,-76.41550121872721,-108.05895148773205,-94.35279214680797,-103.01278003840093,0,0,0
0,-56.6366946139724,-61.185116059084216,-78.84038635371931,-62.324616336700146,-76.82307461728847,0,1,0
1,-56.90192551575609,-59.4390434815615,-36.474221682637555,-40.560319863506905,-64.37845611774763,0,0,1
1,-73.12997531626661,-75.94747316859821,-85.37399744981415,-50.4153482302379,-98.74217455121085,0,0,0
0,-70.59509459208132,-76.41550121872721,-108.05895148773205,-95.2399900412111,-103.01278003840093,0,0,0
1,-55.88598600058928,-58.92666657904589,-37.36568399960116,-47.151463442248364,-67.09569120046963,0,0,0
1,-73.12997531626661,-75.94747316859821,-85.37399744981415,-50.4153482302379,-98.74217455121085,0,0,0
0,-73.64053806402343,-76.53713097053672,-73.31331411108985,-65.7392602568635,-92.16879639455067,0,0,1
1,-62.238103796716196,-62.238103796716196,-54.887056671509974,-41.00966846878809,-78.70422079816919,0,0,0
0,-60.56808118364343,-63.85608777880097,-103.79487823428639,-67.25028419722561,-91.70654465392934,0,0,0
1,-62.621564655668834,-66.73305757264919,-56.85390615522,-45.866428819527194,-76.21200059943511,0,0,1
0,-58.57227465677038,-63.7700473028369,-82.38374180005609,-66.55889993868806,-79.82166129398749,0,0,1
0,-75.05990789906444,-80.86113696778284,-117.27206102046031,-95.50844837585053,-110.24152620520253,0,0,0
0,-70.70429531676879,-77.07758583221613,-117.27206102046033,-99.18676681385165,-105.88591362290688,0,0,0
0,-57.424088380340784,-63.06197656339949,-82.38374180005611,-67.27305328130575,-82.13921092035761,0,0,0
1,-58.918556399374,-62.91166457507455,-48.24222664692489,-45.74650732830686,-69.92548849065174,0,0,1
0,-62.26195561658386,-65.22341946921935,-120.25964752972621,-71.91836993098929,-98.33984987550173,0,0,0
0,-62.18394787825086,-65.0853582226253,-110.15774482052647,-70.43262152700795,-89.73820988106824,0,2,0
1,-57.01563255432588,-61.08902571642731,-48.534928079947484,-46.70503648385955,-68.1103750755104,0,0,1
0,-75.05990789906444,-80.86113696778284,-117.27206102046031,-95.50844837585053,-110.24152620520253,0,0,0
0,-70.70429531676879,-77.07758583221613,-117.27206102046033,-99.18676681385165,-105.88591362290688,0,0,0
0,-57.424088380340784,-63.06197656339949,-82.38374180005611,-67.40972589369763,-82.13921092035761,0,0,0
1,-58.918556399374,-62.91166457507455,-48.24222664692489,-45.74650732830686,-69.92548849065174,0,0,1
0,-62.26195561658386,-65.22341946921935,-120.25964752972621,-71.91836993098929,-98.33984987550173,0,0,0
1,-51.86604786690169,-54.7293584563972,-28.15524360736504,-42.59965461484336,-49.91541324071202,1,1,1
0,-70.95165668305955,-75.08938353292132,-105.20869322570614,-90.03636230074088,-102.5142646507714,0,0,0
0,-70.70429531676879,-77.07758583221613,-117.27206102046033,-99.18676681385165,-105.88591362290688,0,0,0
0,-57.424088380340784,-63.06197656339949,-82.38374180005611,-67.27305328130575,-82.13921092035761,0,0,0
1,-58.918556399374,-62.91166457507455,-48.24222664692489,-45.74650732830686,-69.92548849065174,0,0,1
0,-62.26195561658386,-65.22341946921935,-120.25964752972621,-71.91836993098929,-98.33984987550173,0,0,0
1,-71.36863036181497,-74.29627463907082,-92.62832635301785,-52.21004163404625,-99.15712826772032,0,0,0
0,-70.70429531676879,-77.07758583221613,-117.27206102046033,-99.18676681385165,-105.88591362290688,0,0,0
0,-57.424088380340784,-63.06197656339949,-82.38374180005611,-67.27305328130575,-82.13921092035761,0,0,0
1,-58.918556399374,-62.91166457507455,-48.24222664692489,-45.74650732830686,-69.92548849065174,0,0,1
0,-62.26195561658386,-65.22341946921935,-120.25964752972621,-71.91836993098929,-98.33984987550173,0,0,0
1,-71.36863036181497,-74.29627463907082,-92.62832635301785,-52.21004163404625,-99.15712826772032,0,0,0
0,-70.70429531676879,-77.07758583221613,-117.27206102046033,-99.18676681385165,-105.88591362290688,0,0,0
0,-57.655690984696356,-62.26979310519317,-77.82965931266565,-67.15046064515833,-81.00458877849606,0,0,0
1,-56.71104894504526,-59.22560222621745,-39.32179548863357,-41.783112684846245,-61.57611578603588,0,0,3
1,-71.36863036181497,-74.29627463907082,-92.62832635301785,-52.21004163404625,-99.15712826772032,0,0,0
0,-70.70429531676879,-77.07758583221613,-117.27206102046033,-99.18676681385165,-105.88591362290688,0,0,0
1,-55.37659982897278,-58.51214705494122,-36.474221682637555,-47.972385322624326,-62.85313043096432,0,1,0
1,-71.36863036181497,-74.29627463907082,-92.62832635301785,-52.21004163404625,-99.15712826772032,0,0,0
0,-74.36843278419158,-77.78235985935345,-82.52642364381813,-67.7692792530444,-99.12635987733702,0,0,0
1,-65.22960401012627,-65.22960401012627,-64.09749706374608,-51.486961849277044,-84.45885312925009,0,0,0
1,-53.00903079171368,-56.00149137915747,-55.09346759976248,-42.83802452488024,-66.0713351688427,0,1,0
0,-69.68756509104942,-73.81408013038978,-103.50486900034159,-65.4142843237507,-97.27328988835218,0,0,1
0,-72.39826448483787,-77.68935983897234,-119.37089272737809,-106.68874261577497,-108.20953230305129,0,0,0
0,-61.95942380780146,-66.4891544493916,-77.82965931266564,-63.85128738086817,-81.84258569880143,0,1,0
1,-55.74741274881946,-58.91621983715645,-37.36568399960115,-45.75924395273307,-63.491382045900075,0,0,1
1,-68.70700131668386,-71.6047400290324,-101.83876674525399,-47.60988151144049,-99.25863134026005,0,0,0
0,-72.39826448483787,-77.68935983897234,-119.37089272737809,-103.57761506889352,-108.20953230305129,0,0,0
0,-61.95942380780146,-66.4891544493916,-77.82965931266564,-63.85128738086817,-81.84258569880143,0,1,0
1,-55.74741274881946,-58.91621983715645,-37.36568399960115,-45.75924395273307,-63.491382045900075,0,0,1
1,-68.70700131668386,-71.6047400290324,-101.83876674525399,-47.60988151144049,-99.25863134026005,0,0,0
0,-72.39826448483787,-77.68935983897234,-119.37089272737809,-106.68874261577497,-108.20953230305129,0,0,0
1,-62.74947910026263,-65.74047307213081,-36.474221682637555,-46.606734524593186,-70.22600970225417,0,1,0
1,-68.70700131668386,-71.6047400290324,-101.83876674525399,-47.60988151144049,-99.25863134026005,0,0,0
0,-69.81420012453587,-72.54262622463555,-100.9446352877982,-76.50003618078749,-100.09759071087534,0,0,0
1,-59.33438244694051,-59.33438244694051,-45.67661627927385,-43.36095534282742,-73.03736733072266,0,0,0
0,-55.97495004559962,-59.24282630147097,-92.62832635301785,-67.45829076614345,-80.29771204870525,0,1,0
1,-62.68770502803593,-66.86869380382429,-56.85390615522,-45.14756241730169,-79.74387687460192,0,0,0
0,-59.2190388479145,-64.63109232056185,-85.37937410492181,-66.498963949018,-84.83285107939103,0,0,0
0,-68.9360549215221,-74.51153547501988,-99.74264255295168,-77.87529405230184,-98.8588476874076,0,0,0
0,-69.09457178210346,-75.3472503762727,-124.52638992366401,-105.0601418914928,-106.45248875920265,0,0,0
0,-59.7755201983606,-65.94893790885962,-92.48831364974795,-65.56497366693854,-84.05627839048526,0,1,0
0,-56.4964749909183,-62.10100760283645,-76.0135017668661,-68.05764633372489,-75.8347896181784,0,1,0
1,-56.17662338476339,-60.31381294837439,-57.45266703916099,-43.103370157745026,-69.94668759371196,0,0,1
0,-61.74401396881385,-64.85927561054115,-121.32429670179502,-72.52553491282433,-94.67556707655264,0,1,0
0,-57.39183541543908,-60.358133293900636,-94.58443784205025,-65.94191991431192,-85.76716676805415,0,0,0
1,-56.96962115434388,-61.198218339361794,-74.9820855066696,-45.34611307924369,-75.99851090354504,0,0,1
0,-68.9360549215221,-74.51153547501988,-99.74264255295168,-77.87529405230184,-98.8588476874076,0,0,0
0,-69.09457178210346,-75.3472503762727,-124.52638992366401,-116.62299151707441,-106.45248875920265,0,0,0
0,-59.7755201983606,-65.94893790885962,-92.48831364974795,-61.0342687179383,-84.05627839048526,0,1,0
0,-56.4964749909183,-62.10100760283645,-76.0135017668661,-68.05764633372489,-75.8347896181784,0,1,0
1,-56.17662338476339,-60.31381294837439,-57.45266703916099,-43.103370157745026,-69.94668759371196,0,0,1
0,-61.74401396881385,-64.85927561054115,-121.32429670179502,-72.52553491282433,-94.67556707655264,0,1,0
1,-51.54900027329844,-54.562906560989546,-36.474221682637555,-41.275431270504896,-59.02553087528998,0,1,0
0,-65.67505260582004,-69.62282878542862,-87.04009970490176,-74.72708701161433,-91.78708251729057,0,0,0
0,-69.09457178210346,-75.3472503762727,-124.52638992366401,-116.62299151707441,-106.45248875920265,0,0,0
0,-59.7755201983606,-65.94893790885962,-92.48831364974795,-65.56497366693854,-84.05627839048526,0,1,0
0,-56.4964749909183,-62.10100760283645,-76.0135017668661,-68.05764633372489,-75.8347896181784,0,1,0
1,-56.17662338476339,-60.31381294837439,-57.45266703916099,-43.103370157745026,-69.94668759371196,0,0,1
0,-61.74401396881385,-64.85927561054115,-121.32429670179502,-72.52553491282433,-94.67556707655264,0,1,0
1,-66.83713797691333,-69.5702232591951,-64.99700517630951,-45.13671824458591,-86.33623952980618,0,0,0
0,-69.09457178210346,-75.3472503762727,-124.52638992366401,-116.62299151707441,-106.45248875920265,0,0,0
0,-59.7755201983606,-65.94893790885962,-92.48831364974795,-61.0342687179383,-84.05627839048526,0,1,0
0,-56.4964749909183,-62.10100760283645,-76.0135017668661,-68.05764633372489,-75.8347896181784,0,1,0
1,-56.17662338476339,-60.31381294837439,-57.45266703916099,-43.103370157745026,-69.94668759371196,0,0,1
0,-61.74401396881385,-64.85927561054115,-121.32429670179502,-72.52553491282433,-94.67556707655264,0,1,0
1,-66.83713797691333,-69.5702232591951,-64.99700517630951,-45.13671824458591,-86.33623952980618,0,0,0
0,-69.09457178210346,-75.3472503762727,-124.52638992366401,-116.62299151707441,-106.45248875920265,0,0,0
0,-59.7755201983606,-65.94893790885962,-92.48831364974795,-61.0342687179383,-84.05627839048526,0,1,0
0,-56.137008275880916,-60.64897771438576,-56.75956985485009,-64.56365361599232,-69.69914332953623,0,1,0
1,-57.99081154876524,-60.62026024572104,-36.474221682637555,-41.47913535660908,-63.44001661021595,0,0,2
1,-66.83713797691333,-69.5702232591951,-64.99700517630951,-45.13671824458591,-86.33623952980618,0,0,0
0,-69.09457178210346,-75.3472503762727,-124.52638992366401,-116.62299151707441,-106.45248875920265,0,0,0
0,-59.7755201983606,-65.94893790885962,-92.48831364974795,-61.0342687179383,-84.05627839048526,0,1,0
1,-57.855595092447615,-60.85982366429726,-44.99156489056277,-50.276904752263874,-67.88732865681672,0,1,0
1,-66.83713797691333,-69.5702232591951,-64.99700517630951,-45.13671824458591,-86.33623952980618,0,0,0
0,-69.09457178210346,-75.3472503762727,-124.52638992366401,-105.0601418914928,-106.45248875920265,0,0,0
1,-63.11891960892179,-66.27091641589567,-55.786564784073406,-45.10524946739241,-74.36182760080327,0,2,0
1,-66.83713797691333,-69.5702232591951,-64.99700517630951,-45.13671824458591,-86.33623952980618,0,0,0
0,-67.18259756264224,-70.46761401849031,-101.83876674525398,-69.6587160200375,-97.73422758621844,0,0,0
1,-65.17725199438448,-65.17725199438448,-64.09749706374608,-38.29876315899872,-80.94076521070858,0,0,1
1,-52.33680340166715,-55.14147017728251,-28.15524360736504,-41.09951061160227,-50.38616877547748,1,1,1
0,-74.68908471530614,-78.44083455423763,-95.35640863968212,-69.8006107628707,-99.83027140441105,0,0,1
0,-73.18936836733673,-77.52078454247258,-95.99558369297789,-89.23541010586518,-101.98804347523009,0,0,0
1,-53.265871109923644,-56.26936550345281,-37.36568399960116,-42.19075995608839,-64.475576309804,0,0,0
1,-70.18055783470486,-72.66903493357678,-45.681992934381526,-50.4874424903412,-80.41941981221959,0,0,1
0,-73.18936836733673,-77.52078454247258,-95.99558369297789,-83.84011056218084,-101.98804347523009,0,0,0
1,-53.265871109923644,-56.26936550345281,-37.36568399960116,-42.19075995608839,-64.475576309804,0,0,0
1,-70.18055783470486,-72.66903493357678,-45.681992934381526,-50.4874424903412,-80.41941981221959,0,0,1
0,-73.07300806785679,-75.85093725847936,-91.7341948955621,-78.14751262356623,-100.59326653652542,0,0,0
1,-58.70731973251555,-58.70731973251555,-45.676616279273844,-38.76403289988056,-72.41030461629771,0,0,0
0,-57.15909062380338,-60.41170168057319,-101.83876674525398,-66.03262632493495,-87.71072064737957,0,0,0
1,-59.021060078100085,-63.08897085123326,-52.7936246782855,-45.75743887955489,-64.46193977318656,1,1,1
0,-55.58819169319053,-60.65177901713905,-126.47983227220428,-63.99656157611945,-93.53214137485182,0,0,0
0,-71.6280969558914,-77.02677399268275,-91.59418219229221,-90.24234974924235,-99.10635161357905,0,0,0
0,-70.30745502329067,-75.15594460004407,-96.25054009713786,-80.56428899148483,-99.18261705243202,0,0,0
1,-53.81125694679709,-56.751374425892685,-27.263781290401432,-42.19466794282521,-51.593183625518336,1,1,1
0,-60.22748918421054,-63.03212721728415,-103.10178104997544,-65.74476164423025,-91.15802349920317,0,0,0
1,-55.0829845968247,-59.0125150415583,-76.16624925665585,-44.03832895731384,-77.93285937382146,0,0,0
0,-71.6280969558914,-77.02677399268275,-91.59418219229221,-88.2525823525637,-99.10635161357905,0,0,0
0,-70.30745502329067,-75.15594460004407,-96.25054009713786,-80.56428899148483,-99.18261705243202,0,0,0
1,-53.81125694679709,-56.751374425892685,-27.263781290401432,-42.02603221928368,-51.593183625518336,1,1,1
1,-51.00137215873326,-53.66762986340729,-36.474221682637555,-42.752376568169055,-58.477902760724795,0,1,0
0,-70.37238392371668,-74.11349390433314,-102.61073754288583,-84.0779656999612,-101.15560518658243,0,0,0
0,-70.30745502329067,-75.15594460004407,-96.25054009713786,-80.56428899148483,-99.18261705243202,0,0,0
1,-53.81125694679709,-56.751374425892685,-27.263781290401432,-42.19466794282521,-51.593183625518336,1,1,1
1,-72.01331193041109,-74.49114917096797,-73.31331411108984,-60.7726448490295,-94.00730616373804,0,0,0
0,-70.30745502329067,-75.15594460004407,-96.25054009713786,-80.56428899148483,-99.18261705243202,0,0,0
1,-53.81125694679709,-56.751374425892685,-27.263781290401432,-42.02603221928368,-51.593183625518336,1,1,1
1,-72.01331193041109,-74.49114917096797,-73.31331411108984,-60.7726448490295,-94.00730616373804,0,0,0
0,-70.22807064528193,-73.54072210779488,-103.79487823428637,-77.46239707977587,-101.36653411556784,0,0,0
1,-71.05031272795031,-71.05031272795031,-82.51837784821831,-75.15992714548437,-95.8058260824158,0,0,0
0,-57.73340161578213,-60.967402282566255,-113.0053186265225,-67.51069659959565,-91.63499720373888,0,0,0
1,-58.952923137155494,-63.157678422909996,-50.83751318925306,-44.898947102993006,-74.2041770939314,0,0,0
0,-56.07097591732135,-61.57712209600726,-96.54592598619034,-64.87736105625123,-85.03475371317845,0,0,0
0,-69.1895111266359,-74.83651188093778,-79.07923600398132,-80.07206524155494,-92.9132819278303,0,0,0
0,-66.2009915009971,-71.96570614945922,-122.22113567386627,-105.26368205186961,-102.86733220315699,0,0,0
0,-55.96352568178063,-60.59317519547767,-76.16624925665587,-61.11565210238497,-75.34766455597767,0,1,0
1,-54.24874692908146,-57.37662903424413,-39.32179548863357,-46.73107083210388,-55.64807786727235,1,1,1
0,-63.264080598778406,-66.24005955754109,-118.67508802845168,-68.04710502403677,-95.4008711045142,0,1,0
1,-57.159483095134554,-61.46454513111727,-70.92180402973511,-49.321083795498986,-74.97028840125536,0,0,1
0,-69.1895111266359,-74.83651188093778,-79.07923600398132,-80.07206524155494,-92.9132819278303,0,0,0
0,-66.2009915009971,-71.96570614945922,-122.22113567386627,-105.26368205186961,-102.86733220315699,0,0,0
0,-55.96352568178063,-60.59317519547767,-76.16624925665587,-61.11565210238497,-75.34766455597767,0,1,0
1,-54.24874692908146,-57.37662903424413,-39.32179548863357,-46.73107083210388,-55.64807786727235,1,1,1
1,-54.4422129555698,-57.5184986645607,-45.68466207487368,-43.282580438096275,-64.68187567523218,0,1,0
0,-68.95858982574914,-72.98195509068415,-77.82965931266563,-77.24799400615223,-92.30748761954882,0,0,0
0,-66.2009915009971,-71.96570614945922,-122.22113567386627,-105.26368205186961,-102.86733220315699,0,0,0
0,-55.96352568178063,-60.59317519547767,-76.16624925665587,-61.11565210238497,-75.34766455597767,0,1,0
1,-54.24874692908146,-57.37662903424413,-39.32179548863357,-46.73107083210388,-55.64807786727235,1,1,1
1,-69.17893474464888,-71.97352368259207,-54.895102467109794,-46.65153202665447,-85.64746548478182,0,0,0
0,-66.2009915009971,-71.96570614945922,-122.22113567386627,-105.26368205186961,-102.86733220315699,0,0,0
0,-55.96352568178063,-60.59317519547767,-76.16624925665587,-61.11565210238497,-75.34766455597767,0,1,0
1,-54.24874692908146,-57.37662903424413,-39.32179548863357,-46.73107083210388,-55.64807786727235,1,1,1
1,-69.17893474464888,-71.97352368259207,-54.895102467109794,-46.65153202665447,-85.64746548478182,0,0,0
0,-66.2009915009971,-71.96570614945922,-122.22113567386627,-105.26368205186961,-102.86733220315699,0,0,0
1,-59.35118729489063,-62.502281914059296,-47.64077356390608,-39.72172202648353,-70.17768346126273,0,1,0
1,-69.17893474464888,-71.97352368259207,-54.895102467109794,-46.65153202665447,-85.64746548478182,0,0,0
0,-68.85159388768993,-72.13524735607798,-101.83876674525398,-77.69936722364606,-99.40322391126612,0,0,0
1,-62.77883619671311,-62.77883619671311,-64.09749706374609,-40.06084463229767,-82.00808531583694,0,0,0
1,-51.42033956178727,-54.250743683067185,-29.219892779433845,-41.81975918326427,-49.78909968721825,1,1,1
0,-66.9913436113665,-71.03627287177855,-105.46098048937398,-67.07342220816793,-98.62963775817869,0,0,0
0,-69.6680530501308,-75.326645596134,-122.22113567386627,-115.03725511352727,-106.33439375229068,0,0,0
0,-59.705237406746186,-65.49218109729067,-86.27350556237755,-65.9202962671217,-82.12155317265973,0,1,0
0,-53.15889421686,-58.77521245119213,-109.32196579245351,-68.6215686555395,-82.48974805179633,0,1,0
1,-56.76516173951402,-60.82850324452946,-79.53348353803023,-42.895849555082016,-80.62520680092308,0,0,0
0,-60.49125992881794,-63.4670468777242,-120.25964752972621,-71.87569522960936,-93.10341828493607,0,1,0
1,-67.20334689100729,-69.98500341135976,-101.83876674525398,-48.81907278241401,-97.75497691458348,0,0,0
0,-69.6680530501308,-75.326645596134,-122.22113567386627,-115.03725511352727,-106.33439375229068,0,0,0
0,-59.705237406746186,-65.49218109729067,-86.27350556237755,-62.12276905222043,-82.12155317265973,0,1,0
0,-53.15889421686,-58.77521245119213,-109.32196579245351,-68.6215686555395,-82.48974805179633,0,1,0
1,-56.76516173951402,-60.82850324452946,-79.53348353803023,-42.895849555082016,-80.62520680092308,0,0,0
0,-60.49125992881794,-63.4670468777242,-120.25964752972621,-71.87569522960936,-93.10341828493607,0,1,0
1,-67.20334689100729,-69.98500341135976,-101.83876674525398,-48.81907278241401,-97.75497691458348,0,0,0
0,-69.6680530501308,-75.326645596134,-122.22113567386627,-115.03725511352727,-106.33439375229068,0,0,0
0,-59.705237406746186,-65.49218109729067,-86.27350556237755,-65.13310739063968,-82.12155317265973,0,1,0
0,-55.40988151098302,-59.93363657190184,-67.034659419155,-64.40846105642456,-72.0545434339298,0,1,0
1,-58.014068383884236,-60.569669022244476,-47.64077356390609,-41.56372705226678,-68.84056455025635,0,0,1
1,-67.20334689100729,-69.98500341135976,-101.83876674525398,-48.81907278241401,-97.75497691458348,0,0,0
0,-69.6680530501308,-75.326645596134,-122.22113567386627,-115.03725511352727,-106.33439375229068,0,0,0
0,-59.705237406746186,-65.49218109729067,-86.27350556237755,-65.13310739063968,-82.12155317265973,0,1,0
1,-57.24107219841614,-60.25708639267977,-66.06165434837831,-48.542382808814516,-73.59383260012991,0,1,0
1,-67.20334689100729,-69.98500341135976,-101.83876674525398,-48.81907278241401,-97.75497691458348,0,0,0
0,-69.6680530501308,-75.326645596134,-122.22113567386627,-103.20400488946967,-106.33439375229068,0,0,0
1,-63.24738026190841,-66.11283582183239,-57.742676273105815,-45.600959418941585,-80.57018314384015,0,0,0
1,-67.20334689100729,-69.98500341135976,-101.83876674525398,-48.81907278241401,-97.75497691458348,0,0,0
0,-69.72041852587921,-72.48445797303583,-109.46197849572341,-64.85674805188272,-102.55901207459624,0,0,0
1,-67.99663055047102,-67.99663055047102,-64.09749706374608,-52.305695069151675,-87.22587966959485,0,0,0
0,-53.65521523787768,-56.92981200762561,-83.41788596078173,-62.18716532856529,-78.6805810261122,0,0,0
1,-57.66173979369366,-61.839492787873525,-78.46883436596143,-41.76659681588657,-81.20239010348209,0,0,0
0,-58.2403361338407,-63.674187424811876,-85.91703934341314,-61.95326987233352,-84.01544793686463,0,0,0
0,-72.3123009031404,-78.09739992724144,-72.11132137624334,-80.69240449665948,-93.9456973160134,0,0,0
0,-70.51856319605673,-76.38391851596666,-131.4315760661024,-117.50078120799051,-109.94803601588745,0,0,0
0,-60.17789586395632,-64.80153850400532,-92.63101855209565,-65.97816495932618,-87.96720142958502,0,0,0
1,-54.353416343796496,-57.44855965494812,-57.7426762731058,-46.43306356660139,-68.21048332292851,0,0,1
0,-58.344939736399986,-61.30800183325305,-113.41181309173683,-67.78214890995659,-92.36848366392104,0,0,0
1,-57.06204283093827,-61.23536260774489,-73.31867545065982,-45.37500492448661,-79.05764546613622,0,0,0
0,-72.3123009031404,-78.09739992724144,-72.11132137624334,-80.69240449665948,-93.9456973160134,0,0,0
0,-70.51856319605673,-76.38391851596666,-131.4315760661024,-117.50078120799051,-109.94803601588745,0,0,0
0,-60.17789586395632,-64.80153850400532,-92.63101855209565,-65.97816495932618,-87.96720142958502,0,0,0
1,-54.353416343796496,-57.44855965494812,-57.7426762731058,-46.43306356660139,-68.21048332292851,0,0,1
1,-51.02951668465704,-53.988145564136865,-36.474221682637555,-39.905946513571834,-58.506047286648574,0,1,0
0,-69.63556277667477,-73.66935682340964,-83.42057815985955,-75.99841431885562,-94.66173622463263,0,0,0
0,-70.51856319605673,-76.38391851596666,-131.4315760661024,-117.50078120799051,-109.94803601588745,0,0,0
0,-60.17789586395632,-64.80153850400532,-92.63101855209565,-65.97816495932618,-87.96720142958502,0,0,0
1,-54.353416343796496,-57.44855965494812,-57.7426762731058,-46.43306356660139,-68.21048332292851,0,0,1
1,-68.63898350501461,-71.45808665442267,-46.57612439183729,-46.97962712589451,-82.61182082256579,0,0,0
0,-70.51856319605673,-76.38391851596666,-131.4315760661024,-104.695942689982,-109.94803601588745,0,0,0
0,-60.17789586395632,-64.80153850400532,-92.63101855209565,-65.97816495932618,-87.96720142958502,0,0,0
1,-54.353416343796496,-57.44855965494812,-57.7426762731058,-46.43306356660139,-68.21048332292851,0,0,1
1,-68.63898350501461,-71.45808665442267,-46.57612439183729,-46.97962712589451,-82.61182082256579,0,0,0
0,-70.51856319605673,-76.38391851596666,-131.4315760661024,-117.50078120799051,-109.94803601588745,0,0,0
1,-62.966918338018374,-66.03707399355409,-64.10554285934592,-41.641418435149696,-78.73284529302242,0,1,0
1,-68.63898350501461,-71.45808665442267,-46.57612439183729,-46.97962712589451,-82.61182082256579,0,0,0
0,-68.70368273394251,-72.02788076659596,-100.94730442829038,-77.18837445403324,-98.98787406242963,0,0,0
1,-62.784740486899,-62.784740486899,-45.676616279273844,-50.230072398427225,-76.48772537068115,0,0,0
1,-52.53226725372197,-55.28463211447722,-57.742676273105815,-42.72433609767886,-66.38933423285398,0,0,1
0,-68.42806043591109,-72.10082415489404,-86.78514330074178,-66.63926039221684,-90.99786752333391,0,0,1
0,-68.86624576409747,-73.02399127415597,-105.20602408521401,-80.74611467300802,-100.42805298966167,0,0,0
1,-54.42020500554855,-57.31901529846187,-39.32179548863357,-46.37441534274569,-62.75100774933889,0,0,1
1,-68.57920748993315,-71.04188863631019,-45.681992934381526,-51.97557284017638,-78.81806946744788,0,0,1
0,-68.86624576409747,-73.02399127415597,-105.20602408521401,-80.74611467300802,-100.42805298966167,0,0,0
1,-54.42020500554855,-57.31901529846187,-39.32179548863357,-46.31439072106153,-62.75100774933889,0,0,1
1,-68.57920748993315,-71.04188863631019,-45.681992934381526,-51.97557284017638,-78.81806946744788,0,0,1
0,-70.42831012363709,-73.04731896397364,-100.9446352877982,-77.62223213202262,-100.71170070997655,0,0,0
1,-66.98985691503788,-66.98985691503788,-54.887056671509974,-46.22040414938972,-83.45597391649088,0,0,0
1,-51.78967190969394,-54.733870982029046,-37.36568399960116,-42.313165185625465,-52.60216940117511,1,1,1
0,-66.60455829208124,-70.70524167799128,-86.14863738793815,-65.45336609014845,-92.44914950846268,0,0,0
0,-75.18114582944511,-80.85026759007432,-124.71491240139001,-116.54393949451402,-112.5956195498621,0,0,0
0,-64.23959502331495,-70.21792037150381,-101.69875404198407,-66.69574929710778,-91.28348533311045,0,1,0
0,-56.70412383112861,-62.41735030695607,-87.87315083244555,-71.06025943336039,-83.06606908086228,0,0,0
1,-60.80125907119003,-64.971040985558,-62.60506533110072,-45.497332718918685,-76.11704276772052,0,0,1
0,-62.26195561658386,-65.35088852603356,-120.25964752972621,-71.96067895619866,-98.33984987550173,0,0,0
1,-69.31191557590017,-72.20251638920429,-83.41788596078173,-52.49714358181892,-94.3372813641347,0,0,0
0,-75.18114582944511,-80.85026759007432,-124.71491240139001,-116.54393949451402,-112.5956195498621,0,0,0
0,-64.23959502331495,-70.21792037150381,-101.69875404198407,-66.69574929710778,-91.28348533311045,0,1,0
0,-56.70412383112861,-62.41735030695607,-87.87315083244555,-71.06025943336039,-83.06606908086228,0,0,0
1,-60.80125907119003,-64.971040985558,-62.60506533110072,-45.497332718918685,-76.11704276772052,0,0,1
0,-62.26195561658386,-65.35088852603356,-120.25964752972621,-71.96067895619866,-98.33984987550173,0,0,0
1,-69.31191557590017,-72.20251638920429,-83.41788596078173,-52.49714358181892,-94.3372813641347,0,0,0
0,-75.18114582944511,-80.85026759007432,-124.71491240139001,-116.54393949451402,-112.5956195498621,0,0,0
0,-64.23959502331495,-70.21792037150381,-101.69875404198407,-62.404170217591854,-91.28348533311045,0,1,0
0,-54.912465654121874,-59.61674205018992,-76.16624925665582,-65.47507784655731,-77.76234043111862,0,0,0
1,-57.45622957197459,-60.072524501829285,-38.430333171669965,-40.35625426257196,-65.51959362067585,0,0,1
1,-69.31191557590017,-72.20251638920429,-83.41788596078173,-52.49714358181892,-94.3372813641347,0,0,0
0,-75.18114582944511,-80.85026759007432,-124.71491240139001,-116.54393949451402,-112.5956195498621,0,0,0
0,-64.23959502331495,-70.21792037150381,-101.69875404198407,-66.69574929710778,-91.28348533311045,0,1,0
1,-55.90809580280376,-59.058885214358526,-55.786564784073406,-48.28230964701861,-69.17832933522605,0,1,0
1,-69.31191557590017,-72.20251638920429,-83.41788596078173,-52.49714358181892,-94.3372813641347,0,0,0
0,-75.18114582944511,-80.85026759007432,-124.71491240139001,-116.54393949451402,-112.5956195498621,0,0,0
1,-68.73119713039476,-71.72564482683329,-55.7865647840734,-49.525565044741896,-82.00143066281706,0,1,0
1,-69.31191557590017,-72.20251638920429,-83.41788596078173,-52.49714358181892,-94.3372813641347,0,0,0
0,-70.74968939975194,-73.57983376949828,-110.15507568003433,-64.57315096462143,-103.79621210376224,0,0,0
1,-68.01450298461891,-68.01450298461891,-64.09749706374608,-52.64991386042291,-83.77801620094301,0,0,1
0,-60.03447572210477,-63.274404740488414,-110.35610995317916,-69.8557184125296,-89.6755728052588,0,1,0
1,-60.72376320033439,-64.80619686597477,-47.64346576298389,-44.81405137308882,-71.55106702642983,0,0,1
0,-56.817876994432645,-62.009312854681035,-89.63807070325981,-65.24791223594983,-80.24356230261087,0,0,1
0,-63.9389832109492,-69.52127899019807,-106.10550913919178,-77.21208479181904,-95.77063595270674,0,0,0
0,-65.25139936578502,-71.11578466598797,-103.80025488939403,-84.47832590932234,-96.39147583260322,0,0,0
0,-63.07625905295965,-67.71030929460083,-76.16624925665585,-61.89069473334569,-82.46039792715668,0,1,0
1,-53.53063237170075,-56.474991201435515,-37.36568399960115,-44.13097455504685,-54.343129863181915,1,1,1
0,-58.10159355172354,-60.973944644758,-101.83876674525396,-67.47155647969052,-83.16016213195918,0,2,0
1,-56.13213183867227,-60.19918821495557,-71.21450546275771,-45.12110130878796,-77.49648347749958,0,0,0
0,-63.9389832109492,-69.52127899019807,-106.10550913919178,-75.07656723959995,-95.77063595270674,0,0,0
0,-65.25139936578502,-71.11578466598797,-103.80025488939403,-84.47832590932234,-96.39147583260322,0,0,0
0,-63.07625905295965,-67.71030929460083,-76.16624925665585,-61.89069473334569,-82.46039792715668,0,1,0
1,-53.53063237170075,-56.474991201435515,-37.36568399960115,-44.13097455504685,-54.343129863181915,1,1,1
1,-55.48336643622521,-58.34034023990259,-83.41788596078172,-44.44662157022553,-80.50873222445972,0,0,0
0,-60.889282931144784,-64.80807649153702,-68.61921892042952,-72.16252076728927,-78.00931270447391,0,0,1
0,-65.25139936578502,-71.11578466598797,-103.80025488939403,-84.47832590932234,-96.39147583260322,0,0,0
0,-63.07625905295965,-67.71030929460083,-76.16624925665585,-61.89069473334569,-82.46039792715668,0,1,0
1,-53.53063237170075,-56.474991201435515,-37.36568399960115,-44.13097455504685,-54.343129863181915,1,1,1
1,-61.70573767340994,-64.41444866119626,-64.99700517630953,-42.52024801376162,-81.2048392263028,0,0,0
0,-65.25139936578502,-71.11578466598797,-103.80025488939403,-84.47832590932234,-96.39147583260322,0,0,0
0,-63.07625905295965,-67.71030929460083,-76.16624925665585,-61.89069473334569,-82.46039792715668,0,1,0
1,-53.53063237170075,-56.474991201435515,-37.36568399960115,-44.13097455504685,-54.343129863181915,1,1,1
1,-61.70573767340994,-64.41444866119626,-64.99700517630953,-43.37532659299629,-81.2048392263028,0,0,0
0,-65.25139936578502,-71.11578466598797,-103.80025488939403,-84.47832590932234,-96.39147583260322,0,0,0
1,-63.5766036651643,-66.61664636783883,-54.8951024671098,-42.16259855284495,-76.57939850249751,0,1,0
1,-61.70573767340994,-64.41444866119626,-64.99700517630953,-42.52024801376162,-81.2048392263028,0,0,0
0,-62.62692731991771,-65.92219067918886,-74.20744556854562,-62.4907737855478,-84.8891609904814,0,0,0
1,-60.09363076618137,-60.09363076618137,-64.09749706374609,-37.439671917919966,-79.3228798853052,0,0,0
1,-56.37044674275708,-59.1098269219553,-38.45556881853873,-57.32959723022353,-45.99698421494929,3,3,4
0,-76.23265011819507,-80.33285656926714,-95.772934203454,-73.13196541460329,-101.49879447643154,0,0,1
0,-71.1749607185348,-76.88195392715468,-128.43594376123667,-100.14900010398239,-109.7057438469058,0,0,0
0,-55.98884186005663,-61.92480570652782,-84.31739407334517,-72.57847603595249,-81.28406008206018,0,0,0
0,-58.695988120925044,-63.77008930195302,-66.95849332044959,-44.9918737230127,-75.3178002142602,0,0,1
1,-60.767475441003754,-65.21532163856588,-77.57737204899782,-48.210404954658614,-80.57495115290338,0,1,0
0,-59.66448707745542,-62.57219234495841,-93.19824347342843,-61.6030911626328,-87.62396011948395,0,0,0
1,-71.48378788213998,-74.32072159315247,-64.99700517630951,-54.4983937971142,-90.98288943503283,0,0,0
0,-71.1749607185348,-76.88195392715468,-128.43594376123667,-100.14900010398239,-109.7057438469058,0,0,0
0,-55.98884186005663,-61.92480570652782,-84.31739407334517,-72.57847603595249,-81.28406008206018,0,0,0
0,-58.695988120925044,-63.77008930195302,-66.95849332044959,-44.9918737230127,-75.3178002142602,0,0,1
1,-60.767475441003754,-65.21532163856588,-77.57737204899782,-48.210404954658614,-80.57495115290338,0,1,0
0,-59.66448707745542,-62.57219234495841,-93.19824347342843,-61.6030911626328,-87.62396011948395,0,0,0
1,-71.48378788213998,-74.32072159315247,-64.99700517630951,-54.4983937971142,-90.98288943503283,0,0,0
0,-71.1749607185348,-76.88195392715468,-128.43594376123667,-100.14900010398239,-109.7057438469058,0,0,0
0,-55.98884186005663,-61.92480570652782,-84.31739407334517,-72.57847603595249,-81.28406008206018,0,0,0
1,-62.62614928245141,-66.69130038371998,-75.87354782363322,-59.132457929239706,-81.92247772674165,0,1,0
0,-59.5151495072673,-62.409508720316154,-73.5143483842347,-43.290879641503466,-81.56945402253771,0,0,0
1,-71.48378788213998,-74.32072159315247,-64.99700517630951,-54.4983937971142,-90.98288943503283,0,0,0
0,-71.1749607185348,-76.88195392715468,-128.43594376123667,-100.14900010398239,-109.7057438469058,0,0,0
0,-56.790287518353104,-61.3132537253751,-69.6299459614832,-51.503461764846406,-74.21353540399834,0,1,0
1,-59.37135243194233,-61.88301654869761,-55.78656478407339,-56.63134438070973,-76.10732186716434,0,0,0
1,-71.48378788213998,-74.32072159315247,-64.99700517630951,-54.4983937971142,-90.98288943503283,0,0,0
0,-71.1749607185348,-76.88195392715468,-128.43594376123667,-100.14900010398239,-109.7057438469058,0,0,0
1,-55.73651216569193,-58.70599138820064,-46.576124391837276,-48.428322605741045,-66.24361358044338,0,0,1
1,-71.48378788213998,-74.32072159315247,-64.99700517630951,-54.4983937971142,-90.98288943503283,0,0,0
0,-75.516787715956,-78.29471690657857,-100.9446352877982,-66.43290199226416,-105.80017830229546,0,0,0
1,-72.0451712263509,-72.0451712263509,-73.3079374559822,-48.00506179343467,-90.57181656034584,0,1,0
1,-52.22425350717069,-54.97574117626823,-48.53223588086969,-42.77000766021651,-63.31818836863187,0,0,1
0,-67.86567932832459,-71.57275639793514,-95.35640863968212,-66.90377594173215,-93.0068660174295,0,0,1
0,-69.25844356553792,-73.63668455291983,-114.41646447745012,-76.17827186050609,-103.58338290877296,0,0,0
1,-53.93713613996354,-56.946880607387044,-47.95582370384805,-44.32385109055761,-55.89935000217796,1,1,2
1,-68.336370285497,-70.78017461504797,-64.10287371885374,-48.47479124154685,-84.1014964983534,0,0,1
0,-69.25844356553792,-73.63668455291983,-114.41646447745012,-80.53933400568523,-103.58338290877296,0,0,0
1,-53.93713613996354,-56.946880607387044,-47.95582370384805,-44.32385109055761,-55.89935000217796,1,1,2
1,-68.336370285497,-70.78017461504797,-64.10287371885374,-48.47479124154685,-84.1014964983534,0,0,1
0,-70.20082828130205,-73.07132840202877,-100.94463528779819,-77.31588690535621,-100.48421886764152,0,0,0
1,-70.49540461237476,-70.49540461237476,-73.3079374559822,-60.28829309949103,-92.48778584916941,0,0,0
1,-51.42033956178727,-54.33569308572431,-27.263781290401432,-39.97186011815951,-49.20226624050852,1,1,1
0,-67.26163390707738,-71.32839538066303,-77.82965931266564,-66.78383374937563,-87.14479579807735,0,0,1
0,-67.46053384642762,-72.7910774205141,-123.28311570544291,-105.1535974077875,-104.4454685580605,0,0,0
0,-56.62957713187976,-61.12279537245805,-68.61921892042955,-59.849316219254746,-73.7496069052089,0,1,0
1,-54.23841300552863,-57.305890036156754,-36.474221682637555,-42.1896917851484,-65.18067951031989,0,0,0
1,-66.67681180745743,-69.4803005409835,-64.10554285934592,-47.970554385739,-82.44273876246147,0,0,1
0,-67.46053384642762,-72.7910774205141,-123.28311570544291,-105.1535974077875,-104.4454685580605,0,0,0
0,-56.62957713187976,-61.12279537245805,-68.61921892042955,-59.849316219254746,-73.7496069052089,0,1,0
1,-54.23841300552863,-57.305890036156754,-36.474221682637555,-42.1896917851484,-65.18067951031989,0,0,0
1,-66.67681180745743,-69.4803005409835,-64.10554285934592,-47.970554385739,-82.44273876246147,0,0,1
0,-67.46053384642762,-72.7910774205141,-123.28311570544291,-105.1535974077875,-104.4454685580605,0,0,0
1,-59.22225372249421,-62.17963384883204,-48.53223588086969,-41.97423032122281,-70.3161885839554,0,1,0
1,-66.67681180745743,-69.4803005409835,-64.10554285934592,-47.970554385739,-82.44273876246147,0,0,1
0,-68.70368273394251,-71.46772218109913,-100.9446352877982,-76.63734358335095,-98.98707332028198,0,0,0
1,-59.80283315267515,-59.80283315267515,-45.676616279273844,-46.21545354457347,-73.5058180364573,0,0,0
0,-57.46379527776038,-60.508181182394495,-94.58443784205024,-63.24273658535254,-82.37339072757574,0,1,0
0,-56.08075647261,-60.544923178165746,-79.53348353803023,-48.428184494021004,-69.5435938256199,1,1,1
1,-66.1172578217855,-71.49246443762165,-100.80462258452833,-51.03597563556131,-92.89290869434429,0,0,1
0,-62.35968002786749,-68.19818571436105,-108.0616206282242,-81.33583396338463,-94.77816621633475,0,0,0
0,-72.57115264021063,-78.4602971132994,-74.06743286527575,-86.63376760770706,-91.32564659699362,0,0,1
0,-72.97362376867262,-78.83427119587293,-126.47983227220426,-112.6823413961066,-110.9175734503339,0,0,0
0,-61.77900537144815,-66.37250397752389,-88.74392393026633,-62.399848896733864,-84.93644664772833,0,1,0
1,-54.06204207447617,-57.21987417881768,-28.15524360736504,-45.40743996364992,-52.1114074482865,1,1,1
0,-57.46379527776038,-60.508181182394495,-94.58443784205024,-63.24273658535254,-82.37339072757574,0,1,0
1,-56.62296134610945,-60.851276666257405,-48.53492807994749,-56.51623987051816,-71.1834397700937,0,0,0
0,-57.40754667679203,-62.697483206330205,-87.18005364813465,-63.37787227103358,-80.0958268684327,0,1,0
0,-72.57115264021063,-78.4602971132994,-74.06743286527575,-86.63376760770706,-91.32564659699362,0,0,1
0,-72.97362376867262,-78.83427119587293,-126.47983227220426,-112.6823413961066,-110.9175734503339,0,0,0
0,-61.77900537144815,-66.37250397752389,-88.74392393026633,-62.399848896733864,-84.93644664772833,0,1,0
1,-54.06204207447617,-57.21987417881768,-28.15524360736504,-45.40743996364992,-52.1114074482865,1,1,1
0,-57.70130708990243,-60.71953983744447,-101.83876674525398,-52.14163487183509,-88.25293711347862,0,0,0
1,-54.91785919060292,-59.0609044244529,-64.99969737538731,-64.00033334462853,-74.41776840321911,0,0,0
0,-72.57115264021063,-78.4602971132994,-74.06743286527575,-86.63376760770706,-91.32564659699362,0,0,1
0,-72.97362376867262,-78.83427119587293,-126.47983227220426,-112.6823413961066,-110.9175734503339,0,0,0
0,-61.77900537144815,-66.37250397752389,-88.74392393026633,-57.90330017703359,-84.93644664772833,0,1,0
1,-54.06204207447617,-57.21987417881768,-28.15524360736504,-45.40743996364992,-52.1114074482865,1,1,1
1,-53.65097782723801,-56.58394048848207,-48.532235880869706,-46.74160738150256,-64.7449126886992,0,1,0
0,-68.6222691781062,-72.69352064822667,-50.19833813595729,-52.063520262113926,-80.21603471609366,0,0,1
0,-72.97362376867262,-78.83427119587293,-126.47983227220426,-112.6823413961066,-110.9175734503339,0,0,0
0,-61.77900537144815,-66.37250397752389,-88.74392393026633,-57.90330017703359,-84.93644664772833,0,1,0
1,-54.06204207447617,-57.21987417881768,-28.15524360736504,-45.40743996364992,-52.1114074482865,1,1,1
1,-68.97945762102937,-71.84062651854391,-73.31598325158203,-70.59639877677344,-90.97425259650397,0,0,0
0,-72.97362376867262,-78.83427119587293,-126.47983227220426,-112.6823413961066,-110.9175734503339,0,0,0
0,-61.77900537144815,-66.37250397752389,-88.74392393026633,-57.90330017703359,-84.93644664772833,0,1,0
1,-54.06204207447617,-57.21987417881768,-28.15524360736504,-45.40743996364992,-52.1114074482865,1,1,1
1,-68.97945762102937,-71.84062651854391,-73.31598325158203,-70.59639877677344,-90.97425259650397,0,0,0
0,-72.97362376867262,-78.83427119587293,-126.47983227220426,-112.6823413961066,-110.9175734503339,0,0,0
1,-63.711332219553725,-66.79708995897428,-48.53223588086969,-41.295901872455026,-74.80526708101492,0,1,0
1,-68.97945762102937,-71.84062651854391,-73.31598325158203,-68.4858785748187,-90.97425259650397,0,0,0
0,-70.11612120511658,-73.5329643027659,-113.0053186265225,-77.592585281173,-104.01771679307333,0,0,0
1,-65.45273626894777,-65.45273626894777,-54.88705667150997,-48.5834441353601,-78.45311736760104,0,1,0
1,-53.83070696404037,-56.635891294417924,-37.36568399960116,-42.135973059333246,-54.64320445552154,1,1,1
0,-74.07247587971877,-77.77904297026022,-88.74125478977417,-69.39717083124874,-100.69485231665102,0,0,0
0,-75.32586293253172,-79.68984095471981,-116.37257596648254,-83.19629238156611,-110.23763572247648,0,0,0
1,-54.00027539412487,-57.025659201596504,-55.786564784073384,-43.31434595787125,-70.73624482934689,0,0,0
1,-72.1254565725691,-74.62194109050465,-66.05898520788617,-51.88492692575029,-88.47741623213524,0,0,1
0,-75.32586293253172,-79.68984095471981,-116.37257596648254,-88.22294645276071,-110.23763572247648,0,0,0
1,-54.00027539412487,-57.025659201596504,-55.786564784073384,-43.31434595787125,-70.73624482934689,0,0,0
1,-72.1254565725691,-74.62194109050465,-66.05898520788617,-51.88492692575029,-88.47741623213524,0,0,1
0,-76.16479022703138,-79.02102738256428,-91.73419489556208,-81.3049927533348,-103.6850486957,0,0,0
1,-75.6516220933913,-75.6516220933913,-82.51837784821831,-66.24170847433582,-96.94139954505707,0,1,0
0,-56.81532414739636,-60.12110465073571,-111.04920713749009,-65.8040534415178,-90.13008628864338,0,0,0
1,-58.912803154864854,-63.21260069175676,-50.83751318925307,-43.61936716700737,-70.69832120884105,0,0,1
0,-56.764122856335504,-62.237461482470536,-87.33548559395422,-64.80617331359782,-82.96476853452177,0,0,0
0,-67.79925589636075,-73.56158484331664,-77.12312451494891,-78.15230513148413,-90.93619325084542,0,0,0
0,-69.0600638821404,-74.96855982892082,-114.96680677066257,-104.91196835444534,-103.55010591333917,0,0,0
0,-64.36154493485984,-69.04010777406188,-85.37668964889193,-58.62324698261787,-86.50881592672769,0,1,0
1,-55.569444218960236,-58.670900491933956,-28.145499787087214,-44.95102911417655,-39.8715254685749,4,4,4
0,-59.40734347878965,-62.44386827562199,-111.04920713749007,-66.46450835356902,-89.25636971723695,0,1,0
1,-57.22143287704358,-61.46691545277215,-48.534928079947505,-44.20313827606951,-68.31617539822811,0,1,0
0,-67.79925589636075,-73.56158484331664,-77.12312451494891,-78.15230513148413,-90.93619325084542,0,0,0
0,-69.0600638821404,-74.96855982892082,-114.96680677066257,-104.91196835444534,-103.55010591333917,0,0,0
0,-64.36154493485984,-69.04010777406188,-85.37668964889193,-63.100287591383434,-86.50881592672769,0,1,0
1,-55.569444218960236,-58.670900491933956,-28.145499787087214,-44.95102911417655,-39.8715254685749,4,4,4
1,-52.907354669812996,-55.88956450548199,-55.09346759976248,-43.87310702492385,-65.96965904694201,0,1,0
0,-65.0890630266765,-69.13803925690073,-103.50486900034159,-75.54555933247919,-96.14052372677898,0,0,0
0,-69.0600638821404,-74.96855982892082,-114.96680677066257,-104.91196835444534,-103.55010591333917,0,0,0
0,-64.36154493485984,-69.04010777406188,-85.37668964889193,-63.100287591383434,-86.50881592672769,0,1,0
1,-55.569444218960236,-58.670900491933956,-28.145499787087214,-44.95102911417655,-39.8715254685749,4,4,4
1,-63.323447382508576,-66.10915087267323,-55.7865647840734,-45.98199376530737,-80.0594168177306,0,0,0
0,-69.0600638821404,-74.96855982892082,-114.96680677066257,-104.91196835444534,-103.55010591333917,0,0,0
0,-64.36154493485984,-69.04010777406188,-85.37668964889193,-58.62324698261787,-86.50881592672769,0,1,0
1,-55.569444218960236,-58.670900491933956,-28.145499787087214,-44.95102911417655,-39.8715254685749,4,4,4
1,-63.323447382508576,-66.10915087267323,-55.7865647840734,-45.98199376530737,-80.0594168177306,0,0,0
0,-69.0600638821404,-74.96855982892082,-114.96680677066257,-100.92273564271511,-103.55010591333917,0,0,0
1,-65.84015998000007,-68.98288470496166,-66.95311666534192,-43.756584985642476,-82.46035907680292,0,1,0
1,-63.323447382508576,-66.10915087267323,-55.7865647840734,-46.918926086301035,-80.0594168177306,0,0,0
0,-66.02560366512793,-69.45626237135147,-75.27209474061443,-66.44682204544111,-88.60723208731227,0,0,0
1,-64.83730649993308,-64.83730649993308,-54.88705667150999,-50.39703874144661,-81.30342350138608,0,0,0
1,-53.71252712819212,-56.46314371848138,-30.102694288887772,-43.267128327909994,-40.83320224148905,3,3,4
0,-70.17603970852649,-74.27624615959856,-104.98337459569011,-67.42139228168439,-101.67105208723352,0,0,0
0,-66.97443558553208,-72.70326100732555,-128.43594376123667,-82.88850835246977,-105.50521871390308,0,0,0
0,-55.81420588396848,-61.88218231994317,-92.48831364974797,-72.38642906432375,-83.56069997889287,0,0,0
1,-59.371926918768764,-64.6678936213505,-53.69044059177111,-44.95397886212275,-72.01332319350037,0,1,0
0,-61.83042434227483,-67.50004609109844,-115.9209975729258,-69.8735668640424,-96.60672361415257,0,0,0
0,-71.09732464926827,-76.55637794952128,-128.43594376123667,-102.06106529336448,-109.62810777763927,0,0,0
0,-66.13550606265576,-70.8734043572878,-89.63538624722995,-65.30563954252432,-93.02612193682475,0,0,0
1,-55.79181420572036,-58.80062827270182,-36.474221682637555,-46.52443366655776,-56.33687300211244,1,1,1
1,-68.60876627761158,-71.44569998862407,-37.36568399960116,-51.1688657447283,-76.3527355746922,0,0,1
0,-66.97443558553208,-72.70326100732555,-128.43594376123667,-82.88850835246977,-105.50521871390308,0,0,0
0,-55.81420588396848,-61.88218231994317,-92.48831364974797,-72.38642906432375,-83.56069997889287,0,0,0
1,-59.371926918768764,-64.6678936213505,-53.69044059177111,-44.95397886212275,-72.01332319350037,0,1,0
0,-61.83042434227483,-67.50004609109844,-115.9209975729258,-69.8735668640424,-96.60672361415257,0,0,0
0,-71.09732464926827,-76.55637794952128,-128.43594376123667,-96.97526853068567,-109.62810777763927,0,0,0
0,-66.13550606265576,-70.8734043572878,-89.63538624722995,-69.10614523455935,-93.02612193682475,0,0,0
1,-55.79181420572036,-58.80062827270182,-36.474221682637555,-46.52443366655776,-56.33687300211244,1,1,1
1,-68.60876627761158,-71.44569998862407,-37.36568399960116,-51.1688657447283,-76.3527355746922,0,0,1
0,-66.97443558553208,-72.70326100732555,-128.43594376123667,-78.99665780460246,-105.50521871390308,0,0,0
0,-55.27272749629292,-61.03355199741483,-90.70538901582076,-63.684948856794286,-82.48434420103915,0,0,0
1,-52.86195660483246,-58.15998810466014,-48.540281676469505,-46.40936134573114,-63.95830520497358,0,0,1
0,-71.09732464926827,-76.55637794952128,-128.43594376123667,-96.97526853068567,-109.62810777763927,0,0,0
0,-66.13550606265576,-70.8734043572878,-89.63538624722995,-65.30563954252432,-93.02612193682475,0,0,0
1,-55.79181420572036,-58.80062827270182,-36.474221682637555,-46.52443366655776,-56.33687300211244,1,1,1
1,-68.60876627761158,-71.44569998862407,-37.36568399960116,-51.1688657447283,-76.3527355746922,0,0,1
0,-66.97443558553208,-72.70326100732555,-128.43594376123667,-82.88850835246977,-105.50521871390308,0,0,0
1,-52.28857496373579,-58.05146426210364,-47.847184492158604,-50.12905581052914,-63.176994408583646,0,1,0
0,-63.3073240795307,-68.36329353624924,-116.37792956300453,-98.90615676008501,-98.22070294843206,0,0,0
0,-66.13550606265576,-70.8734043572878,-89.63538624722995,-64.35549970824026,-93.02612193682475,0,0,0
1,-55.79181420572036,-58.80062827270182,-36.474221682637555,-46.52443366655776,-56.33687300211244,1,1,1
1,-68.60876627761158,-71.44569998862407,-37.36568399960116,-51.1688657447283,-76.3527355746922,0,0,1
0,-67.88864819410075,-73.45998746058247,-100.80462258452835,-67.56205331045065,-98.13003496945926,0,0,0
0,-63.54659167427351,-69.06741892953222,-95.49903172340717,-75.53040613718774,-92.19630119129566,0,0,0
0,-66.13550606265576,-70.8734043572878,-89.63538624722995,-64.35549970824026,-93.02612193682475,0,0,0
1,-55.79181420572036,-58.80062827270182,-36.474221682637555,-46.52443366655776,-56.33687300211244,1,1,1
1,-68.60876627761158,-71.44569998862407,-37.36568399960116,-51.1688657447283,-76.3527355746922,0,0,1
0,-67.88864819410075,-73.45998746058247,-100.80462258452835,-67.56205331045065,-98.13003496945926,0,0,0
0,-63.54659167427351,-69.06741892953222,-95.49903172340717,-75.01308964260555,-92.19630119129566,0,0,0
1,-67.91828500267533,-71.11744662758541,-92.62832635301785,-65.162262659514,-95.70678290858069,0,0,0
1,-68.60876627761158,-71.44569998862407,-37.36568399960116,-51.1688657447283,-76.3527355746922,0,0,1
0,-67.88864819410075,-73.45998746058247,-100.80462258452835,-67.56205331045065,-98.13003496945926,0,0,0
0,-59.54103517181475,-62.51051439432346,-101.80487029087553,-61.33035893343811,-90.0824962590774,0,0,0
1,-68.559513490315,-71.35292356617414,-54.895102467109794,-48.862304060807126,-85.02804423044793,0,0,0
0,-59.54103517181475,-62.51051439432346,-101.80487029087553,-61.33035893343811,-90.0824962590774,0,0,0
1,-63.1097514415181,-63.1097514415181,-64.09749706374609,-56.014195918428136,-78.8732646578422,0,1,0
0,-57.32896959265798,-60.30198750369446,-92.99987834077575,-64.50920248617892,-85.2289330948907,0,0,0
0,-58.00500206492576,-62.411299963828625,-75.4731520723449,-47.34567442167976,-80.64694768662923,0,0,0
1,-62.79708632184211,-68.11391998887679,-55.79194143918105,-43.35738521469066,-79.53466875359642,0,0,0
0,-61.64105404931122,-67.5125738318536,-108.25998576087689,-67.65272619544406,-94.11904977757429,0,0,0
0,-72.21298802011317,-78.06875775962219,-99.74264255295168,-88.79240157082435,-102.13578078599868,0,0,0
0,-71.29789791590386,-77.15993360883863,-124.17724716289868,-106.45686878602544,-108.55107206477346,0,0,0
0,-61.442538849014554,-66.07414158633208,-66.95580886441974,-56.96450191896423,-81.52928150834047,0,0,0
1,-53.392762605474985,-56.52686072050173,-37.36568399960116,-43.72261538044263,-64.60246780535533,0,0,0
0,-57.32896959265798,-60.30198750369446,-92.99987834077575,-64.50920248617892,-85.2289330948907,0,0,0
1,-58.642659438642504,-62.80871228180584,-69.6299459614832,-59.22376646653353,-79.53164322708747,0,0,0
0,-62.71724929672246,-68.08448779359452,-87.62086356877772,-55.67133101640192,-89.00350836735578,0,0,0
0,-72.21298802011317,-78.06875775962219,-99.74264255295168,-88.79240157082435,-102.13578078599868,0,0,0
0,-71.29789791590386,-77.15993360883863,-124.17724716289868,-106.45686878602544,-108.55107206477346,0,0,0
0,-61.442538849014554,-66.07414158633208,-66.95580886441974,-61.173376899302816,-81.52928150834047,0,0,0
1,-53.392762605474985,-56.52686072050173,-37.36568399960116,-43.72261538044263,-64.60246780535533,0,0,0
0,-62.9929321599321,-65.89571226303586,-85.37399744981414,-53.78373137011618,-88.60513139487634,0,0,0
1,-59.6042030177973,-63.82066069079802,-59.40877852819342,-73.69425521617374,-77.42683657625533,0,0,0
0,-72.21298802011317,-78.06875775962219,-99.74264255295168,-88.79240157082435,-102.13578078599868,0,0,0
0,-71.29789791590386,-77.15993360883863,-124.17724716289868,-106.45686878602544,-108.55107206477346,0,0,0
0,-61.442538849014554,-66.07414158633208,-66.95580886441974,-61.173376899302816,-81.52928150834047,0,0,0
1,-53.392762605474985,-56.52686072050173,-37.36568399960116,-43.72261538044263,-64.60246780535533,0,0,0
1,-59.46513549747074,-62.41832043041188,-64.99700517630951,-47.20109396300492,-75.49850114756387,0,0,1
0,-71.322830348451,-75.48802223049553,-87.04009970490175,-56.89904685769414,-97.43486025992154,0,0,0
0,-71.29789791590386,-77.15993360883863,-124.17724716289868,-106.45686878602544,-108.55107206477346,0,0,0
0,-61.442538849014554,-66.07414158633208,-66.95580886441974,-56.96450191896423,-81.52928150834047,0,0,0
1,-53.392762605474985,-56.52686072050173,-37.36568399960116,-43.72261538044263,-64.60246780535533,0,0,0
1,-69.63582165833581,-72.53774080032078,-66.95311666534192,-73.27019217223736,-79.3245489495392,1,1,1
0,-71.29789791590386,-77.15993360883863,-124.17724716289868,-106.45686878602544,-108.55107206477346,0,0,0
0,-61.442538849014554,-66.07414158633208,-66.95580886441974,-56.96450191896423,-81.52928150834047,0,0,0
1,-53.392762605474985,-56.52686072050173,-37.36568399960116,-43.72261538044263,-64.60246780535533,0,0,0
1,-69.63582165833581,-72.53774080032078,-66.95311666534192,-73.27019217223736,-79.3245489495392,1,1,1
0,-71.29789791590386,-77.15993360883863,-124.17724716289868,-106.45686878602544,-108.55107206477346,0,0,0
1,-62.857794654302076,-65.89538985265294,-38.430333171669965,-40.89093219482245,-70.92115870300334,0,1,0
1,-69.63582165833581,-72.53774080032078,-66.95311666534192,-73.5602926315424,-79.3245489495392,1,1,1
0,-68.39161900453767,-71.68453275654063,-113.00531862652251,-77.91030878734729,-102.29321459249442,0,0,0
1,-66.97763484629432,-66.97763484629432,-64.0974970637461,-48.90606824874743,-82.74114806261844,0,0,1
0,-52.909369052878425,-56.059293056072505,-93.69297552508665,-62.27434204330085,-81.01726171040443,0,0,0
1,-55.5374484936301,-59.67633443538201,-70.32304314579413,-40.85014033029981,-73.16862553456862,0,0,1
0,-56.764122856335504,-62.01126821820449,-88.74660838629619,-64.4522598512992,-83.38810537222436,0,0,0
0,-70.3461846897494,-75.7947488655191,-86.33356490718506,-78.39919758218697,-96.24625416190493,0,0,0
0,-72.49941416605033,-78.24439192026182,-124.17724716289868,-101.28828443968335,-109.75258831491993,0,0,0
0,-65.47307068400087,-70.0391385924103,-94.29442860810543,-58.05138134527316,-90.29566336363278,0,1,0
1,-56.576113330392225,-59.55306245301264,-27.263781290401432,-46.23372867856117,-54.35804000911348,1,1,1
0,-57.599093551400735,-60.52328859582584,-113.00531862652248,-67.81477144322736,-91.50068913935748,0,0,0
1,-57.06204283093827,-61.16496766155734,-75.87354782363323,-45.13166610818224,-79.82410717802824,0,0,0
0,-70.3461846897494,-75.7947488655191,-86.33356490718506,-78.39919758218697,-96.24625416190493,0,0,0
0,-72.49941416605033,-78.24439192026182,-124.17724716289868,-101.28828443968335,-109.75258831491993,0,0,0
0,-65.47307068400087,-70.0391385924103,-94.29442860810543,-62.981785369170446,-90.29566336363278,0,1,0
1,-56.576113330392225,-59.55306245301264,-27.263781290401432,-46.23372867856117,-54.35804000911348,1,1,1
1,-50.283670499657795,-53.171904432950065,-36.474221682637555,-41.86758813350556,-57.760201101649336,0,1,0
0,-67.66944656328378,-71.57076063894563,-86.14863738793815,-84.13784371285463,-93.51403777966523,0,0,0
0,-72.49941416605033,-78.24439192026182,-124.17724716289868,-101.28828443968335,-109.75258831491993,0,0,0
0,-65.47307068400087,-70.0391385924103,-94.29442860810543,-58.05138134527316,-90.29566336363278,0,1,0
1,-56.576113330392225,-59.55306245301264,-27.263781290401432,-46.23372867856117,-54.35804000911348,1,1,1
1,-65.91675407475103,-68.60337725308607,-54.895102467109794,-43.58681530495525,-82.38528481488396,0,0,0
0,-72.49941416605033,-78.24439192026182,-124.17724716289868,-101.28828443968335,-109.75258831491993,0,0,0
0,-65.47307068400087,-70.0391385924103,-94.29442860810543,-62.981785369170446,-90.29566336363278,0,1,0
1,-56.576113330392225,-59.55306245301264,-27.263781290401432,-46.23372867856117,-54.35804000911348,1,1,1
1,-65.91675407475103,-68.60337725308607,-54.895102467109794,-43.58681530495525,-82.38528481488396,0,0,0
0,-72.49941416605033,-78.24439192026182,-124.17724716289868,-101.28828443968335,-109.75258831491993,0,0,0
1,-69.44562571553449,-72.47295695422196,-57.742676273105815,-49.385026383598024,-83.3026926946665,0,1,0
1,-65.91675407475103,-68.60337725308607,-54.895102467109794,-44.89544062724645,-82.38528481488396,0,0,0
0,-66.15484938368996,-69.34847910515145,-91.73686403605426,-63.92598979697188,-93.67590859450624,0,0,0
1,-58.7310414959654,-58.7310414959654,-54.193959487199045,-37.129589577862426,-74.98922934212511,0,0,0
1,-52.45959609864744,-55.36087791852866,-46.57612439183729,-42.61140066879145,-62.96669751339889,0,0,1
0,-72.60377862659743,-76.70183555554401,-78.46883436596141,-69.62888664153571,-96.14442893638585,0,0,0
0,-70.64046068948161,-75.97511137195613,-116.57629469565724,-83.33469740300526,-105.61334909817879,0,0,0
1,-51.92236303198483,-57.60851130750059,-59.706833557738044,-44.055861265074306,-66.36867719650652,0,1,0
0,-68.79569253044795,-73.80044737341395,-116.37792956300456,-81.76840194356332,-103.70907139934931,0,0,0
0,-74.58528142083085,-79.50488518307077,-98.84582663946605,-86.8061917264978,-100.77329350987095,0,1,0
1,-59.491914562803814,-62.38435149169083,-36.474221682637555,-50.347197190043474,-60.0369733591959,1,1,1
1,-70.79027471855422,-73.67824907489486,-64.10554285934592,-50.87044180439007,-90.02193757635798,0,0,0
0,-70.64046068948161,-75.97511137195613,-116.57629469565724,-83.33469740300526,-105.61334909817879,0,0,0
1,-51.92236303198483,-57.60851130750059,-59.706833557738044,-44.055861265074306,-66.36867719650652,0,1,0
0,-68.79569253044795,-73.80044737341395,-116.37792956300456,-84.30828119716917,-103.70907139934931,0,0,0
0,-74.58528142083085,-79.50488518307077,-98.84582663946605,-86.8061917264978,-100.77329350987095,0,1,0
1,-59.491914562803814,-62.38435149169083,-36.474221682637555,-48.048234929572864,-60.0369733591959,1,1,1
1,-70.79027471855422,-73.67824907489486,-64.10554285934592,-50.87044180439007,-90.02193757635798,0,0,0
0,-70.90034161448047,-76.18818838979064,-133.38768755513482,-85.65909603346353,-110.91664788102091,0,0,0
0,-66.80923454363298,-72.28922603055216,-108.05895148773205,-83.04344887098354,-99.22691998995259,0,0,0
0,-74.58528142083085,-79.50488518307077,-98.84582663946605,-86.8061917264978,-100.77329350987095,0,1,0
1,-59.491914562803814,-62.38435149169083,-36.474221682637555,-48.048234929572864,-60.0369733591959,1,1,1
1,-70.79027471855422,-73.67824907489486,-64.10554285934592,-50.87044180439007,-90.02193757635798,0,0,0
0,-70.90034161448047,-76.18818838979064,-133.38768755513482,-85.65909603346353,-110.91664788102091,0,0,0
0,-66.80923454363298,-72.28922603055216,-108.05895148773205,-83.04344887098354,-99.22691998995259,0,0,0
1,-73.35024003489522,-76.73110712741318,-64.99700517630951,-63.51564923193836,-89.38360568498835,0,1,0
1,-70.79027471855422,-73.67824907489486,-64.10554285934592,-50.87044180439007,-90.02193757635798,0,0,0
0,-70.90034161448047,-76.18818838979064,-133.38768755513482,-85.65909603346353,-110.91664788102091,0,0,0
0,-65.7142640860751,-68.73157442661724,-109.46464763621557,-69.9149181198564,-98.55365837693978,0,0,0
1,-68.06969297536095,-70.73853091033457,-92.62832635301785,-52.06083408303704,-95.85819088126631,0,0,0
0,-65.7142640860751,-68.73157442661724,-109.46464763621557,-69.9149181198564,-98.55365837693978,0,0,0
1,-68.84291113377427,-68.84291113377427,-73.30793745598221,-51.44167494478569,-87.36955646776921,0,0,1
0,-55.907153297226536,-58.79814779537263,-92.62832635301785,-63.50346521201333,-83.69565120313189,0,0,0
0,-59.86064081530906,-64.17006204395037,-84.48522733192833,-47.240687150631835,-85.20620901488756,0,0,0
1,-61.70009979556029,-66.86921533914716,-54.90047912221745,-47.27194435080132,-67.77303582382635,1,1,1
0,-62.081637144121196,-67.6697136284428,-115.88586665183848,-70.16781298671117,-96.84739713967274,0,0,0
0,-74.44630459918727,-79.86975654666001,-88.74660838629619,-91.12987581454884,-97.6045512122764,0,0,1
0,-68.27113855040733,-73.05077460309401,-95.99825283347005,-74.65287971647246,-97.07061440044833,0,0,0
1,-51.62015706336176,-54.621473788193846,-38.74215954513228,-41.240896394654875,-59.77706902410171,0,1,0
0,-55.907153297226536,-58.79814779537263,-92.62832635301785,-63.50346521201333,-83.69565120313189,0,0,0
1,-60.01273567993356,-64.03763069227053,-60.047953581489196,-56.83686271563113,-78.02712175438032,0,0,0
0,-59.08683414277756,-64.23264530186172,-62.00674952655147,-51.865679472937074,-74.22312309794329,0,0,1
0,-74.44630459918727,-79.86975654666001,-88.74660838629619,-91.12987581454884,-97.6045512122764,0,0,1
0,-68.27113855040733,-73.05077460309401,-95.99825283347005,-70.42366061073398,-97.07061440044833,0,0,0
1,-51.62015706336176,-54.621473788193846,-38.74215954513228,-41.240896394654875,-59.77706902410171,0,1,0
0,-57.34255797113814,-60.1527620861483,-94.58443784205025,-51.653081312415026,-82.25215342095349,0,1,0
1,-59.42781209628958,-63.429402724123825,-39.324487687711375,-63.904784909139686,-71.22515840260299,0,0,0
0,-74.44630459918727,-79.86975654666001,-88.74660838629619,-91.12987581454884,-97.6045512122764,0,0,1
0,-68.27113855040733,-73.05077460309401,-95.99825283347005,-70.42366061073398,-97.07061440044833,0,0,0
1,-51.62015706336176,-54.621473788193846,-38.74215954513228,-41.17967535750913,-59.77706902410171,0,1,0
1,-50.85959673138314,-53.646496461890585,-59.81547276942749,-46.1161618052905,-63.311177118870845,0,2,0
0,-68.33647855638262,-72.12899480192407,-77.57470290850566,-64.84838016301688,-88.14315352613458,0,0,1
0,-68.27113855040733,-73.05077460309401,-95.99825283347005,-70.42366061073398,-97.07061440044833,0,0,0
1,-51.62015706336176,-54.621473788193846,-38.74215954513228,-41.240896394654875,-59.77706902410171,0,1,0
1,-69.07091669097517,-71.64874203918981,-91.73419489556208,-77.05204005132653,-96.5911751596438,0,0,0
0,-68.27113855040733,-73.05077460309401,-95.99825283347005,-70.42366061073398,-97.07061440044833,0,0,0
1,-51.62015706336176,-54.621473788193846,-38.74215954513228,-41.17967535750913,-59.77706902410171,0,1,0
1,-69.07091669097517,-71.64874203918981,-91.73419489556208,-77.05204005132653,-96.5911751596438,0,0,0
0,-70.8904088144169,-74.13420675286312,-100.94730442829037,-80.14073311406514,-101.17460014290401,0,0,0
1,-70.9990045046384,-70.9990045046384,-73.3079374559822,-50.84915653231222,-92.99138574143306,0,0,0
0,-59.94059827251051,-63.1993151945128,-103.79487823428637,-68.5884951306495,-91.07906174279643,0,0,0
1,-59.191184713335886,-63.36439377498323,-49.94605087228946,-45.119948695721924,-63.77779226662355,1,1,1
0,-56.84915837256939,-62.12602717674681,-98.15541391118501,-66.32978186851867,-86.2957825459249,0,0,0
0,-77.05586306161376,-82.6836627297528,-115.44339167924196,-95.00026469493388,-111.68888056538634,0,0,0
0,-70.47446411631125,-76.49790010312694,-106.71055718068969,-103.26921943521654,-102.48763127051816,0,0,0
0,-57.58910644740805,-63.64743442630255,-92.488313649748,-71.08414695946756,-85.33560054233244,0,0,0
0,-57.20761184259337,-62.30477890218588,-96.54592598619033,-45.27976072122865,-86.17138963845048,0,0,0
1,-59.292316990762146,-63.690145654040165,-75.47315207234493,-45.92895497989107,-76.44120116912508,0,0,2
0,-63.51664334708604,-66.39489532743532,-111.04920713749009,-73.6325765697381,-96.83140548833306,0,0,0
0,-63.09668265673033,-66.04111539138586,-119.3681852127626,-67.58419906066803,-98.9071382205591,0,0,0
1,-57.91574490925147,-62.05683956701269,-73.51704058331251,-47.608237183267356,-76.5051211814455,0,0,1
0,-77.05586306161376,-82.6836627297528,-115.44339167924196,-95.00026469493388,-111.68888056538634,0,0,0
0,-70.47446411631125,-76.49790010312694,-106.71055718068969,-103.26921943521654,-102.48763127051816,0,0,0
0,-57.58910644740805,-63.64743442630255,-92.488313649748,-71.08414695946756,-85.33560054233244,0,0,0
0,-57.20761184259337,-62.30477890218588,-96.54592598619033,-45.27976072122865,-86.17138963845048,0,0,0
1,-59.292316990762146,-63.690145654040165,-75.47315207234493,-45.92895497989107,-76.44120116912508,0,0,2
0,-63.51664334708604,-66.39489532743532,-111.04920713749009,-73.6325765697381,-96.83140548833306,0,0,0
1,-53.67262851041277,-56.584946841182166,-47.95582370384805,-43.236803871726316,-62.566314178226634,0,2,0
0,-73.0414404787704,-77.10082623763331,-93.40296629114184,-87.55857710177025,-101.06233036611295,0,0,0
0,-70.47446411631125,-76.49790010312694,-106.71055718068969,-103.26921943521654,-102.48763127051816,0,0,0
0,-57.58910644740805,-63.64743442630255,-92.488313649748,-71.08414695946756,-85.33560054233244,0,0,0
0,-57.20761184259337,-62.30477890218588,-96.54592598619033,-45.27976072122865,-86.17138963845048,0,0,0
1,-59.292316990762146,-63.690145654040165,-75.47315207234493,-45.92895497989107,-76.44120116912508,0,0,2
0,-63.51664334708604,-66.39489532743532,-111.04920713749009,-73.6325765697381,-96.83140548833306,0,0,0
1,-72.33921474884534,-75.16982418071643,-82.52642364381815,-51.73412610612199,-97.09714184199078,0,0,0
0,-70.47446411631125,-76.49790010312694,-106.71055718068969,-103.26921943521654,-102.48763127051816,0,0,0
0,-57.58910644740805,-63.64743442630255,-92.488313649748,-71.08414695946756,-85.33560054233244,0,0,0
0,-57.20761184259337,-62.30477890218588,-96.54592598619033,-45.27976072122865,-86.17138963845048,0,0,0
1,-59.292316990762146,-63.690145654040165,-75.47315207234493,-45.92895497989107,-76.44120116912508,0,0,2
0,-63.51664334708604,-66.39489532743532,-111.04920713749009,-73.6325765697381,-96.83140548833306,0,0,0
1,-72.33921474884534,-75.16982418071643,-82.52642364381815,-51.73412610612199,-97.09714184199078,0,0,0
0,-70.47446411631125,-76.49790010312694,-106.71055718068969,-103.26921943521654,-102.48763127051816,0,0,0
0,-57.58910644740805,-63.64743442630255,-92.488313649748,-71.08414695946756,-85.33560054233244,0,0,0
1,-57.11746204480428,-61.19827241111519,-88.45122249724372,-55.33754216021104,-83.65282879397739,0,0,0
0,-61.89655778141296,-64.75564977496902,-83.41788596078175,-62.32120020133562,-86.92192356964748,0,0,0
1,-72.33921474884534,-75.16982418071643,-82.52642364381815,-51.73412610612199,-97.09714184199078,0,0,0
0,-70.47446411631125,-76.49790010312694,-106.71055718068969,-103.26921943521654,-102.48763127051816,0,0,0
0,-58.29022208397033,-62.89340336754279,-70.52140827844681,-53.459596287390404,-75.98090866470464,0,1,0
1,-59.52612982997524,-62.0682035265642,-45.684662074873664,-69.99717698403622,-69.76579254963762,0,0,1
1,-72.33921474884534,-75.16982418071643,-82.52642364381815,-51.73412610612199,-97.09714184199078,0,0,0
0,-70.47446411631125,-76.49790010312694,-106.71055718068969,-103.26921943521654,-102.48763127051816,0,0,0
1,-57.02795129659777,-60.092395910448275,-48.53223588086969,-49.779485189214576,-71.58762206085868,0,0,0
1,-72.33921474884534,-75.16982418071643,-82.52642364381815,-51.73412610612199,-97.09714184199078,0,0,0
0,-75.01988998408407,-78.14512332322467,-111.04920713749009,-67.33555401236929,-108.3346521253311,0,0,0
1,-72.8108745967917,-72.8108745967917,-91.72881824045442,-62.24132225461972,-100.32952006892803,0,0,0
1,-49.743321087630115,-52.51327129154393,-46.57612439183729,-42.61943030233358,-60.250422502381575,0,1,0
0,-69.20522418028953,-73.32297143128153,-97.45963227084421,-71.72328518213699,-94.97737795874308,0,0,1
0,-69.81767705473956,-75.46981890728462,-128.43594376123667,-81.78629085845475,-108.34846018311056,0,0,0
0,-56.467141600293,-62.448316928662976,-87.33815473444639,-68.38089784464256,-82.66858802062691,0,0,0
0,-57.22879523167691,-62.37280578878768,-70.32572760182397,-44.93217962940033,-74.86077760942437,0,0,1
1,-57.51204994700177,-61.93673157063205,-69.25839397372529,-44.19138542805531,-74.82383223631963,0,0,1
0,-61.902703827610175,-64.7645233888246,-99.56111005966855,-64.56824753612331,-91.77103684551074,0,0,0
1,-67.21052173599844,-70.11818641438452,-76.16355705757802,-48.91951242901611,-90.05958885327185,0,0,0
0,-69.81767705473956,-75.46981890728462,-128.43594376123667,-86.29311954725186,-108.34846018311056,0,0,0
0,-56.467141600293,-62.448316928662976,-87.33815473444639,-68.38089784464256,-82.66858802062691,0,0,0
0,-57.22879523167691,-62.37280578878768,-70.32572760182397,-44.93217962940033,-74.86077760942437,0,0,1
1,-57.51204994700177,-61.93673157063205,-69.25839397372529,-44.19138542805531,-74.82383223631963,0,0,1
0,-61.902703827610175,-64.7645233888246,-99.56111005966855,-64.56824753612331,-91.77103684551074,0,0,0
1,-67.21052173599844,-70.11818641438452,-76.16355705757802,-48.91951242901611,-90.05958885327185,0,0,0
0,-69.81767705473956,-75.46981890728462,-128.43594376123667,-81.78629085845475,-108.34846018311056,0,0,0
0,-56.467141600293,-62.448316928662976,-87.33815473444639,-68.38089784464256,-82.66858802062691,0,0,0
1,-60.2051282789061,-64.30619160990716,-76.93819699570201,-59.09732461195127,-83.28658737761671,0,0,0
0,-59.52596041752766,-62.356634502191284,-73.5143483842347,-57.13190319551828,-81.58026493279807,0,0,0
1,-67.21052173599844,-70.11818641438452,-76.16355705757802,-48.91951242901611,-90.05958885327185,0,0,0
0,-69.81767705473956,-75.46981890728462,-128.43594376123667,-81.78629085845475,-108.34846018311056,0,0,0
0,-57.03403669884192,-61.58222668933231,-56.5612047221974,-49.66912599317681,-74.00239811550114,0,0,0
1,-56.60672910499386,-59.11378489702826,-66.95311666534192,-57.66204754837464,-76.69266410459643,0,0,0
1,-67.21052173599844,-70.11818641438452,-76.16355705757802,-48.91951242901611,-90.05958885327185,0,0,0
0,-69.81767705473956,-75.46981890728462,-128.43594376123667,-86.29311954725186,-108.34846018311056,0,0,0
1,-55.72627317356339,-58.68045562508712,-55.786564784073384,-48.37463526411894,-72.4622426087854,0,0,0
1,-67.21052173599844,-70.11818641438452,-76.16355705757802,-48.91951242901611,-90.05958885327185,0,0,0
0,-73.72124931836211,-76.4588227580043,-110.15507568003433,-68.85108546362964,-106.76777202237241,0,0,0
1,-72.64282711977944,-72.64282711977944,-82.51837784821831,-48.79325503909159,-97.39834047424493,0,0,0
0,-55.97495004559962,-59.17807131162533,-94.58443784205026,-66.60176828261193,-80.88454549541497,0,1,0
1,-62.68770502803593,-66.8801081184514,-57.745368472183614,-45.050104263563604,-80.011315569691,0,0,0
0,-59.25229605386892,-64.60440698660317,-88.51232588574133,-65.23858144916356,-85.80599381959132,0,0,0
0,-69.19140239219463,-74.94683500837989,-90.53220216071557,-83.20184953406961,-96.3510630404093,0,0,0
0,-71.94616045848656,-78.13764138991665,-120.1196348264563,-112.09552443577023,-107.98205090642345,0,0,0
0,-63.20499058639419,-69.27382656900222,-90.53220216071556,-63.51650297069219,-86.89891533180914,0,1,0
0,-55.7849210823687,-61.55641798157848,-124.40054071927152,-68.39547303726654,-93.10508329815015,0,0,0
1,-58.235908278668575,-62.419775622701565,-50.83751318925307,-44.45546053254279,-70.02142633264478,0,0,1
0,-62.26195561658386,-65.31729181448534,-122.21575901875862,-71.90489340170143,-95.46094741941172,0,1,0
0,-58.344939736399986,-61.32265192948866,-112.11385630955888,-67.75488820723243,-91.97909662926764,0,0,0
1,-58.074002750966486,-62.242657396071294,-75.87354782363322,-45.95673939128037,-80.83606709805645,0,0,0
0,-69.19140239219463,-74.94683500837989,-90.53220216071557,-83.20184953406961,-96.3510630404093,0,0,0
0,-71.94616045848656,-78.13764138991665,-120.1196348264563,-114.32125093135288,-107.98205090642345,0,0,0
0,-63.20499058639419,-69.27382656900222,-90.53220216071556,-63.51650297069219,-86.89891533180914,0,1,0
0,-55.7849210823687,-61.55641798157848,-124.40054071927152,-68.39547303726654,-93.10508329815015,0,0,0
1,-58.235908278668575,-62.419775622701565,-50.83751318925307,-44.45546053254279,-70.02142633264478,0,0,1
0,-62.26195561658386,-65.31729181448534,-122.21575901875862,-71.90489340170143,-95.46094741941172,0,1,0
1,-56.27824897330127,-59.23221272107927,-46.57612439183729,-47.67076765823317,-66.78535038805273,0,1,0
0,-67.65348957639385,-71.7812178186899,-96.25054009713786,-101.44536084912693,-93.06291570273548,0,0,1
0,-71.94616045848656,-78.13764138991665,-120.1196348264563,-114.32125093135288,-107.98205090642345,0,0,0
0,-63.20499058639419,-69.27382656900222,-90.53220216071556,-63.51650297069219,-86.89891533180914,0,1,0
0,-55.7849210823687,-61.55641798157848,-124.40054071927152,-68.39547303726654,-93.10508329815015,0,0,0
1,-58.235908278668575,-62.419775622701565,-50.83751318925307,-44.45546053254279,-70.02142633264478,0,0,1
0,-62.26195561658386,-65.31729181448534,-122.21575901875862,-59.33792025763933,-95.46094741941172,0,1,0
1,-66.96075640224035,-69.87379374720959,-66.95311666534192,-47.103525191888,-87.04669140184292,0,0,0
0,-71.94616045848656,-78.13764138991665,-120.1196348264563,-114.32125093135288,-107.98205090642345,0,0,0
0,-63.20499058639419,-69.27382656900222,-90.53220216071556,-67.39998995105101,-86.89891533180914,0,1,0
0,-55.7849210823687,-61.55641798157848,-124.40054071927152,-68.39547303726654,-93.10508329815015,0,0,0
1,-58.235908278668575,-62.419775622701565,-50.83751318925307,-44.45546053254279,-70.02142633264478,0,0,1
0,-62.26195561658386,-65.31729181448534,-122.21575901875862,-71.90489340170143,-95.46094741941172,0,1,0
1,-66.96075640224035,-69.87379374720959,-66.95311666534192,-47.103525191888,-87.04669140184292,0,0,0
0,-71.94616045848656,-78.13764138991665,-120.1196348264563,-114.32125093135288,-107.98205090642345,0,0,0
0,-63.20499058639419,-69.27382656900222,-90.53220216071556,-63.51650297069219,-86.89891533180914,0,1,0
0,-55.61330872586102,-60.29331580019463,-94.58713004112806,-66.27314263747517,-80.52371183539971,0,1,0
1,-59.08519277455242,-61.71557313407212,-36.474221682637555,-41.914887410685836,-66.56172337654397,0,0,1
1,-66.96075640224035,-69.87379374720959,-66.95311666534192,-47.103525191888,-87.04669140184292,0,0,0
0,-71.94616045848656,-78.13764138991665,-120.1196348264563,-114.32125093135288,-107.98205090642345,0,0,0
0,-63.20499058639419,-69.27382656900222,-90.53220216071556,-63.51650297069219,-86.89891533180914,0,1,0
1,-55.22770857167296,-58.354228661493295,-66.26001948103102,-47.9817660708215,-71.63997851318256,0,1,0
1,-66.96075640224035,-69.87379374720959,-66.95311666534192,-47.103525191888,-87.04669140184292,0,0,0
0,-71.94616045848656,-78.13764138991665,-120.1196348264563,-114.32125093135288,-107.98205090642345,0,0,0
1,-68.25915773615903,-71.28465383833901,-63.412445675034995,-49.31457942948113,-87.28289143866952,0,0,0
1,-66.96075640224035,-69.87379374720959,-66.95311666534192,-48.0449915983682,-87.04669140184292,0,0,0
0,-66.4920926302764,-69.7632193426585,-113.0053186265225,-61.726638502614506,-100.39368821823315,0,0,0
1,-66.77636118027661,-66.77636118027661,-71.92174308736038,-58.1647051945389,-88.35288410648472,0,0,0
0,-56.81532414739636,-59.9205753812695,-110.15774482052649,-65.58991538860532,-89.8626475935543,0,0,0
1,-58.912803154864854,-63.00456243010016,-48.53492807994749,-43.38012351444548,-70.00754567604938,0,0,1
0,-55.34140643113783,-60.62648279117715,-122.22113567386627,-60.08552811536857,-92.0077471332977,0,0,0
0,-73.28751100567226,-78.61446492553348,-107.16748917076843,-95.0700936036966,-105.43775775690278,0,0,0
0,-70.3496507426305,-75.19535351619828,-107.1648047147386,-77.3207655317036,-102.49909215705208,0,0,0
1,-53.21041982904616,-56.245751724898696,-46.576124391837276,-42.480980933226355,-67.18325714659734,0,0,0
0,-58.65516312384967,-61.4836496590254,-112.11385630955888,-66.67062003529125,-88.82358411391762,0,1,0
1,-56.58020074826623,-60.64918628814722,-75.4731520723449,-42.38041315243558,-79.22214636996969,0,0,0
0,-73.28751100567226,-78.61446492553348,-107.16748917076843,-90.6973167008975,-105.43775775690278,0,0,0
0,-70.3496507426305,-75.19535351619828,-107.1648047147386,-74.38699645815457,-102.49909215705208,0,0,0
1,-53.21041982904616,-56.245751724898696,-46.576124391837276,-42.16812850716495,-67.18325714659734,0,0,0
1,-53.94580916421771,-56.75152196403913,-37.16082381033742,-44.14523282682857,-58.162584501719486,0,3,0
0,-71.11321555513814,-74.85694334975655,-86.14596824744599,-87.4698080249926,-93.49127012657222,0,0,1
0,-70.3496507426305,-75.19535351619828,-107.1648047147386,-79.26703417964329,-102.49909215705208,0,0,0
1,-53.21041982904616,-56.245751724898696,-46.576124391837276,-42.16812850716495,-67.18325714659734,0,0,0
1,-67.96045364709225,-70.4409087016511,-91.04109771125115,-47.940318043756946,-95.2727829604676,0,0,0
0,-70.3496507426305,-75.19535351619828,-107.1648047147386,-77.3207655317036,-102.49909215705208,0,0,0
1,-53.21041982904616,-56.245751724898696,-46.576124391837276,-42.480980933226355,-67.18325714659734,0,0,0
1,-67.96045364709225,-70.4409087016511,-91.04109771125115,-47.940318043756946,-95.2727829604676,0,0,0
0,-69.82782561281998,-73.0795208474211,-92.62832635301785,-76.35135858682372,-97.61632351872534,0,0,0
1,-72.61353167760694,-72.61353167760694,-91.72881824045442,-77.47024698651192,-100.13217714974327,0,0,0
1,-52.22425350717069,-54.97661836792594,-48.53223588086969,-42.80678692355895,-63.31818836863187,0,0,1
0,-68.19857360202091,-71.92452748845753,-95.35640863968212,-66.7485354533048,-93.33976029112583,0,0,1
0,-68.79797782883249,-73.20721461928116,-96.82595036449183,-79.07903203398504,-97.84576293818003,0,0,0
1,-54.42020500554855,-57.429949472972055,-37.36568399960115,-46.328407044747564,-62.16417430262917,0,0,1
1,-68.6087662776116,-71.07144742398863,-36.471552542145396,-50.9704877416372,-76.08449613745549,0,0,1
0,-68.79797782883249,-73.20721461928116,-96.82595036449183,-79.07903203398504,-97.84576293818003,0,0,0
1,-54.42020500554855,-57.429949472972055,-37.36568399960115,-46.407440451577884,-62.16417430262917,0,0,1
1,-68.6087662776116,-71.07144742398863,-36.471552542145396,-50.9704877416372,-76.08449613745549,0,0,1
0,-70.36004218837212,-73.23054230909884,-91.73419489556208,-76.5427000085635,-97.88030065704075,0,0,0
1,-66.98985691503785,-66.98985691503785,-54.887056671509974,-46.22040414938972,-83.45597391649085,0,0,0
1,-50.19821159661335,-52.960655115035536,-46.576124391837276,-42.781928935914145,-60.7053130113648,0,0,1
0,-68.81501770596695,-72.52163127351565,-94.23066382216363,-64.8628463245051,-93.61848094981632,0,0,1
0,-71.07516286826927,-75.43199801271355,-105.20602408521403,-83.33051003971059,-102.63697009383348,0,0,0
1,-53.755805665919596,-56.74895127267631,-39.806808717201086,-42.05461939684122,-65.69784828107993,0,0,0
1,-70.10652755376132,-72.5843647943182,-54.892433326617635,-50.3067862428467,-83.10852164894689,0,0,1
0,-71.07516286826927,-75.43199801271355,-105.20602408521403,-83.33051003971059,-102.63697009383348,0,0,0
1,-53.755805665919596,-56.74895127267631,-39.806808717201086,-42.05461939684122,-65.69784828107993,0,0,0
1,-70.10652755376132,-72.5843647943182,-54.892433326617635,-50.3067862428467,-83.10852164894689,0,0,1
0,-71.61958453380265,-74.44058156400648,-91.73419489556208,-76.32822531455041,-99.13984300247128,0,0,0
1,-71.53456691777819,-71.53456691777819,-73.3079374559822,-61.17761319111041,-93.52694815457285,0,0,0
0,-57.786365125076,-61.018687151049555,-103.79487823428639,-65.33166112431228,-88.92482859536192,0,0,0
1,-60.400566600361955,-64.51782397152759,-43.58318428604937,-43.45929235334143,-70.00978598337704,0,0,1
0,-57.81739222547836,-63.09545846616937,-126.47983227220429,-73.86244443553359,-92.29560600433992,0,1,0
0,-75.03215373673356,-80.38304664198932,-108.05895148773203,-89.72462885871948,-107.44983918305317,0,0,0
0,-72.34719870607248,-77.22023025357613,-108.05626703170218,-86.55234995953997,-104.76407881558313,0,0,0
1,-52.13973503293141,-55.22354947347785,-46.57612439183727,-41.710970606154284,-66.1125723504826,0,0,0
0,-60.7484651416396,-63.65563994019932,-76.16355705757802,-69.21370311896787,-80.13179635611328,0,1,0
1,-54.773725935268295,-58.82286693932771,-64.99969737538731,-45.89823393684773,-70.80789924508477,0,1,0
0,-75.03215373673356,-80.38304664198932,-108.05895148773203,-91.50741728274534,-107.44983918305317,0,0,0
0,-72.34719870607248,-77.22023025357613,-108.05626703170218,-86.55234995953997,-104.76407881558313,0,0,0
1,-52.13973503293141,-55.22354947347785,-46.57612439183727,-41.523684723318084,-66.1125723504826,0,0,0
1,-52.554856430353986,-55.39391486180748,-37.36568399960116,-42.89281926347195,-60.298825727434604,0,1,0
0,-71.3822898304556,-75.07282745762036,-103.44110421439973,-86.88100155328362,-102.41462109477553,0,0,0
0,-72.34719870607248,-77.22023025357613,-108.05626703170218,-86.55234995953997,-104.76407881558313,0,0,0
1,-52.13973503293141,-55.22354947347785,-46.57612439183727,-41.710970606154284,-66.1125723504826,0,0,0
1,-71.08327027462913,-73.56372532918797,-73.31331411108985,-51.80158006664222,-93.07726450795609,0,0,0
0,-72.34719870607248,-77.22023025357613,-108.05626703170218,-86.55234995953997,-104.76407881558313,0,0,0
1,-52.13973503293141,-55.22354947347785,-46.57612439183727,-41.523684723318084,-66.1125723504826,0,0,0
1,-71.08327027462913,-73.56372532918797,-73.31331411108985,-52.218419659111134,-93.07726450795609,0,0,0
0,-74.91976789521428,-78.19879190375127,-113.00531862652251,-80.5506196729923,-108.82136348317103,0,0,0
1,-74.61950541203451,-74.61950541203451,-91.72881824045443,-78.45007077139985,-102.13815088417084,0,0,0
1,-51.408141628993704,-54.159943758316885,-64.1055428593459,-43.55126837772539,-70.63980448679747,0,0,0
0,-66.8082114863844,-70.75040081908452,-102.61340668337799,-63.12833721110672,-97.59223349139779,0,0,0
0,-69.37811031479896,-74.63387674597843,-121.32700421641051,-105.98638478393767,-105.77621157972212,0,0,0
0,-61.87686506751,-66.28615939883952,-57.74536847218362,-60.935049944306755,-73.70741416582455,0,2,0
1,-55.569444218960236,-58.46938290511726,-27.254037470123606,-44.059566797212945,-39.60408677348581,4,4,4
1,-65.98843738357782,-68.66735397621838,-82.52642364381815,-46.395420987859325,-90.74636447672326,0,0,0
0,-69.37811031479896,-74.63387674597843,-121.32700421641051,-105.98638478393767,-105.77621157972212,0,0,0
0,-61.87686506751,-66.28615939883952,-57.74536847218362,-60.935049944306755,-73.70741416582455,0,2,0
1,-55.569444218960236,-58.46938290511726,-27.254037470123606,-44.059566797212945,-39.60408677348581,4,4,4
1,-65.98843738357782,-68.66735397621838,-82.52642364381815,-46.395420987859325,-90.74636447672326,0,0,0
0,-69.37811031479896,-74.63387674597843,-121.32700421641051,-104.84743702257121,-105.77621157972212,0,0,0
1,-62.98280507826093,-65.85626129534998,-54.895102467109794,-41.72767496630068,-75.98559991559415,0,1,0
1,-65.98843738357782,-68.66735397621838,-82.52642364381815,-46.395420987859325,-90.74636447672326,0,0,0
0,-67.47152184601823,-70.2494510366408,-100.9446352877982,-76.32822438436912,-97.7549124323577,0,0,0
1,-61.42820705816264,-61.42820705816264,-54.88705667150999,-46.432825542405816,-74.42858815681592,0,0,1
0,-53.68856600178367,-56.86078873266068,-101.83876674525396,-63.85878900119591,-84.24019602535986,0,0,0
1,-58.92435332285676,-63.05801195312007,-82.52911584289593,-44.165383494954874,-83.68308807572554,0,0,0
0,-56.8284306189034,-62.09638048220994,-121.32967335690269,-62.66088224225671,-89.76159672317448,0,1,0
0,-73.36371102069997,-78.82593050499088,-110.01506297676445,-92.20789040059155,-102.90249401092957,0,0,1
0,-69.75368277424525,-74.70264555903546,-98.84582663946607,-80.33784923843302,-99.40743076608507,0,0,0
1,-53.50171954341505,-56.572402487687555,-28.15524360736504,-45.50800489536608,-51.55108491722538,1,1,1
0,-60.22748918421054,-63.097875074414276,-100.25420724397944,-65.72934703158833,-90.30375135740437,0,0,0
1,-54.83619933477199,-58.876293147672065,-66.95580886441974,-42.29982151429224,-74.92294199409791,0,0,0
0,-73.36371102069997,-78.82593050499088,-110.01506297676445,-92.20789040059155,-102.90249401092957,0,0,1
0,-69.75368277424525,-74.70264555903546,-98.84582663946607,-80.33784923843302,-99.40743076608507,0,0,0
1,-53.50171954341505,-56.572402487687555,-28.15524360736504,-45.50800489536608,-51.55108491722538,1,1,1
1,-55.60916051472246,-58.385981587562966,-47.640773563906095,-57.05661006844403,-66.43565668109457,0,1,0
0,-72.21997476501315,-76.04591675910751,-115.24683114896405,-89.63417603637542,-106.79402410970236,0,0,0
0,-69.75368277424525,-74.70264555903546,-98.84582663946607,-80.33784923843302,-99.40743076608507,0,0,0
1,-53.50171954341505,-56.572402487687555,-28.15524360736504,-45.50800489536608,-51.55108491722538,1,1,1
1,-69.1327337369053,-71.69540299094008,-56.84854481565005,-52.44436226014132,-82.72156127880059,0,0,1
0,-69.75368277424525,-74.70264555903546,-98.84582663946607,-80.33784923843302,-99.40743076608507,0,0,0
1,-53.50171954341505,-56.572402487687555,-28.15524360736504,-45.50800489536608,-51.55108491722538,1,1,1
1,-69.1327337369053,-71.69540299094008,-56.84854481565005,-52.44436226014132,-82.72156127880059,0,0,1
0,-70.85301475187156,-74.26324086693981,-111.0492071374901,-81.00681149648409,-104.16777689311859,0,0,0
1,-63.8024656893027,-63.8024656893027,-64.09749706374609,-51.50018893092843,-83.03171480842653,0,0,0
1,-50.52155703846573,-53.45616249838156,-46.576124391837276,-41.545204257845974,-61.02865845321718,0,0,1
0,-65.69042062831288,-69.73851679076498,-76.16624925665585,-62.02423842676267,-88.54029540530964,0,0,0
0,-66.2009915009971,-71.63602840496574,-121.86466945490184,-104.88431667682335,-102.76039233746766,0,0,0
0,-57.448615859645194,-62.04173828393711,-56.85390615522002,-59.094117282062946,-71.03905180341148,0,1,0
1,-54.42737816691826,-57.512081826494075,-39.32179548863357,-46.503173816691046,-62.758180910708596,0,0,1
1,-69.65896163449429,-72.49236689961958,-101.83876674525396,-62.45832448501186,-96.74485575527076,0,0,1
0,-66.2009915009971,-71.63602840496574,-121.86466945490184,-104.88431667682335,-102.76039233746766,0,0,0
0,-57.448615859645194,-62.04173828393711,-56.85390615522002,-59.094117282062946,-71.03905180341148,0,1,0
1,-54.42737816691826,-57.512081826494075,-39.32179548863357,-46.503173816691046,-62.758180910708596,0,0,1
1,-69.65896163449429,-72.49236689961958,-101.83876674525396,-62.45832448501186,-96.74485575527076,0,0,1
0,-66.2009915009971,-71.63602840496574,-121.86466945490184,-100.25124279037702,-102.76039233746766,0,0,0
1,-59.23340432867864,-62.2325192140039,-55.786564784073406,-39.651280508367414,-72.50363786110094,0,1,0
1,-69.65896163449429,-72.49236689961958,-101.83876674525396,-62.45832448501186,-96.74485575527076,0,0,1
0,-69.02168449604974,-71.87627823780178,-112.11118716906674,-76.51321836447644,-102.65504064676976,0,0,0
1,-61.60708474176738,-61.60708474176738,-36.466175887037735,-44.64053588447605,-72.5469375078787,0,0,0
0,-57.27222877035589,-60.52468168836577,-120.25964752972621,-67.88179576066426,-93.35012302927375,0,0,0
1,-59.34493645078539,-63.469848153326694,-50.83751318925307,-42.66094549172785,-71.13045450476159,0,1,0
0,-61.96483440499227,-67.31376193792991,-107.16748917076842,-69.7586343791186,-94.1150811562228,0,0,0
0,-71.86846894513957,-77.28895273890468,-119.22550336900058,-87.11928481085135,-107.63611995583975,0,0,0
0,-70.39085231184075,-75.22250273356566,-126.47714781617441,-82.13598256622154,-108.33399665669307,0,0,0
1,-53.755748076354486,-56.91184332233418,-39.32179548863357,-48.18127996079828,-62.08655082014483,0,0,1
0,-60.99375933056478,-63.88989470611426,-119.56655034541528,-65.54619341514251,-93.39798853138963,0,1,0
1,-57.50036193166053,-61.648205321894984,-54.89779466618759,-44.345851458123434,-67.03822852591735,0,0,3
0,-71.86846894513957,-77.28895273890468,-119.22550336900058,-87.11928481085135,-107.63611995583975,0,0,0
0,-70.39085231184075,-75.22250273356566,-126.47714781617441,-82.13598256622154,-108.33399665669307,0,0,0
1,-53.755748076354486,-56.91184332233418,-39.32179548863357,-48.18127996079828,-62.08655082014483,0,0,1
1,-52.5462234019135,-55.465290465156144,-37.16082381033742,-43.132104006911305,-60.228734642214995,0,1,0
0,-70.53815629238866,-74.31828065213048,-114.41646447745012,-91.35521420387694,-104.8630956356237,0,0,0
0,-70.39085231184075,-75.22250273356566,-126.47714781617441,-82.13598256622154,-108.33399665669307,0,0,0
1,-53.755748076354486,-56.91184332233418,-39.32179548863357,-48.18127996079828,-62.08655082014483,0,0,1
1,-67.39832616775305,-69.94967420050307,-82.52375450332596,-48.38614678110434,-92.15545251875085,0,0,0
0,-70.39085231184075,-75.22250273356566,-126.47714781617441,-82.13598256622154,-108.33399665669307,0,0,0
1,-53.755748076354486,-56.91184332233418,-39.32179548863357,-48.18127996079828,-62.08655082014483,0,0,1
1,-67.39832616775305,-69.94967420050307,-82.52375450332596,-48.61626517626873,-92.15545251875085,0,0,0
0,-69.89922748143005,-73.192141233433,-113.0053186265225,-79.52611058970307,-103.8008230693868,0,0,0
1,-58.77928264166966,-58.77928264166966,-54.88705667150998,-37.14670657528287,-75.24539964312265,0,0,0
1,-53.830706964040374,-56.66836584724172,-36.474221682637555,-42.2067598571241,-54.37576576043246,1,1,1
0,-76.00881087265161,-80.12011898451257,-80.42494585499382,-72.28745880395081,-96.67055872635004,0,0,1
0,-74.75952943501026,-80.54715619805256,-108.05895148773203,-86.35456653389497,-107.17721488132987,0,0,0
0,-62.037726095228145,-68.05622915521204,-88.22961705140997,-73.29716715710853,-88.50661121065113,0,0,0
0,-60.04549602137068,-65.13054026288641,-70.32572760182397,-48.907249669923004,-74.21174249631842,0,1,1
1,-58.4904803929402,-62.901559793738514,-85.37668964889195,-45.91564408872051,-84.10348728760778,0,0,0
0,-60.33008404209859,-63.24358526128117,-131.42619941099474,-72.99792150824733,-99.75794386539701,0,0,0
1,-74.57548772593324,-77.47671326518828,-48.532235880869706,-54.38867519871952,-89.13515849019416,0,0,0
0,-74.75952943501026,-80.54715619805256,-108.05895148773203,-86.35456653389497,-107.17721488132987,0,0,0
0,-62.037726095228145,-68.05622915521204,-88.22961705140997,-73.29716715710853,-88.50661121065113,0,0,0
0,-60.04549602137068,-65.13054026288641,-70.32572760182397,-48.907249669923004,-74.21174249631842,0,1,1
1,-58.4904803929402,-62.901559793738514,-85.37668964889195,-45.91564408872051,-84.10348728760778,0,0,0
0,-60.33008404209859,-63.24358526128117,-131.42619941099474,-72.99792150824733,-99.75794386539701,0,0,0
1,-74.57548772593324,-77.47671326518828,-48.532235880869706,-54.38867519871952,-89.13515849019416,0,0,0
0,-74.75952943501026,-80.54715619805256,-108.05895148773203,-86.35456653389497,-107.17721488132987,0,0,0
0,-62.037726095228145,-68.05622915521204,-88.22961705140997,-73.29716715710853,-88.50661121065113,0,0,0
1,-62.08655909166744,-66.15564424146598,-92.63101855209565,-60.61273656572501,-89.87586465729613,0,0,0
0,-63.2107524346486,-66.08599372120645,-73.5143483842347,-49.4300113054426,-85.265056949919,0,0,0
1,-74.57548772593324,-77.47671326518828,-48.532235880869706,-54.38867519871952,-89.13515849019416,0,0,0
0,-74.75952943501026,-80.54715619805256,-108.05895148773203,-86.35456653389497,-107.17721488132987,0,0,0
0,-57.91813929114675,-62.49956594119904,-62.004065070521605,-50.12336576469162,-73.05362290950352,0,1,0
1,-56.22231127077895,-58.75555830633703,-47.64077356390608,-68.71621167534344,-70.51454333995078,0,0,0
1,-74.57548772593324,-77.47671326518828,-48.532235880869706,-54.38867519871952,-89.13515849019416,0,0,0
0,-74.75952943501026,-80.54715619805256,-108.05895148773203,-86.35456653389497,-107.17721488132987,0,0,0
1,-58.841334695144276,-61.88692323095611,-57.742676273105815,-50.18830927921085,-72.6984016742763,0,1,0
1,-74.57548772593324,-77.47671326518828,-48.532235880869706,-54.38867519871952,-89.13515849019416,0,0,0
0,-78.98049266890244,-81.83672982443535,-100.94463528779819,-69.76834061160746,-109.2638832552419,0,0,0
1,-72.97641599413298,-72.97641599413298,-91.72881824045443,-50.53078207666322,-100.4950614662693,0,0,0
1,-51.19298470504211,-54.10557840936041,-45.684662074873685,-42.714322325373374,-64.8983833275042,0,0,0
0,-61.34354691391391,-65.23254607916039,-87.67927475819752,-58.67956623700119,-84.18159343857344,0,0,1
0,-65.25139936578502,-70.46681004598409,-102.90612343193827,-83.93992198923961,-96.12323639536649,0,0,0
0,-64.09334634769122,-68.64168525182187,-89.63538624722993,-61.52407617596543,-87.51822631906047,0,1,0
1,-55.569444218960236,-58.53601500687472,-27.254037470123606,-44.05956679721294,-39.60408677348581,4,4,4
1,-61.21885052057327,-63.897767113213824,-64.10554285934592,-43.87688263964503,-76.98477747557732,0,0,1
0,-65.25139936578502,-70.46681004598409,-102.90612343193827,-83.93992198923961,-96.12323639536649,0,0,0
0,-64.09334634769122,-68.64168525182187,-89.63538624722993,-61.52407617596543,-87.51822631906047,0,1,0
1,-55.569444218960236,-58.53601500687472,-27.254037470123606,-44.05956679721294,-39.60408677348581,4,4,4
1,-61.21885052057327,-63.897767113213824,-64.10554285934592,-43.87688263964503,-76.98477747557732,0,0,1
0,-65.25139936578502,-70.46681004598409,-102.90612343193827,-83.93992198923961,-96.12323639536649,0,0,0
1,-68.19500807650243,-71.20750886639263,-46.57612439183728,-43.235768338463764,-78.70210949125389,0,1,0
1,-61.21885052057327,-63.897767113213824,-64.10554285934592,-43.87688263964503,-76.98477747557732,0,0,1
0,-62.71150116161796,-65.44907460126015,-82.52375450332597,-62.87592851812059,-87.46862751261575,0,0,0
1,-61.63772030953288,-61.63772030953288,-54.887056671509974,-47.9646631319934,-78.10383731098588,0,0,0
1,-52.635951709774076,-55.58481591381099,-45.684662074873664,-42.924406295329085,-53.91681708329617,1,2,1
0,-67.24122504238845,-71.2666679871232,-75.87354782363323,-64.1963517901222,-90.00328938947843,0,0,0
0,-70.53520250952323,-75.73821596502887,-121.3270042164105,-114.13060738534259,-106.93330377444639,0,0,0
0,-60.98267094640972,-65.5150528066203,-98.84582663946605,-63.78513387372808,-90.63641893824953,0,0,0
1,-53.79677036254855,-56.891913673700174,-57.742676273105815,-47.794802311880105,-67.65383734168057,0,0,1
1,-67.53047064532676,-70.3271372630697,-101.83876674525396,-47.63410231638703,-98.08210066890294,0,0,0
0,-70.53520250952323,-75.73821596502887,-121.3270042164105,-114.13060738534259,-106.93330377444639,0,0,0
0,-60.98267094640972,-65.5150528066203,-98.84582663946605,-63.78513387372808,-90.63641893824953,0,0,0
1,-53.79677036254855,-56.891913673700174,-57.742676273105815,-47.794802311880105,-67.65383734168057,0,0,1
1,-67.53047064532676,-70.3271372630697,-101.83876674525396,-47.63410231638703,-98.08210066890294,0,0,0
0,-70.53520250952323,-75.73821596502887,-121.3270042164105,-114.13060738534259,-106.93330377444639,0,0,0
1,-62.52266732646677,-65.50156220216407,-46.576124391837276,-41.273205162172715,-73.02976874121823,0,1,0
1,-67.53047064532676,-70.3271372630697,-101.83876674525396,-47.9086488088169,-98.08210066890294,0,0,0
0,-68.70368273394253,-71.41821909057624,-102.90074677683063,-76.54065123055392,-99.57390676699171,0,0,0
1,-61.28383380140647,-61.28383380140647,-54.887056671509974,-46.99412096649235,-77.74995080285947,0,0,0
1,-50.43004615127488,-53.29049509018744,-28.15524360736504,-43.12317097581725,-48.47941152508521,1,1,1
0,-71.07419816357287,-74.82543802343528,-79.53081439753807,-69.380358225529,-94.9334424828343,0,0,0
0,-72.68098056719879,-77.06461192145841,-105.20602408521401,-83.00694674474617,-104.24278779276298,0,0,0
1,-53.811256946797094,-56.864022981602076,-29.219892779433845,-42.37277117053342,-62.57722478062725,0,0,0
1,-70.46790449395628,-73.00906178121276,-45.68199293438151,-51.96140962222144,-84.17250237427074,0,0,0
0,-72.68098056719879,-77.06461192145841,-105.20602408521401,-83.00694674474617,-104.24278779276298,0,0,0
1,-53.811256946797094,-56.864022981602076,-29.219892779433845,-42.37277117053342,-62.57722478062725,0,0,0
1,-70.46790449395628,-73.00906178121276,-45.68199293438151,-51.96140962222144,-84.17250237427074,0,0,0
0,-74.52181921917173,-77.35196358891807,-110.15507568003433,-80.76270950201686,-107.56834192318203,0,0,0
1,-63.47477559146904,-63.47477559146904,-64.09749706374609,-44.75678954087481,-79.23828880779314,0,1,0
0,-55.907153297226536,-58.76658396460739,-92.62832635301787,-63.37785205896361,-83.69565120313189,0,0,0
0,-57.64012157582068,-61.98346579247338,-86.78781244123391,-46.90207495365148,-83.67646530819086,0,0,0
1,-59.89812388597262,-65.11156860986928,-79.73453312671279,-45.720966395936316,-73.42127611558728,1,1,1
0,-56.7641228563355,-62.50847197645542,-90.53220216071556,-62.08596596116344,-80.45804760175044,0,0,1
0,-69.3165781295363,-74.98330128635696,-81.32176176847945,-78.02056371424973,-93.71310666008013,0,0,0
0,-68.55114092573763,-74.35026557050702,-114.96680677066256,-105.15718241360365,-103.0411829569364,0,0,0
0,-61.273326829383294,-65.82258990547777,-73.31867545065984,-62.664658764517924,-79.80319356178153,0,1,0
1,-57.81214603917339,-60.91486737553143,-129.47008792196235,-72.80138957007115,-93.18743651296238,0,0,1
0,-55.907153297226536,-58.76658396460739,-92.62832635301787,-63.37785205896361,-83.69565120313189,0,0,0
1,-61.13560148279979,-65.25250781665977,-37.368376198678966,-58.82121403555757,-68.88037843960376,0,1,0
0,-59.3273422915123,-64.61852259807152,-85.91703934341314,-61.14916618497432,-85.10245409453624,0,0,0
0,-69.3165781295363,-74.98330128635696,-81.32176176847945,-78.02056371424973,-93.71310666008013,0,0,0
0,-68.55114092573763,-74.35026557050702,-114.96680677066256,-105.15718241360365,-103.0411829569364,0,0,0
0,-61.273326829383294,-65.82258990547777,-73.31867545065984,-62.664658764517924,-79.80319356178153,0,1,0
1,-57.81214603917339,-60.91486737553143,-129.47008792196235,-72.80138957007115,-93.18743651296238,0,0,1
0,-61.50914945287119,-64.39727945973935,-93.69297552508665,-51.22736888495207,-89.6170421103972,0,0,0
1,-58.38671234621638,-62.58135426273891,-69.25839397372532,-69.93802143968657,-75.69849463553425,0,0,1
0,-69.3165781295363,-74.98330128635696,-81.32176176847945,-78.02056371424973,-93.71310666008013,0,0,0
0,-68.55114092573763,-74.35026557050702,-114.96680677066256,-105.15718241360365,-103.0411829569364,0,0,0
0,-61.273326829383294,-65.82258990547777,-73.31867545065984,-62.664658764517924,-79.80319356178153,0,1,0
1,-57.81214603917339,-60.91486737553143,-129.47008792196235,-72.80138957007115,-93.18743651296238,0,0,1
1,-52.60377177524739,-55.56963736477811,-66.95311666534191,-43.9820361898624,-69.22397087205023,0,0,1
0,-66.70719690184053,-70.74381825828671,-96.25054009713786,-48.11402999389512,-95.58235893098188,0,0,0
0,-68.55114092573763,-74.35026557050702,-114.96680677066256,-105.15718241360365,-103.0411829569364,0,0,0
0,-61.273326829383294,-65.82258990547777,-73.31867545065984,-62.664658764517924,-79.80319356178153,0,1,0
1,-57.81214603917339,-60.91486737553143,-129.47008792196235,-72.80138957007115,-93.18743651296238,0,0,1
1,-65.61384686783516,-68.42169189728953,-66.06165434837833,-56.23471753579114,-85.43234317234867,0,0,0
0,-68.55114092573763,-74.35026557050702,-114.96680677066256,-105.15718241360365,-103.0411829569364,0,0,0
0,-61.273326829383294,-65.82258990547777,-73.31867545065984,-62.664658764517924,-79.80319356178153,0,1,0
1,-57.81214603917339,-60.91486737553143,-129.47008792196235,-72.80138957007115,-93.18743651296238,0,0,1
1,-65.61384686783516,-68.42169189728953,-66.06165434837833,-56.23471753579114,-85.43234317234867,0,0,0
0,-68.55114092573763,-74.35026557050702,-114.96680677066256,-105.15718241360365,-103.0411829569364,0,0,0
1,-63.53765211999661,-66.60836030156271,-64.99700517630951,-40.621391043228705,-79.57101777008974,0,1,0
1,-65.61384686783516,-68.42169189728953,-66.06165434837833,-56.23471753579114,-85.43234317234867,0,0,0
0,-66.96712433797032,-70.23787988339245,-91.73686403605426,-74.32353661238898,-94.4881835487866,0,0,0
1,-63.29587096143547,-63.29587096143547,-64.09749706374609,-46.59581431563027,-82.52512008055929,0,0,0
1,-51.81379192002615,-54.59471150491327,-74.20744556854562,-43.973641567150885,-74.07602559058984,0,0,0
0,-67.2070898199309,-71.2748435378056,-94.64718938593553,-65.80606503849694,-95.60124663571156,0,0,0
0,-65.88677092126235,-71.57628461740117,-108.05895148773205,-103.37365002360696,-98.30445636758196,0,0,0
0,-56.201745639661475,-62.04857659364277,-89.64073984375194,-65.40738548256734,-83.09396759278705,0,0,0
0,-56.0833829810068,-61.14309776797889,-96.54592598619033,-46.29011268595106,-74.64995306846473,1,1,1
1,-58.69295695213753,-63.18498052135907,-74.21013776762342,-45.42473098498812,-80.95599828242456,0,0,0
0,-62.86185729270323,-65.73405399620468,-112.1138563095589,-71.15458380289255,-96.49601418557089,0,0,0
1,-66.88640841750112,-69.72538580838399,-64.99700517630953,-48.73199156510652,-82.91977406759425,0,0,1
0,-65.88677092126235,-71.57628461740117,-108.05895148773205,-103.37365002360696,-98.30445636758196,0,0,0
0,-56.201745639661475,-62.04857659364277,-89.64073984375194,-65.40738548256734,-83.09396759278705,0,0,0
0,-56.0833829810068,-61.14309776797889,-96.54592598619033,-46.29011268595106,-74.64995306846473,1,1,1
1,-58.69295695213753,-63.18498052135907,-74.21013776762342,-45.42473098498812,-80.95599828242456,0,0,0
0,-62.86185729270323,-65.73405399620468,-112.1138563095589,-71.15458380289255,-96.49601418557089,0,0,0
1,-66.88640841750112,-69.72538580838399,-64.99700517630953,-48.73199156510652,-82.91977406759425,0,0,1
0,-65.88677092126235,-71.57628461740117,-108.05895148773205,-103.37365002360696,-98.30445636758196,0,0,0
0,-56.201745639661475,-62.04857659364277,-89.64073984375194,-65.40738548256734,-83.09396759278705,0,0,0
1,-59.11315207564551,-63.156510169336,-85.37668964889195,-60.15059210822926,-81.26042306751337,0,1,0
0,-62.68529850011855,-65.63858539961814,-111.04920713749009,-64.27164911378628,-96.00006064136556,0,0,0
1,-66.88640841750112,-69.72538580838399,-64.99700517630953,-48.73199156510652,-82.91977406759425,0,0,1
0,-65.88677092126235,-71.57628461740117,-108.05895148773205,-103.37365002360696,-98.30445636758196,0,0,0
0,-57.677765695241966,-62.16938272680584,-59.40877852819342,-51.35491444105603,-72.03466335090027,0,1,0
1,-59.62497554238132,-62.12959696634986,-37.36568399960115,-70.60371202470763,-67.36894483946195,0,0,1
1,-66.88640841750112,-69.72538580838399,-64.99700517630953,-48.73199156510652,-82.91977406759425,0,0,1
0,-65.88677092126235,-71.57628461740117,-108.05895148773205,-103.37365002360696,-98.30445636758196,0,0,0
1,-56.63846072507618,-59.5913410869181,-56.85121395614221,-48.05160713277025,-73.69382491191884,0,0,0
1,-66.88640841750112,-69.72538580838399,-64.99700517630953,-48.73199156510652,-82.91977406759425,0,0,1
0,-68.70729757416164,-71.43572367426133,-100.9446352877982,-62.93130933627413,-98.99068816050111,0,0,0
1,-65.42049520921711,-65.42049520921711,-64.09749706374609,-52.8528543665995,-84.64974432834093,0,0,0
1,-51.81379192002614,-54.64840816619327,-74.2074455685456,-44.05008020497909,-74.07602559058982,0,0,0
0,-69.41080843346163,-73.53124233972088,-113.06807017040775,-67.4755866305225,-103.33122948458396,0,0,0
0,-69.234347370239,-74.9247321451861,-135.69027266444036,-80.59035845007294,-109.94142916957111,0,0,0
0,-56.52333084732508,-62.03208911414501,-85.37937410492181,-65.06433171391711,-82.13714307880161,0,0,0
1,-57.07357946396543,-61.13473615756442,-87.10015904970919,-46.984350776876305,-79.73789127607846,0,1,0
0,-64.11969021209849,-67.06149647702098,-131.42619941099474,-75.56478652081857,-103.54755003539691,0,0,0
1,-68.45117892801234,-71.34283650727978,-84.48253513285054,-56.33686743674825,-90.33020356506778,0,0,1
0,-69.234347370239,-74.9247321451861,-135.69027266444036,-80.59035845007294,-109.94142916957111,0,0,0
0,-56.52333084732508,-62.03208911414501,-85.37937410492181,-65.03215966412378,-82.13714307880161,0,0,0
1,-57.07357946396543,-61.13473615756442,-87.10015904970919,-46.984350776876305,-79.73789127607846,0,1,0
0,-64.11969021209849,-67.06149647702098,-131.42619941099474,-75.56478652081857,-103.54755003539691,0,0,0
1,-68.45117892801234,-71.34283650727978,-84.48253513285054,-56.33686743674825,-90.33020356506778,0,0,1
0,-69.234347370239,-74.9247321451861,-135.69027266444036,-84.67833392576058,-109.94142916957111,0,0,0
0,-57.149075928552044,-61.64781076707542,-78.46883436596141,-63.75521502349858,-80.68972623834047,0,0,0
1,-57.06272914141977,-59.61614496836357,-45.883027207526354,-44.26761543249351,-70.82763730367768,0,0,0
1,-68.45117892801234,-71.34283650727978,-84.48253513285054,-56.33686743674825,-90.33020356506778,0,0,1
0,-69.234347370239,-74.9247321451861,-135.69027266444036,-80.59035845007294,-109.94142916957111,0,0,0
1,-57.223380378564194,-60.21437435043238,-45.68466207487367,-47.052467546341724,-70.9287790010263,0,0,0
1,-68.45117892801234,-71.34283650727978,-84.48253513285054,-56.33686743674825,-90.33020356506778,0,0,1
0,-72.04680998446568,-74.77523608456536,-82.52375450332597,-68.70881635788561,-96.80393633546348,0,0,0
1,-72.01949860110642,-72.01949860110642,-64.09749706374608,-47.734687347165476,-91.24874772023024,0,0,0
1,-52.25974090551338,-55.0767115275156,-57.742676273105815,-46.685900421938435,-59.18533607904595,1,1,1
0,-72.98358470845463,-76.67504218182349,-85.02022342992751,-70.54552602674823,-95.02391583463316,0,0,1
0,-73.58518537800971,-77.73378354852571,-93.40029715064972,-80.76399719594627,-101.60527452320463,0,0,0
1,-54.0212975129847,-56.97712405458267,-36.474221682637555,-45.84219703199495,-61.49782811497624,0,0,1
1,-70.68075281887056,-73.1434339652476,-64.10287371885374,-52.617774170722235,-89.91161493452668,0,0,0
0,-73.58518537800971,-77.73378354852571,-93.40029715064972,-80.76399719594627,-101.60527452320463,0,0,0
1,-54.0212975129847,-56.97712405458267,-36.474221682637555,-45.84219703199495,-61.49782811497624,0,0,1
1,-70.68075281887056,-73.1434339652476,-64.10287371885374,-52.617774170722235,-89.91161493452668,0,0,0
0,-75.26437157423273,-77.87423307502677,-110.15507568003433,-80.61773569374091,-108.31089427824303,0,0,0
1,-67.32119356516614,-67.32119356516614,-64.09749706374608,-47.26319050982542,-86.55044268428996,0,0,0
0,-57.175014767900045,-60.43897167933294,-93.69297552508667,-67.11129977170722,-85.28290742542605,0,0,0
1,-60.19220326433056,-64.2724638050244,-41.62707279701695,-44.37540454558258,-62.28311739503647,1,1,1
0,-57.776423742398435,-63.08161111175322,-85.91703934341315,-66.52763208422556,-83.55153554542238,0,0,0
0,-75.68526008395833,-81.601690302302,-108.9530829451878,-91.01677451086778,-108.37118496751467,0,0,0
0,-70.5902802129133,-76.80269392004556,-108.95308294518779,-82.15084725659852,-103.27620509646962,0,0,0
0,-54.95657349871349,-60.880204228780954,-86.27350556237757,-70.31457544347558,-80.83862516742676,0,0,0
0,-57.06969336270107,-62.18230200583301,-83.99317973629998,-44.68929473052328,-82.26764728359106,0,0,0
1,-60.17813782310514,-64.63683229422533,-78.46883436596143,-46.30102920196984,-80.25305223009384,0,0,1
0,-61.74401396881385,-64.58903167170546,-119.3681852127626,-72.21207211528258,-94.0887336298429,0,1,0
0,-60.256708552944,-63.122278196311036,-103.79487823428636,-67.98326307113008,-91.3951720232299,0,0,0
1,-58.743894202131116,-62.78855005732135,-86.34700252059085,-47.820892676299636,-81.18225905550865,0,0,1
0,-75.68526008395833,-81.601690302302,-108.9530829451878,-91.81163990807437,-108.37118496751467,0,0,0
0,-70.5902802129133,-76.80269392004556,-108.95308294518779,-82.3114051072286,-103.27620509646962,0,0,0
0,-54.95657349871349,-60.880204228780954,-86.27350556237757,-70.31457544347558,-80.83862516742676,0,0,0
0,-57.06969336270107,-62.18230200583301,-83.99317973629998,-44.68929473052328,-82.26764728359106,0,0,0
1,-60.17813782310514,-64.63683229422533,-78.46883436596143,-46.30102920196984,-80.25305223009384,0,0,1
0,-61.74401396881385,-64.58903167170546,-119.3681852127626,-72.21207211528258,-94.0887336298429,0,1,0
1,-51.35661258545604,-54.18657754331947,-36.474221682637555,-40.34943818422677,-58.83314318744758,0,1,0
0,-73.52408143513006,-77.68920667610755,-108.05626703170215,-89.81877998556169,-102.47522564184098,0,0,1
0,-70.5902802129133,-76.80269392004556,-108.95308294518779,-82.15084725659852,-103.27620509646962,0,0,0
0,-54.95657349871349,-60.880204228780954,-86.27350556237757,-70.31457544347558,-80.83862516742676,0,0,0
0,-57.06969336270107,-62.18230200583301,-83.99317973629998,-44.68929473052328,-82.26764728359106,0,0,0
1,-60.17813782310514,-64.63683229422533,-78.46883436596143,-46.30102920196984,-80.25305223009384,0,0,1
0,-61.74401396881385,-64.58903167170546,-119.3681852127626,-72.21207211528258,-94.0887336298429,0,1,0
1,-71.40212801919246,-74.35256236284316,-91.73686403605426,-54.5884319678219,-98.92318723000874,0,0,0
0,-70.5902802129133,-76.80269392004556,-108.95308294518779,-82.15084725659852,-103.27620509646962,0,0,0
0,-54.95657349871349,-60.880204228780954,-86.27350556237757,-70.31457544347558,-80.83862516742676,0,0,0
0,-57.06969336270107,-62.18230200583301,-83.99317973629998,-44.68929473052328,-82.26764728359106,0,0,0
1,-60.17813782310514,-64.63683229422533,-78.46883436596143,-46.30102920196984,-80.25305223009384,0,0,1
0,-61.74401396881385,-64.58903167170546,-119.3681852127626,-72.21207211528258,-94.0887336298429,0,1,0
1,-71.40212801919246,-74.35256236284316,-91.73686403605426,-54.5884319678219,-98.92318723000874,0,0,0
0,-70.5902802129133,-76.80269392004556,-108.95308294518779,-82.15084725659852,-103.27620509646962,0,0,0
0,-54.95657349871349,-60.880204228780954,-86.27350556237757,-70.31457544347558,-80.83862516742676,0,0,0
1,-58.6823431957612,-62.70238866547984,-77.82965931266564,-57.44939900889201,-82.03124098956089,0,0,0
0,-58.61737424617843,-61.56832785064343,-82.72478877647083,-44.81882780501082,-79.96907497631996,0,0,1
1,-71.40212801919246,-74.35256236284316,-91.73686403605426,-54.5884319678219,-98.92318723000874,0,0,0
0,-70.5902802129133,-76.80269392004556,-108.95308294518779,-82.15084725659852,-103.27620509646962,0,0,0
0,-58.706812227080114,-63.241435686831494,-80.42494585499382,-54.77752452529659,-82.83429598357826,0,0,0
1,-60.38007214373541,-62.89237674679885,-55.7865647840734,-58.13776128283051,-77.11604157895744,0,0,0
1,-71.40212801919246,-74.35256236284316,-91.73686403605426,-54.5884319678219,-98.92318723000874,0,0,0
0,-70.5902802129133,-76.80269392004556,-108.95308294518779,-82.15084725659852,-103.27620509646962,0,0,0
1,-55.23702996633876,-58.26391255943495,-46.576124391837276,-49.528582901909004,-65.74413138109021,0,1,0
1,-71.40212801919246,-74.35256236284316,-91.73686403605426,-54.5884319678219,-98.92318723000874,0,0,0
0,-74.63940799970408,-77.85893117651783,-85.37399744981415,-66.56443466604603,-100.25160723464832,0,0,0
1,-68.69316260614893,-68.69316260614893,-64.09749706374609,-53.92385572762769,-87.92241172527275,0,0,0
1,-52.21079160738472,-55.02428980316729,-30.11135509639745,-42.65908688084724,-50.84699042790478,1,1,1
0,-68.63168840782346,-72.28884572650477,-85.02022342992753,-66.06717044643172,-90.67201953400199,0,0,1
0,-68.85410970557292,-73.1797544160917,-107.16213557424643,-87.4857094356026,-101.00275037784685,0,0,0
1,-51.620157063361766,-54.66444350949179,-37.85069722816868,-41.21742047705157,-62.97536623181237,0,0,0
1,-67.99836336193698,-70.42674435362649,-64.10287371885374,-48.881713588398284,-83.76348957479338,0,0,1
0,-68.85410970557292,-73.1797544160917,-107.16213557424643,-87.4857094356026,-101.00275037784685,0,0,0
1,-51.620157063361766,-54.66444350949179,-37.85069722816868,-41.21742047705157,-62.97536623181237,0,0,0
1,-67.99836336193698,-70.42674435362649,-64.10287371885374,-48.881713588398284,-83.76348957479338,0,0,1
0,-71.87937631702509,-74.72646613301548,-100.9446352877982,-78.7255509946142,-102.16276690336456,0,0,0
1,-70.97300092597624,-70.97300092597624,-73.3079374559822,-60.78821209832642,-92.9653821627709,0,0,0
1,-51.09867318000944,-54.02526311503751,-64.99700517630951,-43.26890747011302,-70.5977747329023,0,0,0
0,-63.51224021041621,-67.51686875738251,-85.37668964889193,-60.883470697084526,-89.12524710508379,0,0,0
0,-62.955809045960294,-68.23487973567066,-116.37526042251237,-93.53863209130162,-97.868387172714,0,0,0
0,-56.61823485956412,-61.05563939450296,-71.21450546275771,-58.7963535865633,-74.5168505955917,0,1,0
1,-53.79822759281025,-56.86623995585804,-37.36568399960116,-42.58553814279846,-65.0079327926906,0,0,0
1,-63.827741639330924,-66.61767928897042,-66.06165434837833,-46.48079488830934,-78.15317650050387,0,0,2
0,-62.955809045960294,-68.23487973567066,-116.37526042251237,-93.53863209130162,-97.868387172714,0,0,0
0,-56.61823485956412,-61.05563939450296,-71.21450546275771,-58.7963535865633,-74.5168505955917,0,1,0
1,-53.79822759281025,-56.86623995585804,-37.36568399960116,-42.58553814279846,-65.0079327926906,0,0,0
1,-63.827741639330924,-66.61767928897042,-66.06165434837833,-46.48079488830934,-78.15317650050387,0,0,2
0,-62.955809045960294,-68.23487973567066,-116.37526042251237,-93.53863209130162,-97.868387172714,0,0,0
1,-59.22225372249421,-62.18110336290468,-48.53223588086969,-41.883538674598974,-70.3161885839554,0,1,0
1,-63.827741639330924,-66.61767928897042,-66.06165434837833,-46.48079488830934,-78.15317650050387,0,0,2
0,-64.53301635369532,-67.29503916534321,-109.46197849572341,-74.02008385297405,-97.37160990241233,0,0,0
1,-59.18178877162073,-59.18178877162073,-54.887056671509974,-44.35985511250706,-75.64790577307372,0,0,0
1,-52.30837219155385,-55.29359606894675,-37.16082381033741,-42.15236621179058,-57.96355789131452,0,0,2
0,-70.53094298781029,-74.62203575503395,-103.50486900034159,-66.66760744467447,-101.58240368791277,0,0,0
0,-78.7246548647617,-84.06195320036868,-130.5374446086466,-127.73184654042778,-117.8858882473557,0,0,0
0,-65.30290930604535,-69.80684800804536,-76.16624925665582,-61.91456353076031,-84.68704818024237,0,1,0
1,-54.89517628752756,-58.06177094439117,-36.474221682637555,-43.44664591194626,-55.440235083919646,1,1,1
1,-72.32340706851262,-75.20441726313035,-76.16355705757803,-53.95406250530258,-95.17247418578603,0,0,0
0,-78.7246548647617,-84.06195320036868,-130.5374446086466,-127.73184654042778,-117.8858882473557,0,0,0
0,-65.30290930604535,-69.80684800804536,-76.16624925665582,-61.91456353076031,-84.68704818024237,0,1,0
1,-54.89517628752756,-58.06177094439117,-36.474221682637555,-43.44664591194626,-55.440235083919646,1,1,1
1,-72.32340706851262,-75.20441726313035,-76.16355705757803,-53.95406250530258,-95.17247418578603,0,0,0
0,-78.7246548647617,-84.06195320036868,-130.5374446086466,-127.73184654042778,-117.8858882473557,0,0,0
1,-66.01849096668252,-69.04387477415415,-37.36568399960116,-45.536748150872256,-73.76246026376315,0,1,0
1,-72.32340706851262,-75.20441726313035,-76.16355705757803,-53.95406250530258,-95.17247418578603,0,0,0
0,-73.12665121549283,-75.98288837102574,-100.9446352877982,-79.12331228662408,-103.41004180183229,0,0,0
1,-63.2452372854714,-63.2452372854714,-54.887056671509974,-45.75703015929991,-79.71135428692439,0,0,0
1,-51.42033956178727,-54.40556343918017,-27.263781290401432,-41.939482543501285,-49.20226624050852,1,1,1
0,-71.09892684334345,-75.27523692837227,-114.67142088161009,-69.3836632449881,-102.03461720502675,0,0,1
0,-78.72465486476172,-84.38035189118578,-132.4962252381712,-128.04890150932084,-118.47352243621307,0,0,0
0,-68.10401757054193,-74.07338368429933,-125.13143796516191,-71.36982382325945,-105.6434489600905,0,0,0
0,-53.180223679137,-59.23955522485885,-99.74264255295166,-61.56667440219991,-83.10301644502249,0,0,0
0,-56.59699465257362,-61.77916611537483,-87.3354855939542,-43.69706128917269,-72.4004326223607,1,1,1
1,-59.637648369125536,-64.28699210599366,-80.42494585499382,-48.73830584932766,-78.27207068228313,0,2,0
0,-60.68985379680076,-63.556081221733656,-101.51722154870096,-66.74465123046694,-91.14502026141105,0,0,0
1,-72.32340706851262,-75.23644441348188,-76.16355705757803,-54.007907677643196,-95.17247418578603,0,0,0
0,-78.72465486476172,-84.38035189118578,-132.4962252381712,-128.04890150932084,-118.47352243621307,0,0,0
0,-68.10401757054193,-74.07338368429933,-125.13143796516191,-71.36982382325945,-105.6434489600905,0,0,0
0,-53.180223679137,-59.23955522485885,-99.74264255295166,-61.56667440219991,-83.10301644502249,0,0,0
0,-56.59699465257362,-61.77916611537483,-87.3354855939542,-43.69706128917269,-72.4004326223607,1,1,1
1,-59.637648369125536,-64.28699210599366,-80.42494585499382,-48.73830584932766,-78.27207068228313,0,2,0
0,-60.68985379680076,-63.556081221733656,-101.51722154870096,-66.74465123046694,-91.14502026141105,0,0,0
1,-72.32340706851262,-75.23644441348188,-76.16355705757803,-54.007907677643196,-95.17247418578603,0,0,0
0,-78.72465486476172,-84.38035189118578,-132.4962252381712,-118.30568718606833,-118.47352243621307,0,0,0
0,-68.10401757054193,-74.07338368429933,-125.13143796516191,-71.36982382325945,-105.6434489600905,0,0,0
0,-53.180223679137,-59.23955522485885,-99.74264255295166,-61.56667440219991,-83.10301644502249,0,0,0
1,-59.9001876166323,-64.14669159208978,-79.53348353803023,-58.39228292314674,-80.29449677524165,0,1,0
0,-60.104398433944,-63.159734631845474,-94.58443784205028,-58.01447403110463,-88.47972978655908,0,0,0
1,-72.32340706851262,-75.23644441348188,-76.16355705757803,-54.007907677643196,-95.17247418578603,0,0,0
0,-78.72465486476172,-84.38035189118578,-132.4962252381712,-128.04890150932084,-118.47352243621307,0,0,0
0,-68.10401757054193,-74.07338368429933,-125.13143796516191,-71.36982382325945,-105.6434489600905,0,0,0
0,-53.813757708417,-58.56899431051423,-92.63101855209565,-46.24649425059079,-81.6030632740457,0,0,0
1,-55.920714092596256,-58.573210529087085,-54.895102467109794,-56.063899925539474,-68.92350892992947,0,0,1
1,-72.32340706851262,-75.23644441348188,-76.16355705757803,-54.007907677643196,-95.17247418578603,0,0,0
0,-78.72465486476172,-84.38035189118578,-132.4962252381712,-128.04890150932084,-118.47352243621307,0,0,0
0,-68.10401757054193,-74.07338368429933,-125.13143796516191,-71.36982382325945,-105.6434489600905,0,0,0
1,-54.4165592367341,-57.57778829986468,-47.640773563906095,-46.43404040668469,-65.24305540310621,0,1,0
1,-72.32340706851262,-75.23644441348188,-76.16355705757803,-54.007907677643196,-95.17247418578603,0,0,0
0,-78.72465486476172,-84.38035189118578,-132.4962252381712,-128.04890150932084,-118.47352243621307,0,0,0
1,-67.15512986128412,-70.15062359764822,-47.64077356390609,-47.69076197617257,-77.98162602765623,0,1,0
1,-72.32340706851262,-75.23644441348188,-76.16355705757803,-54.007907677643196,-95.17247418578603,0,0,0
0,-75.07094428480384,-77.83498373196046,-100.9446352877982,-67.25370007698318,-105.35433487114331,0,0,0
1,-68.03170174448405,-68.03170174448405,-64.09749706374609,-44.50735500357941,-87.26095086360787,0,0,0
1,-53.83070696404037,-56.60701089246525,-38.430333171669965,-42.12722732341554,-54.962599207142176,1,1,1
0,-72.20713680927678,-76.33470534187205,-97.95436432250247,-71.31857486106497,-98.12771020322779,0,0,1
0,-73.11469114056328,-78.88386565237982,-128.43594376123667,-95.12034171209248,-111.64547426893428,0,0,0
0,-56.40670072068021,-62.373749868904596,-90.53220216071554,-68.82996993201265,-80.10062546609515,0,1,0
0,-57.947731149924834,-63.42108730743097,-97.44005744364608,-48.00392057338511,-83.71401248021894,0,1,0
0,-57.841710139945135,-63.336285104122425,-86.29576484560555,-46.227987301802706,-80.26470369082708,0,0,1
1,-58.480459647367866,-62.9400361133243,-85.37668964889195,-45.789601964720404,-80.62773063923574,0,0,1
0,-62.86185729270323,-65.80779892733403,-110.15774482052649,-71.30327187410448,-95.90918073886118,0,0,0
1,-73.24713912874843,-76.1646250887378,-54.89510246710979,-54.150899939190325,-89.71566986888136,0,0,0
0,-73.11469114056328,-78.88386565237982,-128.43594376123667,-88.7640999704128,-111.64547426893428,0,0,0
0,-56.40670072068021,-62.373749868904596,-90.53220216071554,-68.82996993201265,-80.10062546609515,0,1,0
0,-57.947731149924834,-63.42108730743097,-97.44005744364608,-48.00392057338511,-83.71401248021894,0,1,0
0,-57.841710139945135,-63.336285104122425,-86.29576484560555,-46.227987301802706,-80.26470369082708,0,0,1
1,-58.480459647367866,-62.9400361133243,-85.37668964889195,-45.789601964720404,-80.62773063923574,0,0,1
0,-62.86185729270323,-65.80779892733403,-110.15774482052649,-71.30327187410448,-95.90918073886118,0,0,0
1,-73.24713912874843,-76.1646250887378,-54.89510246710979,-54.150899939190325,-89.71566986888136,0,0,0
0,-73.11469114056328,-78.88386565237982,-128.43594376123667,-88.7640999704128,-111.64547426893428,0,0,0
0,-56.40670072068021,-62.373749868904596,-90.53220216071554,-68.82996993201265,-80.10062546609515,0,1,0
0,-57.947731149924834,-63.42108730743097,-97.44005744364608,-48.00392057338511,-83.71401248021894,0,1,0
1,-58.63503406744846,-63.04916484445314,-91.93792136778474,-59.335353319005605,-86.21641047778388,0,0,0
0,-64.71033640824137,-67.63117620447585,-92.99987834077574,-53.11929379255174,-92.6102999104741,0,0,0
1,-73.24713912874843,-76.1646250887378,-54.89510246710979,-54.150899939190325,-89.71566986888136,0,0,0
0,-73.11469114056328,-78.88386565237982,-128.43594376123667,-95.12034171209248,-111.64547426893428,0,0,0
0,-56.40670072068021,-62.373749868904596,-90.53220216071554,-68.82996993201265,-80.10062546609515,0,1,0
1,-58.67613842553324,-62.76586593048312,-64.10823505842372,-73.54962455031016,-77.90860894306036,0,0,0
0,-60.06744170212185,-62.94283580940457,-83.41788596078172,-72.88906946395164,-81.62707158755664,0,0,1
1,-73.24713912874843,-76.1646250887378,-54.89510246710979,-54.150899939190325,-89.71566986888136,0,0,0
0,-73.11469114056328,-78.88386565237982,-128.43594376123667,-94.11961858682338,-111.64547426893428,0,0,0
0,-57.42719209180421,-61.953198958971534,-77.82965931266563,-52.28749020182528,-77.31035398280417,0,1,0
1,-58.65156832248678,-61.20255915771471,-47.95582370384803,-46.89040691558727,-69.57257953084147,0,0,1
1,-73.24713912874843,-76.1646250887378,-54.89510246710979,-54.150899939190325,-89.71566986888136,0,0,0
0,-73.11469114056328,-78.88386565237982,-128.43594376123667,-94.11961858682338,-111.64547426893428,0,0,0
1,-57.144661796493786,-60.131931993939155,-56.8512139561422,-50.27137523859406,-74.20002598333645,0,0,0
1,-73.24713912874843,-76.1646250887378,-54.89510246710979,-54.150899939190325,-89.71566986888136,0,0,0
0,-76.65242338023873,-79.50866053577164,-100.9446352877982,-66.98026551055924,-106.9358139665782,0,0,0
1,-65.47448719959517,-65.47448719959517,-64.09749706374609,-40.6310023912459,-84.703736318719,0,0,0
1,-53.71252712819212,-56.48133064300911,-27.255120482891755,-43.257318588553986,-39.978930099690245,3,3,4
0,-63.07532490756902,-67.06416999102372,-94.29442860810546,-60.74106733952192,-87.89791758720094,0,0,1
0,-62.70469221782932,-68.07108661498157,-112.11656382417438,-94.78593144880374,-96.33966136508164,0,0,0
0,-57.092500708155875,-61.52354234876402,-64.99969737538733,-58.07695572596091,-73.12667401797235,0,1,0
1,-54.33365082022126,-57.23904885116009,-46.57612439183728,-42.92159579760469,-68.30648813777245,0,0,0
1,-63.09863789327714,-65.82421023667227,-54.8951024671098,-44.61695324393794,-76.10143273061037,0,0,1
0,-62.70469221782932,-68.07108661498157,-112.11656382417438,-94.78593144880374,-96.33966136508164,0,0,0
0,-57.092500708155875,-61.52354234876402,-64.99969737538733,-54.87715779560683,-73.12667401797235,0,1,0
1,-54.33365082022126,-57.23904885116009,-46.57612439183728,-42.92159579760469,-68.30648813777245,0,0,0
1,-63.09863789327714,-65.82421023667227,-54.8951024671098,-43.882601261300486,-76.10143273061037,0,0,1
0,-62.70469221782932,-68.07108661498157,-112.11656382417438,-94.78593144880374,-96.33966136508164,0,0,0
1,-59.209501740303196,-62.087056396398054,-47.64077356390608,-36.93067426154166,-70.03599790667529,0,1,0
1,-63.09863789327714,-65.82421023667227,-54.8951024671098,-43.882601261300486,-76.10143273061037,0,0,1
0,-63.17043096509735,-65.94836015571993,-110.15507568003432,-76.75093794305194,-96.21695366910765,0,0,0
1,-57.714246436508326,-57.714246436508326,-54.887056671509974,-42.056553457971866,-70.7146275351616,0,1,0
1,-50.508009467655896,-53.437604557468006,-29.21014895915602,-41.5927523996683,-34.217877684921426,4,5,4
0,-62.18060504476456,-66.09174574930074,-96.88971515043363,-61.3989900806223,-91.24751958989465,0,0,0
0,-67.6033992803378,-72.8554520758613,-116.37526042251238,-104.22288390644576,-102.51597740709151,0,0,0
0,-62.27122647773577,-66.75018306598346,-64.10823505842373,-57.683497264404345,-76.01063555192233,0,2,0
1,-57.1074918564063,-60.06648461911438,-46.57612439183728,-60.16975714293319,-71.08032917395748,0,0,0
1,-64.9305665287593,-67.63162466068957,-83.41788596078173,-45.41602836880104,-86.4901964141941,0,0,1
0,-67.6033992803378,-72.8554520758613,-116.37526042251238,-104.22288390644576,-102.51597740709151,0,0,0
0,-62.27122647773577,-66.75018306598346,-64.10823505842373,-57.683497264404345,-76.01063555192233,0,2,0
1,-57.1074918564063,-60.06648461911438,-46.57612439183728,-60.16975714293319,-71.08032917395748,0,0,0
1,-64.9305665287593,-67.63162466068957,-83.41788596078173,-45.684110781376475,-86.4901964141941,0,0,1
0,-67.6033992803378,-72.8554520758613,-116.37526042251238,-104.22288390644576,-102.51597740709151,0,0,0
1,-67.29383172482343,-70.29423341854275,-36.474221682637555,-41.23689800534927,-74.77036232681498,0,1,0
1,-64.9305665287593,-67.63162466068957,-83.41788596078173,-45.684110781376475,-86.4901964141941,0,0,1
0,-65.73940560073973,-68.46308929691597,-82.52375450332597,-65.29564947535567,-90.49653195173752,0,0,0
1,-59.57512381499182,-59.57512381499182,-54.88705667150998,-43.6621396084944,-76.04124081644481,0,0,0
0,-58.78951562271667,-61.943286102367935,-101.83876674525398,-66.4847524793461,-89.34114564629286,0,0,0
1,-58.26647963432708,-62.358405141471735,-51.2652766396956,-43.92086628298105,-70.18032672343604,0,1,0
0,-56.45512490473396,-61.58149208900532,-113.01069528163016,-60.786377872600056,-90.35833348922301,0,0,0
0,-72.97861449334046,-78.68202386734283,-108.06162062822419,-84.86589220763952,-101.93136477900799,0,0,1
0,-71.69727707715315,-77.98269146342312,-120.17969417126379,-92.7562121721749,-107.75118532853227,0,0,0
0,-60.55716362940144,-66.10044691030396,-108.05895148773203,-74.57545649478465,-92.97484907572104,0,0,0
1,-63.076320893950424,-67.07841290342573,-58.51731621122981,-47.15287089134156,-70.23430804892018,1,1,1
0,-62.97708113623022,-65.83784363773086,-110.15774482052649,-64.45959265714238,-92.55866867958845,0,0,1
0,-61.262791168010686,-64.12594034816352,-101.83876674525395,-64.47701918808855,-91.81442119158687,0,0,0
1,-54.98685188251166,-58.97744492036682,-66.26271168010882,-44.49230974142407,-71.39992948374459,0,0,1
0,-72.97861449334046,-78.68202386734283,-108.06162062822419,-87.91620153026994,-101.93136477900799,0,0,1
0,-71.69727707715315,-77.98269146342312,-120.17969417126379,-92.7562121721749,-107.75118532853227,0,0,0
0,-60.55716362940144,-66.10044691030396,-108.05895148773203,-74.57545649478465,-92.97484907572104,0,0,0
1,-63.076320893950424,-67.07841290342573,-58.51731621122981,-47.15287089134156,-70.23430804892018,1,1,1
0,-62.97708113623022,-65.83784363773086,-110.15774482052649,-64.45959265714238,-92.55866867958845,0,0,1
1,-54.601755197597804,-57.363571908461154,-38.628698304322654,-45.09749471881313,-62.724628786094875,0,1,0
0,-71.54710622241653,-75.6595898754197,-126.4771478161744,-94.94696688316431,-109.49025056726884,0,0,0
0,-71.69727707715315,-77.98269146342312,-120.17969417126379,-92.7562121721749,-107.75118532853227,0,0,0
0,-60.55716362940144,-66.10044691030396,-108.05895148773203,-74.57545649478465,-92.97484907572104,0,0,0
1,-63.076320893950424,-67.07841290342573,-58.51731621122981,-47.15287089134156,-70.23430804892018,1,1,1
0,-62.97708113623022,-65.83784363773086,-110.15774482052649,-64.45959265714238,-92.55866867958845,0,0,1
1,-76.44837783024082,-79.33208515625216,-55.786564784073406,-59.61575525278599,-89.71861136266311,0,0,1
0,-71.69727707715315,-77.98269146342312,-120.17969417126379,-92.7562121721749,-107.75118532853227,0,0,0
0,-60.55716362940144,-66.10044691030396,-108.05895148773203,-74.57545649478465,-92.97484907572104,0,0,0
1,-63.076320893950424,-67.07841290342573,-58.51731621122981,-47.15287089134156,-70.23430804892018,1,1,1
0,-62.97708113623022,-65.83784363773086,-110.15774482052649,-64.45959265714238,-92.55866867958845,0,0,1
1,-76.44837783024082,-79.33208515625216,-55.786564784073406,-59.61575525278599,-89.71861136266311,0,0,1
0,-71.69727707715315,-77.98269146342312,-120.17969417126379,-92.7562121721749,-107.75118532853227,0,0,0
0,-59.075272765305634,-63.619509977295486,-75.27478693969223,-66.48214844785782,-81.6577088472133,0,0,0
1,-57.922911504204166,-60.446448619151084,-29.219892779433845,-42.659164056432985,-61.195817894693775,0,0,2
1,-76.44837783024082,-79.33208515625216,-55.786564784073406,-59.61575525278599,-89.71861136266311,0,0,1
0,-71.69727707715315,-77.98269146342312,-120.17969417126379,-92.7562121721749,-107.75118532853227,0,0,0
1,-57.98329547059503,-61.048977788056504,-55.786564784073384,-49.2911570217787,-71.25352900301732,0,1,0
1,-76.44837783024082,-79.33208515625216,-55.786564784073406,-60.97719570867159,-89.71861136266311,0,0,1
0,-74.2402782881575,-77.63469817628138,-92.62832635301785,-73.37414502509978,-102.02877619406286,0,0,0
1,-74.7777760698809,-74.7777760698809,-73.30793745598221,-69.62437902325601,-93.30442140387585,0,1,0
0,-58.07486649282689,-61.328572933296904,-113.0053186265225,-66.46157296256968,-91.97646208078365,0,0,0
1,-58.912803154864854,-63.02531998899305,-48.53492807994749,-43.52322835511156,-70.00754567604938,0,0,1
0,-56.25769688263826,-61.62357672773408,-89.6380707032598,-66.62403644923602,-83.1491180936162,0,0,0
0,-73.49020307855112,-79.04727169755895,-89.63807070325981,-90.01458335833716,-100.38162428952906,0,0,0
0,-69.1521220341588,-74.08421734924484,-108.05626703170219,-80.43847906912843,-101.56900214366945,0,0,0
1,-51.354607626731536,-54.45706710677833,-46.576124391837276,-43.38051298172884,-65.32744494428272,0,0,0
0,-62.371759577573705,-65.22100367164232,-130.53473709403113,-68.67763289916292,-101.53218070578305,0,0,0
1,-59.27178710338184,-63.4098108980712,-55.78925698315119,-46.84696410378079,-72.54282829552747,0,0,1
0,-73.49020307855112,-79.04727169755895,-89.63807070325981,-90.01458335833716,-100.38162428952906,0,0,0
0,-69.1521220341588,-74.08421734924484,-108.05626703170219,-80.43847906912843,-101.56900214366945,0,0,0
1,-51.354607626731536,-54.45706710677833,-46.576124391837276,-43.30325445243575,-65.32744494428272,0,0,0
1,-54.210783245588026,-57.085534300217816,-39.32179548863357,-44.29019916635043,-62.54158598937837,0,1,0
0,-70.67640936212422,-74.52012526440039,-106.03639075672795,-90.15085794654053,-102.48732658914261,0,0,0
0,-69.1521220341588,-74.08421734924484,-108.05626703170219,-80.43847906912843,-101.56900214366945,0,0,0
1,-51.354607626731536,-54.45706710677833,-46.576124391837276,-43.30325445243575,-65.32744494428272,0,0,0
1,-70.76210881982064,-73.34255198203724,-82.52375450332597,-50.815996060159904,-95.51923517081843,0,0,0
0,-69.1521220341588,-74.08421734924484,-108.05626703170219,-80.43847906912843,-101.56900214366945,0,0,0
1,-51.354607626731536,-54.45706710677833,-46.576124391837276,-43.38051298172884,-65.32744494428272,0,0,0
1,-70.76210881982064,-73.34255198203724,-82.52375450332597,-50.78992016888287,-95.51923517081843,0,0,0
0,-71.28643648950198,-74.62452426562137,-94.58443784205026,-78.06588164601017,-99.66176784211706,0,0,0
1,-71.95210426460937,-71.95210426460937,-91.72881824045444,-75.92770613314863,-99.4707497367457,0,0,0
0,-55.73927248254643,-58.96395649354281,-103.79487823428637,-67.61160268081962,-83.41200005003262,0,1,0
1,-58.93202793922717,-63.17263169721164,-94.58713004112806,-45.542791300619555,-87.30816695156558,0,0,0
0,-58.67890417525735,-64.25700729365268,-94.58981449715793,-69.69034603651698,-83.590112621605,0,0,1
0,-68.11781581797199,-73.85198333058771,-91.59685133278437,-72.75481113662036,-95.59687121780729,0,0,0
0,-72.1660613522408,-77.9317665687781,-140.6420164583385,-98.43572638351948,-114.35866628974236,0,0,0
0,-61.75582500111698,-66.41028000429404,-89.63538624722992,-59.568445566742014,-85.18070497248624,0,1,0
1,-55.736362924842865,-58.92487143720267,-28.15524360736504,-46.64421446918915,-60.71720010425265,0,0,1
0,-58.728765376973705,-61.754678237631374,-122.2157590187586,-67.50640813779106,-95.39349308260128,0,0,0
1,-58.514973652529925,-62.8325452567607,-68.36693165676172,-47.66068553702361,-75.55931724675872,0,0,1
0,-68.11781581797199,-73.85198333058771,-91.59685133278437,-72.75481113662036,-95.59687121780729,0,0,0
0,-72.1660613522408,-77.9317665687781,-140.6420164583385,-98.43572638351948,-114.35866628974236,0,0,0
0,-61.75582500111698,-66.41028000429404,-89.63538624722992,-59.568445566742014,-85.18070497248624,0,1,0
1,-55.736362924842865,-58.92487143720267,-28.15524360736504,-46.64421446918915,-60.71720010425265,0,0,1
1,-51.54900027329843,-54.65188098020241,-38.430333171669965,-43.231542759537305,-59.61236432199969,0,1,0
0,-69.04645593376871,-73.14562945193289,-87.04009970490173,-89.72227198858245,-91.6927499424395,0,0,1
0,-72.1660613522408,-77.9317665687781,-140.6420164583385,-98.43572638351948,-114.35866628974236,0,0,0
0,-61.75582500111698,-66.41028000429404,-89.63538624722992,-59.568445566742014,-85.18070497248624,0,1,0
1,-55.736362924842865,-58.92487143720267,-28.15524360736504,-46.64421446918915,-60.71720010425265,0,0,1
1,-70.208541304862,-73.09302392569937,-66.95311666534192,-49.40245673799272,-90.29447630446457,0,0,0
0,-72.1660613522408,-77.9317665687781,-140.6420164583385,-98.43572638351948,-114.35866628974236,0,0,0
0,-61.75582500111698,-66.41028000429404,-89.63538624722992,-59.568445566742014,-85.18070497248624,0,1,0
1,-55.736362924842865,-58.92487143720267,-28.15524360736504,-46.64421446918915,-60.71720010425265,0,0,1
1,-70.208541304862,-73.09302392569937,-66.95311666534192,-50.483893528130224,-90.29447630446457,0,0,0
0,-72.1660613522408,-77.9317665687781,-140.6420164583385,-98.43572638351948,-114.35866628974236,0,0,0
1,-60.754121372595485,-63.869839706050584,-57.742676273105815,-42.328186070821644,-74.6111883517275,0,1,0
1,-70.208541304862,-73.09302392569937,-66.95311666534192,-49.40245673799272,-90.29447630446457,0,0,0
0,-68.64075320339971,-71.8910970851754,-118.6750880284517,-75.61633742656298,-104.24327961193522,0,0,0
1,-62.40480389290899,-62.40480389290899,-64.09749706374609,-41.017417124504654,-81.63405301203281,0,0,0
0,-56.42916858290079,-59.65367426342296,-103.79487823428637,-67.4232542618036,-87.5676320531867,0,0,0
1,-61.031492200949,-65.12821527161141,-50.83751318925307,-43.55538080921174,-72.81701025492521,0,0,1
0,-58.2403361338407,-63.53385302233325,-84.4879117879582,-64.14852944379379,-83.58670967022816,0,0,0
0,-67.79925589636075,-73.51091314183533,-80.43029945151585,-78.13484089370368,-91.9283457318155,0,0,0
0,-62.955809045960294,-68.83151556744804,-114.96680677066257,-94.09716011930195,-97.44585107715906,0,0,0
0,-57.448615859645194,-62.08676454029219,-57.74536847218362,-59.17893230425702,-71.30649049850057,0,1,0
1,-54.42737816691826,-57.49539052996605,-37.36568399960115,-44.92541645802203,-62.17134746399888,0,0,1
0,-59.285700856123505,-62.1677330294591,-129.84163990972021,-68.06493197377486,-98.23819282903958,0,0,0
1,-58.160361096839814,-62.30965745408245,-49.30687581899369,-46.22308356215517,-69.4866879397382,0,0,1
0,-67.79925589636075,-73.51091314183533,-80.43029945151585,-78.13484089370368,-91.9283457318155,0,0,0
0,-62.955809045960294,-68.83151556744804,-114.96680677066257,-94.09716011930195,-97.44585107715906,0,0,0
0,-57.448615859645194,-62.08676454029219,-57.74536847218362,-59.17893230425702,-71.30649049850057,0,1,0
1,-54.42737816691826,-57.49539052996605,-37.36568399960115,-44.92541645802203,-62.17134746399888,0,0,1
1,-52.72544999066637,-55.6600554505822,-46.57612439183729,-45.6528737093461,-63.23255140541783,0,1,0
0,-66.39227118309934,-70.44036734555144,-85.37668964889195,-87.3274694410882,-88.5395421749672,0,0,1
0,-62.955809045960294,-68.83151556744804,-114.96680677066257,-94.09716011930195,-97.44585107715906,0,0,0
0,-57.448615859645194,-62.08676454029219,-57.74536847218362,-59.17893230425702,-71.30649049850057,0,1,0
1,-54.42737816691826,-57.49539052996605,-37.36568399960115,-44.92541645802203,-62.17134746399888,0,0,1
1,-67.43885744688168,-70.27226271200698,-64.99700517630951,-57.95389179863857,-86.93795899977454,0,0,0
0,-62.955809045960294,-68.83151556744804,-114.96680677066257,-94.09716011930195,-97.44585107715906,0,0,0
0,-57.448615859645194,-62.08676454029219,-57.74536847218362,-59.17893230425702,-71.30649049850057,0,1,0
1,-54.42737816691826,-57.49539052996605,-37.36568399960115,-44.92541645802203,-62.17134746399888,0,0,1
1,-67.43885744688168,-70.27226271200698,-64.99700517630951,-57.95389179863857,-86.93795899977454,0,0,0
0,-62.955809045960294,-68.83151556744804,-114.96680677066257,-94.09716011930195,-97.44585107715906,0,0,0
1,-59.22225372249421,-62.26639486417454,-47.64077356390609,-41.949297164887035,-70.04874988886631,0,1,0
1,-67.43885744688168,-70.27226271200698,-64.99700517630951,-57.95389179863857,-86.93795899977454,0,0,0
0,-64.0475087909499,-67.34277215022105,-112.31222144221158,-74.2032749598882,-97.74117522361337,0,0,0
1,-60.42310817574918,-60.42310817574918,-54.887056671509974,-39.86532265115811,-76.88922517720218,0,0,0
1,-52.29162375206352,-55.09303398579509,-36.474221682637555,-42.681166855367266,-52.83668254845561,1,1,1
0,-73.51326233449346,-77.7186799041989,-69.25839397372529,-75.77090717913502,-90.82504462381132,0,0,1
0,-75.16048216205184,-80.73219968078624,-117.26939187996817,-98.97395749638024,-110.34129972604228,0,0,0
1,-49.855204364399256,-55.56243683430448,-58.642184385669246,-43.49454896157662,-57.05065197170086,1,1,1
0,-66.27269722646452,-71.3222547456115,-106.1028399986996,-84.46976207272172,-98.10354922607439,0,0,0
0,-66.0873540309633,-70.92232664600392,-108.05626703170216,-65.89297594501761,-95.03849823767423,0,1,0
1,-51.59434919605797,-54.48211893605824,-45.684662074873664,-40.38839290834464,-65.29974781852007,0,0,0
1,-73.53993199927076,-76.51657324198439,-57.742676273105815,-56.961626422357654,-87.39699897840278,0,0,1
0,-75.16048216205184,-80.73219968078624,-117.26939187996817,-103.01795294957684,-110.34129972604228,0,0,0
1,-49.855204364399256,-55.56243683430448,-58.642184385669246,-43.49454896157662,-57.05065197170086,1,1,1
0,-66.27269722646452,-71.3222547456115,-106.1028399986996,-86.80059149506341,-98.10354922607439,0,0,0
0,-66.0873540309633,-70.92232664600392,-108.05626703170216,-65.89297594501761,-95.03849823767423,0,1,0
1,-51.59434919605797,-54.48211893605824,-45.684662074873664,-40.38839290834464,-65.29974781852007,0,0,0
1,-73.53993199927076,-76.51657324198439,-57.742676273105815,-56.961626422357654,-87.39699897840278,0,0,1
0,-77.46559894315043,-82.99583951125621,-113.01069528163016,-95.33719833580915,-111.36880752763948,0,0,0
0,-66.98805403590443,-72.52918363175672,-114.96680677066259,-95.55000072292047,-101.4780960671032,0,0,0
0,-66.0873540309633,-70.92232664600392,-108.05626703170216,-65.89297594501761,-95.03849823767423,0,1,0
1,-51.59434919605797,-54.48211893605824,-45.684662074873664,-40.38839290834464,-65.29974781852007,0,0,0
1,-73.53993199927076,-76.51657324198439,-57.742676273105815,-56.961626422357654,-87.39699897840278,0,0,1
0,-77.46559894315043,-82.99583951125621,-113.01069528163016,-95.33719833580915,-111.36880752763948,0,0,0
0,-66.98805403590443,-72.52918363175672,-114.96680677066259,-95.919538426891,-101.4780960671032,0,0,0
1,-72.88641684380946,-76.24283456432171,-74.20744556854562,-57.44195783347542,-95.14865051437314,0,0,0
1,-73.53993199927076,-76.51657324198439,-57.742676273105815,-56.961626422357654,-87.39699897840278,0,0,1
0,-77.46559894315043,-82.99583951125621,-113.01069528163016,-95.33719833580915,-111.36880752763948,0,0,0
0,-70.17504946425694,-73.19913118204677,-120.25964752972621,-81.60285430531073,-106.25294372317481,0,0,0
1,-72.78851995627801,-75.4716707083934,-73.31598325158203,-56.4483270315834,-94.78331493175261,0,0,0
0,-70.17504946425694,-73.19913118204677,-120.25964752972621,-81.60285430531073,-106.25294372317481,0,0,0
1,-71.8674445218033,-71.8674445218033,-73.3079374559822,-63.041730945072715,-93.85982575859795,0,0,0
0,-58.41617390446579,-61.67536062006943,-111.04920713749009,-67.14409339315176,-91.73093604571281,0,0,0
1,-61.730741075456216,-65.91813516779395,-45.687354273951485,-45.55868916943581,-71.97121145484194,0,1,0
0,-57.3521701882981,-62.52547284839794,-78.66271044020944,-77.81910028126079,-80.95098332036093,0,0,0
0,-63.930083019309976,-69.4594384258162,-96.89506874695567,-77.31139183284371,-92.99860364339668,0,0,0
0,-65.28095815346346,-71.11765798064157,-105.75636637842645,-93.73455758650408,-97.00786806699139,0,0,0
0,-63.99055576977943,-68.61505017892193,-75.87354782363323,-62.08536056803635,-83.28688421406967,0,1,0
1,-56.77971218659559,-59.7462216576402,-36.474221682637555,-45.5055152899299,-57.32477098298767,1,1,1
0,-61.262936449790516,-64.22155421513644,-110.15774482052647,-66.63980535417681,-94.31025989594846,0,0,0
1,-57.026404311356465,-61.10316858141962,-74.78005488803399,-45.968877222408736,-75.99468487496694,0,0,1
0,-63.930083019309976,-69.4594384258162,-96.89506874695567,-75.10182033410766,-92.99860364339668,0,0,0
0,-65.28095815346346,-71.11765798064157,-105.75636637842645,-93.73455758650408,-97.00786806699139,0,0,0
0,-63.99055576977943,-68.61505017892193,-75.87354782363323,-62.08536056803635,-83.28688421406967,0,1,0
1,-56.77971218659559,-59.7462216576402,-36.474221682637555,-45.5055152899299,-57.32477098298767,1,1,1
1,-54.923954434272865,-57.7719423773442,-38.052286127301024,-44.44566061002433,-60.84657882912262,0,2,0
0,-61.26626804847953,-65.16388231044496,-59.408778528193416,-69.14757491427684,-75.62316570413783,0,0,1
0,-65.28095815346346,-71.11765798064157,-105.75636637842645,-93.73455758650408,-97.00786806699139,0,0,0
0,-63.99055576977943,-68.61505017892193,-75.87354782363323,-62.08536056803635,-83.28688421406967,0,1,0
1,-56.77971218659559,-59.7462216576402,-36.474221682637555,-45.5055152899299,-57.32477098298767,1,1,1
1,-62.71396568675961,-65.38280362173323,-55.786564784073406,-42.381539250377664,-79.44993512198162,0,0,0
0,-65.28095815346346,-71.11765798064157,-105.75636637842645,-79.9158518674655,-97.00786806699139,0,0,0
0,-63.99055576977943,-68.61505017892193,-75.87354782363323,-62.08536056803635,-83.28688421406967,0,1,0
1,-56.77971218659559,-59.7462216576402,-36.474221682637555,-45.5055152899299,-57.32477098298767,1,1,1
1,-62.71396568675961,-65.38280362173323,-55.786564784073406,-42.381539250377664,-79.44993512198162,0,0,0
0,-65.28095815346346,-71.11765798064157,-105.75636637842645,-93.73455758650408,-97.00786806699139,0,0,0
1,-65.96860705765974,-69.0543647970803,-37.36568399960116,-41.89221302769708,-73.71257635474036,0,1,0
1,-62.71396568675961,-65.38280362173323,-55.786564784073406,-42.381539250377664,-79.44993512198162,0,0,0
0,-62.439222239328075,-65.81324092012915,-66.06165434837831,-62.166822776511744,-82.25771854384156,0,0,0
1,-60.30858560350316,-60.30858560350316,-45.676616279273844,-39.90679027185134,-74.01157048728531,0,0,0
0,-55.907153297226536,-58.77969554414688,-94.58443784205028,-63.32931431582471,-84.28248464984162,0,0,0
0,-58.45217293547612,-62.809982936384095,-96.88971515043363,-46.17351367723223,-87.5190874806062,0,0,0
1,-59.14628553123409,-64.35380534822869,-78.12504520171811,-46.1364915515305,-82.58379909174953,0,0,0
0,-57.568539246653735,-63.27661786705504,-107.36852344391329,-65.65346719460402,-89.77909627982771,0,0,0
0,-63.536323293037796,-69.09930797628219,-106.71055718068968,-75.27574565542949,-95.5494904472447,0,0,0
0,-64.51743073237105,-70.33667120622285,-105.75636637842643,-80.04020448283187,-96.24434064589899,0,0,0
0,-62.67669130806637,-67.33033391023157,-71.21450546275771,-61.71542895306308,-78.54798150355313,0,2,0
1,-54.42737816691826,-57.393948954832744,-36.474221682637555,-44.03395414105842,-61.903908768909794,0,0,1
0,-55.907153297226536,-58.77969554414688,-94.58443784205028,-63.32931431582471,-84.28248464984162,0,0,0
1,-59.37620782536711,-63.48718925232503,-49.946050872289476,-57.37619223045297,-70.89428718425422,0,1,0
0,-56.43972543847296,-61.69463524531357,-87.33548559395423,-63.12820587318926,-82.64037111665922,0,0,0
0,-63.536323293037796,-69.09930797628219,-106.71055718068968,-75.27574565542949,-95.5494904472447,0,0,0
0,-64.51743073237105,-70.33667120622285,-105.75636637842643,-93.63577165044362,-96.24434064589899,0,0,0
0,-62.67669130806637,-67.33033391023157,-71.21450546275771,-57.15212205956374,-78.54798150355313,0,2,0
1,-54.42737816691826,-57.393948954832744,-36.474221682637555,-44.03395414105842,-61.903908768909794,0,0,1
0,-57.26543215685276,-60.14763725681887,-82.52642364381813,-47.08038728622193,-78.55762334719849,0,1,0
1,-56.49420533221374,-60.65257674901766,-76.16624925665582,-67.38752475552349,-79.34408010921048,0,0,0
0,-63.536323293037796,-69.09930797628219,-106.71055718068968,-75.27574565542949,-95.5494904472447,0,0,0
0,-64.51743073237105,-70.33667120622285,-105.75636637842643,-93.63577165044362,-96.24434064589899,0,0,0
0,-62.67669130806637,-67.33033391023157,-71.21450546275771,-57.15212205956374,-78.54798150355313,0,2,0
1,-54.42737816691826,-57.393948954832744,-36.474221682637555,-44.03395414105842,-61.903908768909794,0,0,1
1,-55.277918485020955,-58.207513574833065,-38.430333171669965,-44.89512174665053,-63.341282533722215,0,1,0
0,-61.84069859609973,-65.79609329069274,-76.16624925665582,-44.91769502539519,-84.69057337309647,0,0,0
0,-64.51743073237105,-70.33667120622285,-105.75636637842643,-93.63577165044362,-96.24434064589899,0,0,0
0,-62.67669130806637,-67.33033391023157,-71.21450546275771,-57.15212205956374,-78.54798150355313,0,2,0
1,-54.42737816691826,-57.393948954832744,-36.474221682637555,-44.03395414105842,-61.903908768909794,0,0,1
1,-63.013942751267706,-65.7405611188689,-37.36568399960115,-53.9235606492718,-70.75791204834833,0,1,0
0,-64.51743073237105,-70.33667120622285,-105.75636637842643,-93.63577165044362,-96.24434064589899,0,0,0
0,-62.67669130806637,-67.33033391023157,-71.21450546275771,-57.15212205956374,-78.54798150355313,0,2,0
1,-54.42737816691826,-57.393948954832744,-36.474221682637555,-44.03395414105842,-61.903908768909794,0,0,1
1,-63.013942751267706,-65.7405611188689,-37.36568399960115,-53.9235606492718,-70.75791204834833,0,1,0
0,-64.51743073237105,-70.33667120622285,-105.75636637842643,-93.63577165044362,-96.24434064589899,0,0,0
1,-67.29383172482343,-70.35346678802198,-39.32179548863357,-42.80826707356915,-75.62463446861378,0,1,0
1,-63.013942751267706,-65.7405611188689,-37.36568399960115,-53.9235606492718,-70.75791204834833,0,1,0
0,-62.71150116161795,-65.95029847325316,-83.41788596078176,-63.3436111312072,-87.73686694985248,0,0,0
1,-61.55010809904811,-61.55010809904811,-54.88705667150998,-46.06177950585322,-78.0162251005011,0,0,0
0,-53.84583374119852,-56.87688816529747,-56.85121395614221,-56.72535951391866,-67.43546202524146,0,0,1
0,-58.67582671722505,-62.86568939231269,-101.84145894433176,-79.76292989100968,-89.22826440052458,0,0,0
0,-56.36545963669276,-61.93679890317448,-119.22550336900056,-80.4513537973759,-92.13311064739293,0,0,0
0,-66.6457579926798,-72.25820542013767,-118.22358268223137,-93.6852944844146,-102.11283279734921,0,0,0
0,-63.11087887035498,-68.90461668782598,-101.69875404198409,-71.15716856543982,-93.6205050829502,0,0,0
1,-54.05502244419159,-59.807376128013715,-100.09540333078175,-49.394321292731604,-73.68643573502693,1,1,1
0,-68.82523687885167,-73.86658984540135,-108.05895148773203,-71.79201246701274,-101.24292232517128,0,0,0
0,-70.28500201659806,-75.29878892246506,-98.84582663946605,-81.23602916792365,-99.93875000843786,0,0,0
1,-54.42020500554855,-57.40747520299392,-38.430333171669965,-46.50211841544283,-62.48356905424982,0,0,1
0,-53.84583374119852,-56.87688816529747,-56.85121395614221,-56.72535951391866,-67.43546202524146,0,0,1
0,-58.67582671722505,-62.86568939231269,-101.84145894433176,-79.76292989100968,-89.22826440052458,0,0,0
0,-56.36545963669276,-61.93679890317448,-119.22550336900056,-80.4513537973759,-92.13311064739293,0,0,0
0,-66.6457579926798,-72.25820542013767,-118.22358268223137,-93.6852944844146,-102.11283279734921,0,0,0
1,-65.21048363293548,-70.90320180645179,-119.22817250949271,-82.520451674582,-97.51319948298357,0,1,0
0,-70.11421423336674,-75.57688420281065,-117.32945122477561,-79.45973928243924,-105.31304960079942,0,0,0
0,-70.28500201659806,-75.29878892246506,-98.84582663946605,-82.24699256355917,-99.93875000843786,0,0,0
1,-54.42020500554855,-57.40747520299392,-38.430333171669965,-46.50211841544283,-62.48356905424982,0,0,1
0,-53.84583374119852,-56.87688816529747,-56.85121395614221,-56.72535951391866,-67.43546202524146,0,0,1
0,-58.67582671722505,-62.86568939231269,-101.84145894433176,-79.76292989100968,-89.22826440052458,0,0,0
0,-56.36545963669276,-61.93679890317448,-119.22550336900056,-80.4513537973759,-92.13311064739293,0,0,0
1,-66.39225155987307,-71.58348386480891,-129.33007521869246,-110.53431807091917,-105.19127412548082,0,0,0
0,-68.89258648051627,-74.29562093965437,-110.01506297676445,-89.03388825422616,-98.43136947074588,0,0,1
0,-70.28500201659806,-75.29878892246506,-98.84582663946605,-81.23602916792365,-99.93875000843786,0,0,0
1,-54.42020500554855,-57.40747520299392,-38.430333171669965,-46.43621360564727,-62.48356905424982,0,0,1
0,-53.84583374119852,-56.87688816529747,-56.85121395614221,-56.72535951391866,-67.43546202524146,0,0,1
0,-58.67582671722505,-62.86568939231269,-101.84145894433176,-82.61328998880141,-89.22826440052458,0,0,0
1,-55.81433767503677,-61.34463172641459,-90.46843737477376,-55.51470523782669,-79.48913298466917,0,1,0
0,-70.0888946072909,-74.99044319784852,-105.81642572323392,-55.074052063642355,-101.83382232426106,0,0,0
0,-70.28500201659806,-75.29878892246506,-98.84582663946605,-82.24699256355917,-99.93875000843786,0,0,0
1,-54.42020500554855,-57.40747520299392,-38.430333171669965,-46.43621360564727,-62.48356905424982,0,0,1
0,-53.84583374119852,-56.87688816529747,-56.85121395614221,-56.72535951391866,-67.43546202524146,0,0,1
1,-60.948067500861214,-64.96370510167604,-103.7975704333642,-74.15551389644844,-92.08733863087048,0,0,0
0,-70.99121428559339,-76.231824622593,-115.68216323820145,-80.65138788928255,-105.69586325705382,0,0,0
0,-70.28500201659806,-75.29878892246506,-98.84582663946605,-81.23602916792365,-99.93875000843786,0,0,0
1,-54.42020500554855,-57.40747520299392,-38.430333171669965,-46.43621360564727,-62.48356905424982,0,0,1
1,-56.87765547706151,-59.63002033781676,-66.95311666534192,-58.70549498300401,-73.49785457386436,0,1,0
0,-71.45179309957099,-75.1777469860076,-95.3564086396821,-77.22443736719323,-100.05871569147563,0,0,0
0,-70.28500201659806,-75.29878892246506,-98.84582663946605,-82.24699256355917,-99.93875000843786,0,0,0
1,-54.42020500554855,-57.40747520299392,-38.430333171669965,-46.50211841544283,-62.48356905424982,0,0,1
1,-75.40968594970708,-77.87236709608412,-119.36551607227042,-84.94791715880102,-111.2193407713882,0,0,0
0,-70.28500201659806,-75.29878892246506,-98.84582663946605,-81.23602916792365,-99.93875000843786,0,0,0
1,-54.42020500554855,-57.40747520299392,-38.430333171669965,-46.50211841544283,-62.48356905424982,0,0,1
1,-75.40968594970708,-77.87236709608412,-119.36551607227042,-84.94791715880102,-111.2193407713882,0,0,0
0,-71.36155881339228,-74.83660904953733,-101.83876674525398,-78.1100786494535,-101.91318883696847,0,0,0
1,-81.18696084337022,-81.18696084337022,-64.09749706374608,-60.26986853742663,-100.41620996249404,0,0,0
1,-51.30009575959487,-54.16970208904726,-74.20744556854561,-43.177671379248196,-70.09659352735882,0,1,0
0,-70.53570686723134,-74.72981974303224,-76.2263086014633,-68.60180908345517,-89.93786354487061,0,0,1
0,-69.18999672348255,-74.94541570042848,-110.01506297676445,-82.84987032228128,-102.1945156165119,0,0,0
0,-57.800944355604976,-63.449097820889726,-100.80462258452832,-68.88771636305462,-88.04233113096348,0,0,0
1,-57.004733045990946,-61.16869646505681,-78.46883436596141,-46.51899326671738,-70.14817564738019,1,1,1
0,-56.20391217639003,-59.19396654975777,-111.04920713749009,-68.01207563890299,-86.05293841483733,0,1,0
1,-70.21502546480156,-73.18036201361065,-55.7865647840734,-51.68086861330083,-83.48525899722385,0,0,1
0,-69.18999672348255,-74.94541570042848,-110.01506297676445,-82.84987032228128,-102.1945156165119,0,0,0
0,-57.800944355604976,-63.449097820889726,-100.80462258452832,-68.88771636305462,-88.04233113096348,0,0,0
1,-57.004733045990946,-61.16869646505681,-78.46883436596141,-46.51899326671738,-70.14817564738019,1,1,1
0,-56.20391217639003,-59.19396654975777,-111.04920713749009,-68.01207563890299,-86.05293841483733,0,1,0
1,-70.21502546480156,-73.18036201361065,-55.7865647840734,-51.68086861330083,-83.48525899722385,0,0,1
0,-69.18999672348255,-74.94541570042848,-110.01506297676445,-82.84987032228128,-102.1945156165119,0,0,0
0,-58.20029434208069,-62.80550058125572,-62.004065070521605,-65.98682391987013,-76.80151386323718,0,0,0
1,-55.109580867069724,-57.67953674716893,-38.43033317166996,-42.24662456819046,-63.17294491577098,0,0,1
1,-70.21502546480156,-73.18036201361065,-55.7865647840734,-51.68086861330083,-83.48525899722385,0,0,1
0,-69.18999672348255,-74.94541570042848,-110.01506297676445,-82.84987032228128,-102.1945156165119,0,0,0
1,-56.40221228284283,-59.413410983051214,-28.15524360736504,-48.32524794073444,-61.38304946225262,0,1,0
1,-70.21502546480156,-73.18036201361065,-55.7865647840734,-51.68086861330083,-83.48525899722385,0,0,1
0,-72.81823607173652,-75.5466621718362,-91.7341948955621,-66.15943757190625,-100.33849454040515,0,0,0
1,-62.43838144284568,-62.43838144284568,-54.887056671509974,-41.39083980725489,-78.90449844429867,0,0,0
1,-50.508009467655896,-53.44097212889996,-30.101611276119623,-42.49093007940556,-34.4853163800105,4,5,4
0,-70.71540427955485,-74.80962075078429,-96.25054009713789,-69.51276816384727,-96.12483040589649,0,0,1
0,-75.77698029671735,-81.36621454146766,-135.69027266444039,-119.40148780438103,-116.48406209604947,0,0,0
0,-59.8198561557367,-65.64989313191936,-82.38641094054825,-59.51747779554756,-84.53577943790117,0,0,0
0,-52.11057423282002,-58.12286520927916,-64.85699247303964,-51.1754271565603,-61.17046426633273,1,1,1
0,-65.20511128058888,-70.49226037131541,-127.37396372966003,-114.0152059929017,-103.41730039948689,0,0,0
0,-59.705053349452925,-65.60173858085281,-117.26939187996817,-86.1457995977561,-94.88587091344337,0,0,0
0,-57.770064212453356,-61.71712221397887,-89.63538624722993,-63.507862069016205,-84.66068008662234,0,0,0
1,-52.2938856359538,-55.15900567882904,-48.53223588086968,-44.28574851592205,-66.8535564002147,0,0,0
1,-71.22897567221729,-74.11310957084082,-91.73686403605426,-50.06318481214431,-98.75003488303356,0,0,0
0,-75.77698029671735,-81.36621454146766,-135.69027266444039,-119.40148780438103,-116.48406209604947,0,0,0
0,-59.8198561557367,-65.64989313191936,-82.38641094054825,-63.370833049075394,-84.53577943790117,0,0,0
0,-52.11057423282002,-58.12286520927916,-64.85699247303964,-50.530959864947846,-61.17046426633273,1,1,1
0,-65.20511128058888,-70.49226037131541,-127.37396372966003,-114.0152059929017,-103.41730039948689,0,0,0
0,-59.705053349452925,-65.60173858085281,-117.26939187996817,-86.1457995977561,-94.88587091344337,0,0,0
0,-57.770064212453356,-61.71712221397887,-89.63538624722993,-65.46922230347809,-84.66068008662234,0,0,0
1,-52.2938856359538,-55.15900567882904,-48.53223588086968,-44.28574851592205,-66.8535564002147,0,0,0
1,-71.22897567221729,-74.11310957084082,-91.73686403605426,-50.06318481214431,-98.75003488303356,0,0,0
0,-75.77698029671735,-81.36621454146766,-135.69027266444039,-119.40148780438103,-116.48406209604947,0,0,0
0,-59.8198561557367,-65.64989313191936,-82.38641094054825,-59.51747779554756,-84.53577943790117,0,0,0
0,-52.11057423282002,-58.12286520927916,-64.85699247303964,-50.530959864947846,-61.17046426633273,1,1,1
0,-65.20511128058888,-70.49226037131541,-127.37396372966003,-110.6528585474193,-103.41730039948689,0,0,0
0,-59.705053349452925,-65.60173858085281,-117.26939187996817,-86.1457995977561,-94.88587091344337,0,0,0
1,-59.08038318983137,-61.54888629682851,-85.37399744981414,-52.971209715955766,-84.69258242477562,0,0,0
1,-71.22897567221729,-74.11310957084082,-91.73686403605426,-50.06318481214431,-98.75003488303356,0,0,0
0,-75.77698029671735,-81.36621454146766,-135.69027266444039,-119.40148780438103,-116.48406209604947,0,0,0
0,-59.8198561557367,-65.64989313191936,-82.38641094054825,-62.62856836660538,-84.53577943790117,0,0,0
0,-52.11057423282002,-58.12286520927916,-64.85699247303964,-50.530959864947846,-61.17046426633273,1,1,1
0,-65.20511128058888,-70.49226037131541,-127.37396372966003,-114.0152059929017,-103.41730039948689,0,0,0
1,-62.0695903121254,-65.53789455183578,-111.04920713749009,-59.07861201618177,-91.91861655057271,0,1,0
1,-71.22897567221729,-74.11310957084082,-91.73686403605426,-50.06318481214431,-98.75003488303356,0,0,0
0,-75.77698029671735,-81.36621454146766,-135.69027266444039,-119.40148780438103,-116.48406209604947,0,0,0
0,-59.8198561557367,-65.64989313191936,-82.38641094054825,-59.51747779554756,-84.53577943790117,0,0,0
0,-52.11057423282002,-58.12286520927916,-64.85699247303964,-50.530959864947846,-61.17046426633273,1,1,1
1,-70.02153352036034,-72.65597599029941,-131.42619941099474,-120.98918225355148,-109.44939334365876,0,0,0
1,-71.22897567221729,-74.11310957084082,-91.73686403605426,-50.06318481214431,-98.75003488303356,0,0,0
0,-75.77698029671735,-81.36621454146766,-135.69027266444039,-119.40148780438103,-116.48406209604947,0,0,0
0,-59.8198561557367,-65.64989313191936,-82.38641094054825,-63.370833049075394,-84.53577943790117,0,0,0
1,-58.785970543031375,-61.919533325638454,-55.786564784073406,-54.801104467558936,-75.5219399782534,0,0,0
1,-71.22897567221729,-74.11310957084082,-91.73686403605426,-50.06318481214431,-98.75003488303356,0,0,0
0,-75.77698029671735,-81.36621454146766,-135.69027266444039,-119.40148780438103,-116.48406209604947,0,0,0
1,-65.96386702486079,-68.90595038021364,-64.10554285934592,-45.4877620700441,-74.79832217426538,1,1,1
1,-71.22897567221729,-74.11310957084082,-91.73686403605426,-50.06318481214431,-98.75003488303356,0,0,0
0,-78.32650344684082,-81.05018714301706,-100.9446352877982,-69.55742680954057,-108.60989403318028,0,0,0
1,-70.89120734112684,-70.89120734112684,-73.30793745598218,-56.808696948794555,-92.8835885779215,0,0,0
0,-55.77886579419111,-58.985978446925415,-91.93522916870693,-65.69894047597874,-79.89369864200347,0,1,0
1,-56.958269973977906,-60.98923489109212,-61.112602753558015,-45.06127157501284,-64.89484309164612,1,1,1
0,-55.299568113387195,-60.43448783052935,-114.96680677066259,-73.60496878040348,-89.78961014458596,0,0,0
0,-67.64899873978267,-73.5071014124845,-100.80729172502048,-85.51899826554374,-97.89118625728881,0,0,0
0,-65.72291089017502,-72.04286714448676,-117.2720610204603,-79.99089248975086,-100.9045291963131,0,0,0
0,-57.61934011478373,-63.30140649397192,-76.70659895117701,-66.71674758729587,-80.63131980013684,0,0,0
1,-59.57189430951087,-63.610644078480476,-66.95580886441974,-45.6362120043764,-76.19290106603707,0,1,0
0,-63.53848879926956,-66.45556109651531,-120.25964752972621,-66.62080458299077,-99.61638305818741,0,0,0
0,-61.55925468323182,-64.36144327335421,-113.00531862652248,-70.26712833751186,-95.46085027118856,0,0,0
1,-57.06854392619447,-61.08441344157685,-64.99969737538731,-45.56943606986784,-73.10271723601095,0,0,1
0,-67.64899873978267,-73.5071014124845,-100.80729172502048,-85.51899826554374,-97.89118625728881,0,0,0
0,-65.72291089017502,-72.04286714448676,-117.2720610204603,-79.99089248975086,-100.9045291963131,0,0,0
0,-57.61934011478373,-63.30140649397192,-76.70659895117701,-66.71674758729587,-80.63131980013684,0,0,0
1,-59.57189430951087,-63.610644078480476,-66.95580886441974,-45.6362120043764,-76.19290106603707,0,1,0
0,-63.53848879926956,-66.45556109651531,-120.25964752972621,-66.62080458299077,-99.61638305818741,0,0,0
1,-54.04043193599993,-56.8275251243905,-92.62832635301785,-46.57929540657313,-81.82892984190529,0,0,0
0,-64.80384236957937,-68.99824566395347,-87.67927475819754,-86.34370812750015,-87.6418888942389,0,0,1
0,-65.72291089017502,-72.04286714448676,-117.2720610204603,-79.99089248975086,-100.9045291963131,0,0,0
0,-57.61934011478373,-63.30140649397192,-76.70659895117701,-66.71674758729587,-80.63131980013684,0,0,0
1,-59.57189430951087,-63.610644078480476,-66.95580886441974,-45.6362120043764,-76.19290106603707,0,1,0
0,-63.53848879926956,-66.45556109651531,-120.25964752972621,-66.62080458299077,-99.61638305818741,0,0,0
1,-64.78285683803198,-67.74848380541427,-83.41788596078175,-45.44813615232797,-89.8082226262665,0,0,0
0,-65.72291089017502,-72.04286714448676,-117.2720610204603,-79.99089248975086,-100.9045291963131,0,0,0
0,-57.61934011478373,-63.30140649397192,-76.70659895117701,-66.71674758729587,-80.63131980013684,0,0,0
1,-59.57189430951087,-63.610644078480476,-66.95580886441974,-45.6362120043764,-76.19290106603707,0,1,0
0,-63.53848879926956,-66.45556109651531,-120.25964752972621,-66.62080458299077,-99.61638305818741,0,0,0
1,-64.78285683803198,-67.74848380541427,-83.41788596078175,-45.44813615232797,-89.8082226262665,0,0,0
0,-65.72291089017502,-72.04286714448676,-117.2720610204603,-79.99089248975086,-100.9045291963131,0,0,0
0,-55.44085771404898,-60.025086878276696,-68.61921892042953,-63.34129454827997,-72.56088748737811,0,1,0
1,-58.51245521389732,-61.01246831314497,-55.7865647840734,-43.126507310046755,-75.24842464911933,0,0,0
1,-64.78285683803198,-67.74848380541427,-83.41788596078175,-45.44813615232797,-89.8082226262665,0,0,0
0,-65.72291089017502,-72.04286714448676,-117.2720610204603,-79.99089248975086,-100.9045291963131,0,0,0
1,-54.15656755105689,-57.20206004556265,-57.742676273105815,-43.62723551227312,-71.47937043298863,0,0,0
1,-64.78285683803198,-67.74848380541427,-83.41788596078175,-45.44813615232797,-89.8082226262665,0,0,0
0,-65.86052598015812,-69.1732515775628,-91.04376685174337,-61.47525771199085,-93.17365603568112,0,0,0
1,-65.66132297517548,-65.66132297517548,-54.88705667150997,-51.999421246112234,-82.12743997662847,0,0,0
0,-57.006206697111736,-60.130334747810934,-92.62832635301787,-64.82345099534635,-84.7947046030171,0,0,0
1,-58.626651567920675,-62.70598115421199,-74.21013776762342,-43.31975112504948,-80.8896928982077,0,0,0
0,-59.94787213875052,-65.22574848551665,-91.59418219229221,-68.45497092273756,-83.96039089363846,0,0,1
0,-72.52728864734301,-77.9134636374911,-119.22550336900056,-90.5716387964343,-108.29493965804318,0,0,0
0,-68.65902398470917,-73.58151856688886,-108.05626703170216,-75.02159753043262,-101.07590409421982,0,0,0
1,-51.62015706336175,-54.692675144141745,-38.74215954513228,-41.326035645194786,-63.242804926901435,0,0,0
0,-63.692902147124045,-66.56214916080944,-83.41788596078172,-70.4450294916451,-85.25253203255883,0,1,0
1,-56.05311543725196,-60.09030131713836,-48.53492807994749,-47.10162598199253,-67.14785795843649,0,0,1
0,-72.52728864734301,-77.9134636374911,-119.22550336900056,-93.47795322312763,-108.29493965804318,0,0,0
0,-68.65902398470917,-73.58151856688886,-108.05626703170216,-75.02159753043262,-101.07590409421982,0,0,0
1,-51.62015706336175,-54.692675144141745,-38.74215954513228,-41.326035645194786,-63.242804926901435,0,0,0
1,-56.229333223722705,-59.056436531003186,-73.31598325158204,-45.31955018683544,-78.22412819919731,0,0,0
0,-67.43117701311374,-71.18241687297615,-107.16213557424639,-84.89825886967135,-99.57981768538765,0,0,0
0,-68.65902398470917,-73.58151856688886,-108.05626703170216,-73.75151545693788,-101.07590409421982,0,0,0
1,-51.62015706336175,-54.692675144141745,-38.74215954513228,-41.107056225280594,-63.242804926901435,0,0,0
1,-68.12001787551162,-70.6611751627681,-73.31331411108984,-50.053045689097715,-90.11401210883858,0,0,0
0,-68.65902398470917,-73.58151856688886,-108.05626703170216,-79.05496343847366,-101.07590409421982,0,0,0
1,-51.62015706336175,-54.692675144141745,-38.74215954513228,-41.107056225280594,-63.242804926901435,0,0,0
1,-68.12001787551162,-70.6611751627681,-73.31331411108984,-50.053045689097715,-90.11401210883858,0,0,0
0,-71.17253544601257,-74.54154304367898,-91.73686403605427,-81.07234843670142,-98.69359465682885,0,0,0
1,-62.90070616386167,-62.90070616386167,-73.3079374559822,-40.21658933819496,-84.89308740065633,0,0,0
0,-54.38854399090431,-57.59565664363861,-92.62832635301784,-63.26771350785226,-82.17704189680967,0,0,0
1,-57.02521193912721,-61.02849724124948,-70.32304314579412,-40.67743766563667,-78.12212488286545,0,0,0
0,-58.304901182198215,-63.507161890781404,-100.80462258452835,-80.436966202898,-88.54628795755671,0,0,0
0,-68.25024037782696,-73.64360816293605,-117.26939187996817,-84.41722819722763,-103.43105794181741,0,0,0
0,-63.246558995431656,-68.07857202963203,-108.05626703170218,-75.40862124971292,-95.66343910494231,0,0,0
1,-53.069432238922076,-56.114924733427834,-40.00839761633344,-44.869292761707975,-61.60621562102238,0,0,1
0,-60.947477782131344,-63.740680511647696,-113.00531862652248,-68.86653103478982,-91.38333746728837,0,1,0
1,-56.35732663135267,-60.31889687305613,-69.2583939737253,-45.04749078914832,-73.66910892067054,0,0,1
0,-68.25024037782696,-73.64360816293605,-117.26939187996817,-84.41722819722763,-103.43105794181741,0,0,0
0,-63.246558995431656,-68.07857202963203,-108.05626703170218,-75.40862124971292,-95.66343910494231,0,0,0
1,-53.069432238922076,-56.114924733427834,-40.00839761633344,-44.869292761707975,-61.60621562102238,0,0,1
1,-55.61030060865045,-58.36178827774799,-48.53223588086969,-44.58992452103363,-66.70423547011164,0,1,0
0,-63.77870888621651,-67.4325957883734,-88.74125478977416,-80.90296119583434,-90.40108532314876,0,0,0
0,-63.246558995431656,-68.07857202963203,-108.05626703170218,-75.40862124971292,-95.66343910494231,0,0,0
1,-53.069432238922076,-56.114924733427834,-40.00839761633344,-45.01258609976366,-61.60621562102238,0,0,1
1,-65.82452564667953,-68.2683299762305,-82.52375450332597,-45.689991250251126,-90.58165199767733,0,0,0
0,-63.246558995431656,-68.07857202963203,-108.05626703170218,-75.40862124971292,-95.66343910494231,0,0,0
1,-53.069432238922076,-56.114924733427834,-40.00839761633344,-44.869292761707975,-61.60621562102238,0,0,1
1,-65.82452564667953,-68.2683299762305,-82.52375450332597,-45.689991250251126,-90.58165199767733,0,0,0
0,-64.80862335497129,-68.13289552251646,-84.48253513285056,-62.53117937527861,-90.15338389482645,0,0,0
1,-69.79693560910196,-69.79693560910196,-73.3079374559822,-54.27879223875879,-91.78931684589662,0,0,0
1,-52.291623752063515,-55.071852513847126,-37.36568399960116,-42.651076558918234,-53.10412124354468,1,1,1
0,-71.22194940662489,-75.44252307051018,-87.67927475819754,-74.4385032572795,-97.52573183408416,0,0,0
0,-73.7116148550552,-79.28844934319586,-117.26939187996815,-90.7917452680236,-108.89243241904565,0,0,0
1,-52.72733557292808,-58.4143618126219,-67.85262477790535,-43.879082085808804,-60.65858975735967,1,1,2
0,-67.56446332536069,-72.59063309248222,-141.36004206636957,-82.72597636178237,-109.97247594527155,0,0,0
0,-67.15779511138521,-71.73342333425838,-108.05626703170218,-74.80058842547764,-96.10893931809615,0,1,0
1,-56.47499139407677,-59.27430122954499,-45.684662074873664,-58.49407300351903,-66.71465411373914,0,1,0
1,-70.97522666723692,-73.9670240041304,-64.99700517630951,-51.22476348263259,-90.47432822012978,0,0,0
0,-73.7116148550552,-79.28844934319586,-117.26939187996815,-90.13121955583323,-108.89243241904565,0,0,0
1,-52.72733557292808,-58.4143618126219,-67.85262477790535,-43.879082085808804,-60.65858975735967,1,1,2
0,-67.56446332536069,-72.59063309248222,-141.36004206636957,-82.72597636178237,-109.97247594527155,0,0,0
0,-67.15779511138521,-71.73342333425838,-108.05626703170218,-79.72109017681713,-96.10893931809615,0,1,0
1,-56.47499139407677,-59.27430122954499,-45.684662074873664,-58.49407300351903,-66.71465411373914,0,1,0
1,-70.97522666723692,-73.9670240041304,-64.99700517630951,-51.22476348263259,-90.47432822012978,0,0,0
0,-75.63899628431297,-81.18714423223362,-122.2211356738663,-94.8923297272615,-112.30533698647285,0,0,0
0,-68.96271742754993,-74.47705463466075,-116.37792956300456,-89.06552035052835,-103.8760962964513,0,0,0
0,-67.15779511138521,-71.73342333425838,-108.05626703170218,-74.80058842547764,-96.10893931809615,0,1,0
1,-56.47499139407677,-59.27430122954499,-45.684662074873664,-58.49407300351903,-66.71465411373914,0,1,0
1,-70.97522666723692,-73.9670240041304,-64.99700517630951,-51.22476348263259,-90.47432822012978,0,0,0
0,-75.63899628431297,-81.18714423223362,-122.2211356738663,-94.8923297272615,-112.30533698647285,0,0,0
0,-68.96271742754993,-74.47705463466075,-116.37792956300456,-89.06552035052835,-103.8760962964513,0,0,0
1,-68.00393609718196,-71.10100942552674,-55.786564784073384,-60.24772294382976,-84.73990553240398,0,0,0
1,-70.97522666723692,-73.9670240041304,-64.99700517630951,-51.22476348263259,-90.47432822012978,0,0,0
0,-75.63899628431297,-81.18714423223362,-122.2211356738663,-94.8923297272615,-112.30533698647285,0,0,0
0,-72.29540846119124,-75.2813765689548,-122.21575901875862,-97.0637194429241,-108.96013616681883,0,0,0
1,-71.89979088902696,-74.60084902095723,-74.20744556854562,-55.87968162909658,-94.16202455959065,0,0,0
0,-72.29540846119124,-75.2813765689548,-122.21575901875862,-97.0637194429241,-108.96013616681883,0,0,0
1,-71.39999119908458,-71.39999119908458,-73.30793745598221,-61.807628543732555,-93.39237243587925,0,0,0
0,-55.56174380327826,-58.84124300832903,-117.98199084414077,-65.61145898169741,-90.9563410565205,0,0,0
1,-58.25801710048204,-62.34599916803212,-41.62707279701695,-42.95478951047468,-63.814667133987676,0,1,1
0,-55.341406431137834,-60.478669225417704,-121.32967335690267,-60.1497194435708,-91.74030843820864,0,0,0
0,-72.977854539384,-78.89292737516972,-101.6987540419841,-90.07705217325005,-100.02174484917951,0,0,1
0,-71.90146256333544,-78.04073229950404,-100.80729172502052,-81.70554709545837,-102.1436500808416,0,0,0
1,-52.691293022128356,-58.60694049681748,-70.15520988721093,-47.25913558604473,-70.27212008549192,0,1,0
0,-65.21377028227533,-70.22842632142476,-108.05895148773203,-82.25921830587735,-97.63145572859494,0,0,0
0,-65.15013166377719,-70.00117437451539,-87.67927475819754,-63.78135768373532,-91.45391409123644,0,0,0
1,-54.00027539412487,-57.071022984953494,-56.8512139561422,-43.52629913948368,-71.05563958096752,0,0,0
0,-58.34313290206924,-61.2210323970134,-113.00531862652248,-66.80811650479393,-86.75166704668543,0,2,0
1,-52.324989345610064,-56.298636899545315,-65.77164511443351,-42.53753474503558,-72.05648287994012,0,0,0
0,-72.977854539384,-78.89292737516972,-101.6987540419841,-86.5968112820137,-100.02174484917951,0,0,1
0,-71.90146256333544,-78.04073229950404,-100.80729172502052,-76.99460685494114,-102.1436500808416,0,0,0
1,-52.691293022128356,-58.60694049681748,-70.15520988721093,-45.47566186650939,-70.27212008549192,0,1,0
0,-65.21377028227533,-70.22842632142476,-108.05895148773203,-85.37854533992754,-97.63145572859494,0,0,0
0,-65.15013166377719,-70.00117437451539,-87.67927475819754,-63.32728166437593,-91.45391409123644,0,0,0
1,-54.00027539412487,-57.071022984953494,-56.8512139561422,-43.52629913948368,-71.05563958096752,0,0,0
1,-57.0187684884834,-59.78233346981274,-54.89510246710981,-47.487769474592746,-73.48729922861634,0,0,0
0,-68.7101834756075,-72.92053557513475,-106.10015554266975,-88.66701208064848,-100.54023013840842,0,0,0
0,-71.90146256333544,-78.04073229950404,-100.80729172502052,-76.99460685494114,-102.1436500808416,0,0,0
1,-52.691293022128356,-58.60694049681748,-70.15520988721093,-45.47566186650939,-70.27212008549192,0,1,0
0,-65.21377028227533,-70.22842632142476,-108.05895148773203,-82.25921830587735,-97.63145572859494,0,0,0
0,-65.15013166377719,-70.00117437451539,-87.67927475819754,-63.32728166437593,-91.45391409123644,0,0,0
1,-54.00027539412487,-57.071022984953494,-56.8512139561422,-43.52629913948368,-71.05563958096752,0,0,0
1,-68.78699723788,-71.78726676480134,-55.78656478407339,-52.81126438852437,-82.0572307703023,0,0,1
0,-71.90146256333544,-78.04073229950404,-100.80729172502052,-81.70554709545837,-102.1436500808416,0,0,0
1,-52.691293022128356,-58.60694049681748,-70.15520988721093,-47.25913558604473,-70.27212008549192,0,1,0
0,-65.21377028227533,-70.22842632142476,-108.05895148773203,-82.25921830587735,-97.63145572859494,0,0,0
0,-65.15013166377719,-70.00117437451539,-87.67927475819754,-63.32728166437593,-91.45391409123644,0,0,0
1,-54.00027539412487,-57.071022984953494,-56.8512139561422,-43.52629913948368,-71.05563958096752,0,0,0
1,-68.78699723788,-71.78726676480134,-55.78656478407339,-52.81126438852437,-82.0572307703023,0,0,1
0,-68.58473407112018,-74.78599158962382,-115.16784104380741,-77.81138432926201,-103.1350863842624,0,0,0
0,-63.110585983695934,-68.63911254714093,-118.68051467231012,-83.2317265606491,-98.71474038538898,0,0,0
0,-65.15013166377719,-70.00117437451539,-87.67927475819754,-63.32728166437593,-91.45391409123644,0,0,0
1,-54.00027539412487,-57.071022984953494,-56.8512139561422,-43.52629913948368,-71.05563958096752,0,0,0
1,-68.78699723788,-71.78726676480134,-55.78656478407339,-52.81126438852437,-82.0572307703023,0,0,1
0,-68.58473407112018,-74.78599158962382,-115.16784104380741,-77.81138432926201,-103.1350863842624,0,0,0
0,-63.110585983695934,-68.63911254714093,-118.68051467231012,-82.36040610407497,-98.71474038538898,0,0,0
1,-68.5261277178879,-71.8694295619709,-64.99700517630951,-54.32477885861139,-84.55949336798103,0,1,0
1,-68.78699723788,-71.78726676480134,-55.78656478407339,-52.81126438852437,-82.0572307703023,0,0,1
0,-68.58473407112018,-74.78599158962382,-115.16784104380741,-73.83799302344457,-103.1350863842624,0,0,0
0,-70.51049000326189,-73.54253204877135,-120.2596475297262,-94.05566794151503,-106.58838426217974,0,0,0
1,-67.3005975644011,-70.18420299358077,-93.89134065773933,-71.72059768972588,-95.4679997617229,0,0,0
0,-70.51049000326189,-73.54253204877135,-120.2596475297262,-94.1022056457917,-106.58838426217974,0,0,0
1,-82.60114308208189,-82.60114308208189,-118.66704223285186,-93.36543440066747,-118.20125575193745,0,0,0
1,-53.21657232804017,-56.22246309084352,-37.36568399960116,-41.905300751601715,-54.02906981952134,1,1,1
0,-62.485397922740034,-66.41087608573383,-94.58713004112806,-61.61295750308289,-90.86153693507845,0,0,0
0,-67.82481241787761,-73.23840636079785,-116.37526042251237,-104.33548346950093,-102.73739054463132,0,0,0
0,-63.63198070564626,-68.2722869752791,-69.25839397372532,-60.81694884097645,-80.94376299496413,0,1,0
1,-54.687426251540586,-57.69490173669867,-27.263781290401432,-44.12654212403489,-46.38737630863937,2,2,2
1,-63.10784591113246,-65.80454774713444,-57.742676273105815,-47.259351512843295,-76.96491289026447,0,0,1
0,-67.82481241787761,-73.23840636079785,-116.37526042251237,-104.33548346950093,-102.73739054463132,0,0,0
0,-63.63198070564626,-68.2722869752791,-69.25839397372532,-60.81694884097645,-80.94376299496413,0,1,0
1,-54.687426251540586,-57.69490173669867,-27.263781290401432,-44.12654212403489,-46.38737630863937,2,2,2
1,-63.10784591113246,-65.80454774713444,-57.742676273105815,-47.259351512843295,-76.96491289026447,0,0,1
0,-67.82481241787761,-73.23840636079785,-116.37526042251237,-104.33548346950093,-102.73739054463132,0,0,0
1,-65.91122133800741,-69.01568949339979,-46.576124391837276,-41.440886448339306,-76.41832275275887,0,1,0
1,-63.10784591113246,-65.80454774713444,-57.742676273105815,-47.259351512843295,-76.96491289026447,0,0,1
0,-64.60615597556567,-67.45324579155606,-91.04109771125117,-65.06253649067901,-91.91848528894101,0,0,0
1,-57.58309133200554,-57.58309133200554,-45.67661627927387,-42.860555516851726,-71.2860762157877,0,0,0
1,-50.16416512736658,-53.10611364921669,-47.83913869655878,-42.803808618460224,-61.05017083353449,0,0,1
0,-72.19752579885635,-76.31621211604877,-105.46098048937401,-70.56230093392077,-103.83581994566855,0,0,0
0,-76.86251036346565,-82.14355084702922,-141.70399648991517,-101.66179107356689,-119.3737093104402,0,0,0
0,-61.790347643763795,-66.26696702367529,-77.82965931266563,-59.27175008799503,-81.67350953476377,0,1,0
1,-54.23841300552863,-57.37197578813571,-37.36568399960116,-44.704896497783785,-65.44811820540897,0,0,0
1,-71.75651102948711,-74.64642101968772,-91.73686403605427,-52.59516442148055,-99.27757024030339,0,0,0
0,-76.86251036346565,-82.14355084702922,-141.70399648991517,-101.66179107356689,-119.3737093104402,0,0,0
0,-61.790347643763795,-66.26696702367529,-77.82965931266563,-63.78223867611298,-81.67350953476377,0,1,0
1,-54.23841300552863,-57.37197578813571,-37.36568399960116,-44.704896497783785,-65.44811820540897,0,0,0
1,-71.75651102948711,-74.64642101968772,-91.73686403605427,-53.814909183116036,-99.27757024030339,0,0,0
0,-76.86251036346565,-82.14355084702922,-141.70399648991517,-101.66179107356689,-119.3737093104402,0,0,0
1,-63.19426117673568,-66.13504244240671,-46.57612439183728,-41.97346012214077,-73.70136259148714,0,1,0
1,-71.75651102948711,-74.64642101968772,-91.73686403605427,-52.59516442148055,-99.27757024030339,0,0,0
0,-72.92903585116913,-75.64357220780285,-102.90074677683064,-79.45837466658841,-103.79925988421832,0,0,0
1,-63.21427827098995,-63.21427827098995,-45.67661627927385,-49.242306086653464,-76.9172631547721,0,0,0
1,-52.09871583781092,-55.097927058973724,-55.786564784073406,-42.74709275651941,-68.83468527303295,0,0,0
0,-69.31757859019453,-73.35462345408352,-85.37668964889193,-64.53181409844458,-94.9305854848621,0,0,0
0,-73.93483707532079,-79.61584578663955,-124.1772471628987,-94.88276835127002,-111.18801122419039,0,0,0
0,-65.32620516528998,-71.26545475782194,-113.9048267390859,-70.0432454332201,-96.03191728421602,0,1,0
0,-57.150270057503405,-63.225052790567695,-105.75903551891862,-69.63403312786939,-88.877980713179,0,0,0
0,-59.340126881866325,-64.9775297188063,-68.91727394997417,-48.6294353966658,-69.6181013584594,1,1,1
0,-61.89198147324351,-67.43740956736471,-71.21718991878758,-50.74667477303178,-79.79140254608006,0,0,1
1,-59.56211798581183,-63.97507243225169,-89.63538624722993,-47.59356907416019,-86.45273385998081,0,0,0
0,-61.15151126522098,-64.14615861576137,-122.21575901875862,-72.3756092478716,-97.81623897084856,0,0,0
1,-67.1531234432066,-69.97547740976879,-101.83876674525396,-49.83287970370303,-94.23901756398307,0,0,1
0,-73.93483707532079,-79.61584578663955,-124.1772471628987,-94.88276835127002,-111.18801122419039,0,0,0
0,-65.32620516528998,-71.26545475782194,-113.9048267390859,-66.22236841283505,-96.03191728421602,0,1,0
0,-57.150270057503405,-63.225052790567695,-105.75903551891862,-69.63403312786939,-88.877980713179,0,0,0
0,-59.340126881866325,-64.9775297188063,-68.91727394997417,-48.6294353966658,-69.6181013584594,1,1,1
0,-61.89198147324351,-67.43740956736471,-71.21718991878758,-50.74667477303178,-79.79140254608006,0,0,1
1,-59.56211798581183,-63.97507243225169,-89.63538624722993,-47.59356907416019,-86.45273385998081,0,0,0
0,-61.15151126522098,-64.14615861576137,-122.21575901875862,-72.3756092478716,-97.81623897084856,0,0,0
1,-67.1531234432066,-69.97547740976879,-101.83876674525396,-49.83287970370303,-94.23901756398307,0,0,1
0,-73.93483707532079,-79.61584578663955,-124.1772471628987,-94.88276835127002,-111.18801122419039,0,0,0
0,-65.32620516528998,-71.26545475782194,-113.9048267390859,-70.0432454332201,-96.03191728421602,0,1,0
0,-57.150270057503405,-63.225052790567695,-105.75903551891862,-69.63403312786939,-88.877980713179,0,0,0
0,-59.340126881866325,-64.9775297188063,-68.91727394997417,-48.6294353966658,-69.6181013584594,1,1,1
1,-61.10321082590458,-65.63267982830858,-94.58713004112806,-62.33392695009945,-89.479349838243,0,0,0
0,-59.14307980845422,-62.02019614065362,-71.9297888829602,-49.9255432086574,-80.72201647334228,0,0,0
1,-67.1531234432066,-69.97547740976879,-101.83876674525396,-49.83287970370303,-94.23901756398307,0,0,1
0,-73.93483707532079,-79.61584578663955,-124.1772471628987,-94.88276835127002,-111.18801122419039,0,0,0
0,-65.32620516528998,-71.26545475782194,-113.9048267390859,-66.22236841283505,-96.03191728421602,0,1,0
0,-57.150270057503405,-63.225052790567695,-105.75903551891862,-69.63403312786939,-88.877980713179,0,0,0
1,-56.9184889217418,-61.11881534875016,-78.46883436596141,-71.37421987905398,-76.9934033287305,0,1,0
0,-61.31279676959125,-64.3064276577548,-100.45257237663213,-73.940970271276,-91.4485684825809,0,0,0
1,-67.1531234432066,-69.97547740976879,-101.83876674525396,-49.83287970370303,-94.23901756398307,0,0,1
0,-73.93483707532079,-79.61584578663955,-124.1772471628987,-94.88276835127002,-111.18801122419039,0,0,0
0,-65.32620516528998,-71.26545475782194,-113.9048267390859,-66.22236841283505,-96.03191728421602,0,1,0
0,-57.23552296530667,-61.85066671121101,-54.89779466618759,-53.90964913666102,-70.23912546236322,0,1,0
1,-59.29091630017574,-61.955404612943646,-56.8512139561422,-45.589297892788565,-70.85321904367784,0,0,2
1,-67.1531234432066,-69.97547740976879,-101.83876674525396,-49.83287970370303,-94.23901756398307,0,0,1
0,-73.93483707532079,-79.61584578663955,-124.1772471628987,-94.88276835127002,-111.18801122419039,0,0,0
0,-65.32620516528998,-71.26545475782194,-113.9048267390859,-70.0432454332201,-96.03191728421602,0,1,0
1,-57.928669564471775,-61.00797519613566,-54.89510246710979,-52.39029991490138,-70.93146440180499,0,1,0
1,-67.1531234432066,-69.97547740976879,-101.83876674525396,-49.83287970370303,-94.23901756398307,0,0,1
0,-73.93483707532079,-79.61584578663955,-124.1772471628987,-94.88276835127002,-111.18801122419039,0,0,0
1,-69.23450995159862,-72.24757949136975,-66.06165434837833,-54.81091685466567,-85.5872703533124,0,1,0
1,-67.1531234432066,-69.97547740976879,-101.83876674525396,-49.83287970370303,-94.23901756398307,0,0,1
0,-75.3631517708677,-78.1251745825156,-100.9446352877982,-67.14100807258262,-105.64654235720717,0,0,0
1,-69.58173741976492,-69.58173741976492,-64.09749706374609,-51.283541487811206,-85.34525063608902,0,0,1
0,-55.97495004559962,-59.101407811369604,-91.73686403605426,-66.4295685442263,-80.03027335361618,0,1,0
1,-62.68770502803593,-66.77086521416567,-57.74536847218361,-45.12759378142113,-80.011315569691,0,0,0
0,-59.2190388479145,-64.46519929145768,-86.4440232769906,-65.94426924999453,-85.15224583101168,0,0,0
0,-68.97884120217033,-74.70432434780382,-127.37396372966005,-83.24742925661126,-107.19103032106834,0,0,0
0,-68.920878897204,-74.69437245192398,-146.85682454570892,-96.47924655949025,-112.97792626091669,0,0,0
0,-62.4675543861581,-66.96261356360257,-85.08398821586933,-59.71937778357105,-84.52701494811917,0,1,0
1,-53.48426462023464,-56.56848324690182,-54.8951024671098,-41.91879278312585,-66.48705945756787,0,1,0
0,-58.728765376973705,-61.59723466577663,-121.324296701795,-67.67182433729717,-95.1260543875122,0,0,0
1,-58.1573330640982,-62.220037220011946,-64.10823505842372,-45.822038615806385,-77.38980358162532,0,0,0
0,-68.97884120217033,-74.70432434780382,-127.37396372966005,-85.63999389290952,-107.19103032106834,0,0,0
0,-68.920878897204,-74.69437245192398,-146.85682454570892,-96.47924655949025,-112.97792626091669,0,0,0
0,-62.4675543861581,-66.96261356360257,-85.08398821586933,-59.71937778357105,-84.52701494811917,0,1,0
1,-53.48426462023464,-56.56848324690182,-54.8951024671098,-41.91879278312585,-66.48705945756787,0,1,0
1,-50.67356674958796,-53.52158000817491,-36.474221682637555,-41.954792099813616,-58.1500973515795,0,1,0
0,-65.08076221409571,-69.17854098583999,-94.29442860810545,-85.86834472756354,-93.36909079652735,0,0,0
0,-68.920878897204,-74.69437245192398,-146.85682454570892,-96.47924655949025,-112.97792626091669,0,0,0
0,-62.4675543861581,-66.96261356360257,-85.08398821586933,-59.71937778357105,-84.52701494811917,0,1,0
1,-53.48426462023464,-56.56848324690182,-54.8951024671098,-41.91879278312585,-66.48705945756787,0,1,0
1,-66.44706024180908,-69.33014811622655,-64.99700517630951,-46.267989783463285,-85.94616179470194,0,0,0
0,-68.920878897204,-74.69437245192398,-146.85682454570892,-96.47924655949025,-112.97792626091669,0,0,0
0,-62.4675543861581,-66.96261356360257,-85.08398821586933,-59.71937778357105,-84.52701494811917,0,1,0
1,-53.48426462023464,-56.56848324690182,-54.8951024671098,-41.91879278312585,-66.48705945756787,0,1,0
1,-66.44706024180908,-69.33014811622655,-64.99700517630951,-46.267989783463285,-85.94616179470194,0,0,0
0,-68.920878897204,-74.69437245192398,-146.85682454570892,-96.47924655949025,-112.97792626091669,0,0,0
1,-64.10187149782959,-67.0434436907608,-47.640773563906095,-41.95210698264986,-74.9283676642017,0,1,0
1,-66.44706024180908,-69.33014811622655,-64.99700517630951,-46.267989783463285,-85.94616179470194,0,0,0
0,-66.62771416336489,-69.91273061921295,-111.0492071374901,-73.79593825035458,-99.94247630461192,0,0,0
1,-62.12456932803804,-62.12456932803804,-91.72881824045444,-48.85076066909984,-89.64321480017438,0,0,0
1,-50.491261028165574,-53.24246813549672,-35.78112449832663,-42.098010560497805,-48.801065128723565,1,2,1
0,-71.42983449811584,-75.13644806566454,-94.23066382216365,-68.27282298434218,-96.23329774196522,0,0,1
0,-73.55263747832748,-77.80301194920166,-95.35640863968212,-81.86733766815647,-102.15956007023212,0,0,0
1,-53.81125694679709,-56.75203821246812,-28.15524360736504,-41.95912788544893,-51.86062232060742,1,1,1
1,-71.40295573746116,-73.88079297801804,-73.31331411108984,-54.032562448088804,-93.39694997078811,0,0,0
0,-73.55263747832748,-77.80301194920166,-95.35640863968212,-81.86733766815647,-102.15956007023212,0,0,0
1,-53.81125694679709,-56.75203821246812,-28.15524360736504,-41.95912788544893,-51.86062232060742,1,1,1
1,-71.40295573746116,-73.88079297801804,-73.31331411108984,-54.032562448088804,-93.39694997078811,0,0,0
0,-72.9249798666537,-75.63951622328742,-93.69030638459452,-78.9475512650347,-101.03207178203206,0,0,0
1,-69.95702281024043,-69.95702281024043,-73.3079374559822,-61.42651922972516,-91.94940404703509,0,0,0
0,-57.327493879012025,-60.429636216733094,-117.28889365982985,-66.23739172883104,-92.51416197696098,0,0,0
1,-59.45319337402062,-63.47185741929472,-55.78925698315121,-44.79830200102217,-69.25849866336652,0,1,1
0,-61.010962808983614,-66.03601016998752,-117.26939187996817,-71.32609015734212,-96.19178037297407,0,0,0
0,-71.83482356219264,-77.1112306137176,-107.16748917076842,-88.23217510184278,-103.98507031342317,0,0,0
0,-73.54304460316189,-78.45399261520109,-98.84582663946605,-83.4375847569356,-103.19679259500171,0,0,0
1,-55.013682847653214,-57.956162751993084,-54.89510246710979,-46.293395601205,-71.48221358778615,0,0,0
0,-60.39589243941917,-63.18578015770146,-100.25420724397944,-65.8620556625244,-90.472154612613,0,0,0
1,-55.883249265366516,-59.789246424610646,-74.21013776762341,-44.33939332773275,-78.14629059565354,0,0,0
0,-71.83482356219264,-77.1112306137176,-107.16748917076842,-88.82416138847061,-103.98507031342317,0,0,0
0,-73.54304460316189,-78.45399261520109,-98.84582663946605,-77.0585738361722,-103.19679259500171,0,0,0
1,-55.013682847653214,-57.956162751993084,-54.89510246710979,-46.293395601205,-71.48221358778615,0,0,0
1,-52.25772203416261,-54.93494286641492,-46.57612439183729,-43.70974223712589,-62.764823448914065,0,1,0
0,-71.06865824599933,-74.78591167186306,-86.145968247446,-86.26937158248731,-96.91244872023313,0,0,0
0,-73.54304460316189,-78.45399261520109,-98.84582663946605,-77.0585738361722,-103.19679259500171,0,0,0
1,-55.013682847653214,-57.956162751993084,-54.89510246710979,-46.293395601205,-71.48221358778615,0,0,0
1,-68.80354073560696,-71.29201783447888,-82.52375450332597,-48.47871428697264,-93.56066708660475,0,0,0
0,-73.54304460316189,-78.45399261520109,-98.84582663946605,-77.0585738361722,-103.19679259500171,0,0,0
1,-55.013682847653214,-57.956162751993084,-54.89510246710979,-46.293395601205,-71.48221358778615,0,0,0
1,-68.80354073560696,-71.29201783447888,-82.52375450332597,-48.47871428697264,-93.56066708660475,0,0,0
0,-71.57543212105193,-74.93289314857785,-101.83876674525398,-77.66994349439506,-102.12706214462813,0,0,0
1,-60.99994292479235,-60.99994292479235,-36.466175887037735,-38.25209396794993,-71.93979569090367,0,0,0
1,-52.56555667161848,-55.31735880094166,-54.89510246710979,-44.25325012476603,-69.03408741175141,0,0,0
0,-66.42142616709911,-70.32189808367342,-85.08398821586934,-62.47984908511006,-91.94662263185991,0,0,0
0,-69.04164093529604,-74.52175094900907,-124.1772471628987,-105.96805412357668,-106.29481508416565,0,0,0
0,-58.90329631463718,-64.68884679287251,-99.74264255295168,-62.92934623489202,-85.36035317772296,0,1,0
0,-58.36758010879625,-64.19629336727616,-87.68462835471955,-68.5149731853404,-81.20723271241239,0,1,0
0,-58.554886201066644,-63.752935633683464,-83.79481460364728,-44.878371888480835,-80.2275946793611,0,1,0
1,-56.41462107297228,-61.055698089990045,-60.047953581489196,-43.73380454714712,-64.03179943901986,1,1,1
0,-59.050893068124836,-61.90927416305207,-100.45257237663215,-61.62165027556486,-89.18666478111447,0,0,0
1,-65.98843738357782,-68.67421840282532,-83.41788596078176,-45.86736406392536,-91.01380317181234,0,0,0
0,-69.04164093529604,-74.52175094900907,-124.1772471628987,-105.96805412357668,-106.29481508416565,0,0,0
0,-58.90329631463718,-64.68884679287251,-99.74264255295168,-59.568855401366086,-85.36035317772296,0,1,0
0,-58.36758010879625,-64.19629336727616,-87.68462835471955,-68.87233178124937,-81.20723271241239,0,1,0
0,-58.554886201066644,-63.752935633683464,-83.79481460364728,-44.878371888480835,-80.2275946793611,0,1,0
1,-56.41462107297228,-61.055698089990045,-60.047953581489196,-43.73380454714712,-64.03179943901986,1,1,1
0,-59.050893068124836,-61.90927416305207,-100.45257237663215,-61.62165027556486,-89.18666478111447,0,0,0
1,-65.98843738357782,-68.67421840282532,-83.41788596078176,-45.86736406392536,-91.01380317181234,0,0,0
0,-69.04164093529604,-74.52175094900907,-124.1772471628987,-105.96805412357668,-106.29481508416565,0,0,0
0,-58.90329631463718,-64.68884679287251,-99.74264255295168,-59.568855401366086,-85.36035317772296,0,1,0
0,-58.36758010879625,-64.19629336727616,-87.68462835471955,-68.5149731853404,-81.20723271241239,0,1,0
1,-60.6640722536824,-64.7532388336352,-68.01500449534072,-56.780131936497995,-77.6028376994849,0,1,0
0,-62.661442677013355,-65.74903270951783,-90.35066966743243,-47.92337273500899,-89.76664357724309,0,0,0
1,-65.98843738357782,-68.67421840282532,-83.41788596078176,-45.86736406392536,-91.01380317181234,0,0,0
0,-69.04164093529604,-74.52175094900907,-124.1772471628987,-105.96805412357668,-106.29481508416565,0,0,0
0,-58.90329631463718,-64.68884679287251,-99.74264255295168,-59.568855401366086,-85.36035317772296,0,1,0
0,-56.88645116548797,-61.322918711445624,-57.452667039161,-50.03443609778799,-74.12225127723627,0,0,0
1,-59.04670849386586,-61.58238808930537,-45.68065265294452,-54.78317483181845,-72.75090428974922,0,0,0
1,-65.98843738357782,-68.67421840282532,-83.41788596078176,-45.86736406392536,-91.01380317181234,0,0,0
0,-69.04164093529604,-74.52175094900907,-124.1772471628987,-105.96805412357668,-106.29481508416565,0,0,0
0,-58.90329631463718,-64.68884679287251,-99.74264255295168,-62.92934623489202,-85.36035317772296,0,1,0
1,-58.24346627573277,-61.12644683717715,-46.57612439183728,-49.414660985782135,-72.21630359328395,0,0,0
1,-65.98843738357782,-68.67421840282532,-83.41788596078176,-45.86736406392536,-91.01380317181234,0,0,0
0,-69.04164093529604,-74.52175094900907,-124.1772471628987,-105.96805412357668,-106.29481508416565,0,0,0
1,-63.23144050759095,-66.04299342297716,-66.95311666534194,-42.00675948748001,-72.92016779879435,1,1,1
1,-65.98843738357782,-68.67421840282532,-83.41788596078176,-45.86736406392536,-91.01380317181234,0,0,0
0,-69.47031598140217,-72.11377419374442,-100.94463528779819,-74.1773737224175,-99.75370656774163,0,0,0
1,-65.6966719826199,-65.6966719826199,-64.09749706374609,-49.157668453641826,-84.92592110174373,0,0,0
0,-55.52703175908585,-58.672366341681894,-92.62832635301784,-63.90938973670951,-83.3155296649912,0,0,0
1,-60.858539486705276,-64.88011948780817,-64.10823505842372,-45.46566606873277,-80.09101000423239,0,0,0
0,-58.483289502199725,-63.650383583874465,-113.54836052012149,-75.10162331289578,-89.08206175543644,0,1,0
0,-71.3786623447432,-76.83025224693587,-109.12360065980084,-87.78204363855615,-104.11574254268345,0,0,0
0,-68.899207497434,-73.84817028222422,-98.84582663946607,-79.62920100166437,-98.55295548927383,0,0,0
1,-53.236170106784826,-56.21492848464348,-36.474221682637555,-47.75456350347143,-60.71270070877636,0,0,1
0,-57.6770550421948,-60.48394414597089,-110.15774482052647,-66.55581463402137,-90.72437848835274,0,0,0
1,-56.13289200403806,-60.039454571548255,-64.99969737538731,-43.422744137878695,-75.63280121665426,0,0,0
0,-71.3786623447432,-76.83025224693587,-109.12360065980084,-87.78204363855615,-104.11574254268345,0,0,0
0,-68.899207497434,-73.84817028222422,-98.84582663946607,-79.62920100166437,-98.55295548927383,0,0,0
1,-53.236170106784826,-56.21492848464348,-36.474221682637555,-47.213284492433694,-60.71270070877636,0,0,1
1,-51.01372184759256,-53.705593517775945,-28.15524360736504,-41.792641343805045,-55.99455902700234,0,1,0
0,-69.46348343895386,-73.24084359031545,-105.206024085214,-89.1152998970916,-101.02529066451805,0,0,0
0,-68.899207497434,-73.84817028222422,-98.84582663946607,-80.26275418880108,-98.55295548927383,0,0,0
1,-53.236170106784826,-56.21492848464348,-36.474221682637555,-47.213284492433694,-60.71270070877636,0,0,1
1,-68.63432019435767,-71.19698944839246,-93.6903063845945,-49.56072643227214,-96.74141210973602,0,0,0
0,-68.899207497434,-73.84817028222422,-98.84582663946607,-80.26275418880108,-98.55295548927383,0,0,0
1,-53.236170106784826,-56.21492848464348,-36.474221682637555,-47.425125841965894,-60.71270070877636,0,0,1
1,-68.63432019435767,-71.19698944839246,-93.6903063845945,-49.56072643227214,-96.74141210973602,0,0,0
0,-70.09712506641029,-73.50735118147853,-120.25964752972621,-77.22243568749747,-106.17501932532815,0,0,0
1,-63.947752355520414,-63.947752355520414,-73.30793745598218,-57.462672253842456,-85.94013359231506,0,0,0
1,-50.43004615127487,-53.11844539523861,-30.11135509639745,-42.894223247242586,-49.06624497179493,1,1,1
0,-72.06359212572198,-76.2869519898349,-96.88971515043366,-70.13343702693832,-101.13050667085207,0,0,0
0,-74.25485513317625,-79.84565655973677,-108.05895148773205,-101.01930952595123,-106.67254057949586,0,0,0
1,-54.19890394891793,-59.97951014101029,-67.85262477790535,-57.78597967995904,-74.55469138228953,0,0,0
0,-67.02633915522944,-72.48902581212447,-110.01773211725661,-80.2076199611949,-100.03165879040642,0,0,0
0,-65.88042002331584,-72.05301325693064,-118.1635233374239,-73.54242819059911,-101.329477024543,0,0,0
0,-55.76396334621408,-61.42049578178275,-95.8528288018794,-74.73691961968406,-84.5198119867779,0,0,0
1,-60.47549223987601,-64.51392997576691,-66.95580886441974,-45.79517451775946,-70.16502719080276,1,1,1
0,-61.08354200648007,-64.07095031738895,-103.79487823428637,-62.064100384938065,-88.75626957396626,0,0,1
1,-71.39203039052045,-74.40530768202744,-37.36568399960116,-50.61783911186426,-82.60173559040079,0,0,0
0,-74.25485513317625,-79.84565655973677,-108.05895148773205,-101.01930952595123,-106.67254057949586,0,0,0
1,-54.19890394891793,-59.97951014101029,-67.85262477790535,-58.066548732668245,-74.55469138228953,0,0,0
0,-67.02633915522944,-72.48902581212447,-110.01773211725661,-77.12127274814588,-100.03165879040642,0,0,0
0,-65.88042002331584,-72.05301325693064,-118.1635233374239,-73.54242819059911,-101.329477024543,0,0,0
0,-55.76396334621408,-61.42049578178275,-95.8528288018794,-74.73691961968406,-84.5198119867779,0,0,0
1,-60.47549223987601,-64.51392997576691,-66.95580886441974,-45.79517451775946,-70.16502719080276,1,1,1
0,-61.08354200648007,-64.07095031738895,-103.79487823428637,-62.064100384938065,-88.75626957396626,0,0,1
1,-71.39203039052045,-74.40530768202744,-37.36568399960116,-50.61783911186426,-82.60173559040079,0,0,0
0,-73.90213156742,-79.61035899923402,-106.10283999869964,-82.29420443778724,-105.73298356702989,0,0,0
0,-63.36744157152567,-69.20717693879378,-131.43424520659454,-109.24820756966065,-102.79771513350403,0,0,0
0,-65.88042002331584,-72.05301325693064,-118.1635233374239,-73.54242819059911,-101.329477024543,0,0,0
0,-55.76396334621408,-61.42049578178275,-95.8528288018794,-74.73691961968406,-84.5198119867779,0,0,0
1,-60.47549223987601,-64.51392997576691,-66.95580886441974,-45.79517451775946,-70.16502719080276,1,1,1
0,-61.08354200648007,-64.07095031738895,-103.79487823428637,-62.064100384938065,-88.75626957396626,0,0,1
1,-71.39203039052045,-74.40530768202744,-37.36568399960116,-50.61783911186426,-82.60173559040079,0,0,0
0,-73.90213156742,-79.61035899923402,-106.10283999869964,-82.29420443778724,-105.73298356702989,0,0,0
0,-63.36744157152567,-69.20717693879378,-131.43424520659454,-109.24820756966065,-102.79771513350403,0,0,0
0,-65.88042002331584,-72.05301325693064,-118.1635233374239,-73.54242819059911,-101.329477024543,0,0,0
0,-55.89304952709417,-60.42586312719633,-74.21013776762342,-62.09359882297598,-78.1560908573812,0,0,0
1,-57.235335921145094,-59.795218762507616,-28.15524360736504,-41.39140011870268,-62.216173100554876,0,0,1
1,-71.39203039052045,-74.40530768202744,-37.36568399960116,-50.61783911186426,-82.60173559040079,0,0,0
0,-73.90213156742,-79.61035899923402,-106.10283999869964,-82.29420443778724,-105.73298356702989,0,0,0
0,-63.36744157152567,-69.20717693879378,-131.43424520659454,-109.24820756966065,-102.79771513350403,0,0,0
0,-65.88042002331584,-72.05301325693064,-118.1635233374239,-73.54242819059911,-101.329477024543,0,0,0
1,-57.22120619294386,-60.27546489851764,-37.36568399960116,-46.536004202489906,-58.033703684425035,1,1,1
1,-71.39203039052045,-74.40530768202744,-37.36568399960116,-50.61783911186426,-82.60173559040079,0,0,0
0,-73.90213156742,-79.61035899923402,-106.10283999869964,-82.29420443778724,-105.73298356702989,0,0,0
0,-63.36744157152567,-69.20717693879378,-131.43424520659454,-109.24820756966065,-102.79771513350403,0,0,0
1,-64.81376249573313,-68.04668499255152,-64.99700517630951,-54.37212588592723,-84.31286404862598,0,0,0
1,-71.39203039052045,-74.40530768202744,-37.36568399960116,-50.61783911186426,-82.60173559040079,0,0,0
0,-73.90213156742,-79.61035899923402,-106.10283999869964,-82.29420443778724,-105.73298356702989,0,0,0
0,-63.386956407558195,-66.28947953758286,-102.21031873301186,-78.03604027558471,-94.05005202746176,0,0,0
1,-64.08055475873444,-66.95863782080212,-64.9970051763095,-47.130554077796624,-83.57965631162729,0,0,0
0,-63.386956407558195,-66.28947953758286,-102.21031873301186,-78.03604027558471,-94.05005202746176,0,0,0
1,-76.65083424339676,-76.65083424339676,-91.72881824045442,-76.21133738287965,-104.16947971553309,0,0,0
1,-50.43004615127488,-53.27791848895318,-27.263781290401432,-43.109545201304094,-55.14344463559558,0,0,1
0,-70.99425085085903,-75.21927915585408,-97.24247592826374,-70.86677369399243,-100.16699362933815,0,0,0
0,-70.23225592253307,-76.10079129875568,-119.22550336900058,-98.0661660728559,-105.99990693323323,0,0,0
0,-57.75334981495569,-63.330882918715844,-76.16893371268569,-70.11218385705735,-80.60402992876139,0,0,0
1,-57.678618037065156,-61.877229112571385,-96.25054009713786,-44.4694572852992,-83.08804416340679,0,0,1
0,-60.77493142881829,-63.76624078426367,-102.40868386566456,-63.82799958801984,-91.49753658851766,0,0,0
1,-70.32268911565748,-73.28444468059296,-37.36568399960116,-50.741131138131784,-78.06665841273811,0,0,1
0,-70.23225592253307,-76.10079129875568,-119.22550336900058,-98.0661660728559,-105.99990693323323,0,0,0
0,-57.75334981495569,-63.330882918715844,-76.16893371268569,-70.11218385705735,-80.60402992876139,0,0,0
1,-57.678618037065156,-61.877229112571385,-96.25054009713786,-44.4694572852992,-83.08804416340679,0,0,1
0,-60.77493142881829,-63.76624078426367,-102.40868386566456,-63.82799958801984,-91.49753658851766,0,0,0
1,-70.32268911565748,-73.28444468059296,-37.36568399960116,-50.741131138131784,-78.06665841273811,0,0,1
0,-70.23225592253307,-76.10079129875568,-119.22550336900058,-98.0661660728559,-105.99990693323323,0,0,0
0,-56.141285150055516,-60.78315076647194,-69.2583939737253,-63.93695073381552,-76.9188033421731,0,0,0
1,-55.144224154289766,-57.74882769082934,-36.47422168263755,-42.52524025290991,-62.62075475628131,0,0,1
1,-70.32268911565748,-73.28444468059296,-37.36568399960116,-50.741131138131784,-78.06665841273811,0,0,1
0,-70.23225592253307,-76.10079129875568,-119.22550336900058,-98.0661660728559,-105.99990693323323,0,0,0
1,-54.78932337305674,-57.83718145050651,-46.57612439183728,-45.300818964277966,-65.2964247878082,0,1,0
1,-70.32268911565748,-73.28444468059296,-37.36568399960116,-50.741131138131784,-78.06665841273811,0,0,1
0,-73.83423524592138,-76.7047353666481,-82.52375450332596,-68.3639555261149,-98.59136159691917,0,0,0
1,-64.39470918506568,-64.39470918506568,-36.46617588703773,-40.85991597876662,-75.334561951177,0,0,0
1,-53.65207079559687,-56.50904459927425,-55.09346759976247,-44.566916168202965,-59.78290336712644,1,1,1
0,-65.30182671242208,-69.20547266224227,-105.46098048937398,-64.83394454440956,-96.94012085923427,0,0,0
0,-70.91208619049056,-76.39780943539131,-133.73416117540796,-95.42079935177195,-111.03233454311294,0,0,0
0,-63.75997122369986,-69.56837310334463,-90.53220216071556,-59.74027482511848,-87.4538959691148,0,1,0
0,-57.778136696441976,-63.66844278441934,-97.44005744364608,-71.7044142521998,-87.0101539295358,0,0,0
0,-57.56363009161357,-62.75472730922097,-73.51972503934236,-47.926156066327096,-76.15381170061656,0,1,0
1,-57.90736254229073,-62.48247680081274,-76.16624925665585,-47.14248473320565,-77.29150141648776,0,0,1
0,-61.90270382761017,-64.73117162632454,-99.56111005966855,-64.70615739906009,-91.77103684551074,0,0,0
1,-64.81042073711242,-67.4852903599408,-74.20744556854564,-46.439085426006386,-83.60691850487639,0,0,1
0,-70.91208619049056,-76.39780943539131,-133.73416117540796,-95.42079935177195,-111.03233454311294,0,0,0
0,-63.75997122369986,-69.56837310334463,-90.53220216071556,-59.74027482511848,-87.4538959691148,0,1,0
0,-57.778136696441976,-63.66844278441934,-97.44005744364608,-71.7044142521998,-87.0101539295358,0,0,0
0,-57.56363009161357,-62.75472730922097,-73.51972503934236,-47.926156066327096,-76.15381170061656,0,1,0
1,-57.90736254229073,-62.48247680081274,-76.16624925665585,-47.14248473320565,-77.29150141648776,0,0,1
0,-61.90270382761017,-64.73117162632454,-99.56111005966855,-64.70615739906009,-91.77103684551074,0,0,0
1,-64.81042073711242,-67.4852903599408,-74.20744556854564,-46.439085426006386,-83.60691850487639,0,0,1
0,-70.91208619049056,-76.39780943539131,-133.73416117540796,-95.42079935177195,-111.03233454311294,0,0,0
0,-63.75997122369986,-69.56837310334463,-90.53220216071556,-64.2892211928189,-87.4538959691148,0,1,0
0,-57.778136696441976,-63.66844278441934,-97.44005744364608,-71.7044142521998,-87.0101539295358,0,0,0
1,-61.173962329647445,-65.32211232114514,-105.40705835835885,-59.30662853441276,-89.33034393435538,0,1,0
0,-59.52596041752766,-62.50706713708303,-73.5143483842347,-57.174292109092946,-81.58026493279807,0,0,0
1,-64.81042073711242,-67.4852903599408,-74.20744556854564,-46.439085426006386,-83.60691850487639,0,0,1
0,-70.91208619049056,-76.39780943539131,-133.73416117540796,-95.42079935177195,-111.03233454311294,0,0,0
0,-63.75997122369986,-69.56837310334463,-90.53220216071556,-64.2892211928189,-87.4538959691148,0,1,0
0,-57.611432428067204,-62.132840672055984,-47.6434657629839,-53.044299543568144,-68.43873625416265,0,1,0
1,-58.52489386083291,-61.07903631336394,-48.53223588086969,-56.03306218920772,-73.08456462509382,0,0,0
1,-64.81042073711242,-67.4852903599408,-74.20744556854564,-46.439085426006386,-83.60691850487639,0,0,1
0,-70.91208619049056,-76.39780943539131,-133.73416117540796,-95.42079935177195,-111.03233454311294,0,0,0
0,-63.75997122369986,-69.56837310334463,-90.53220216071556,-59.74027482511848,-87.4538959691148,0,1,0
1,-58.253897846566176,-61.181298551588306,-55.786564784073406,-53.1142339042461,-64.59265957338901,1,1,1
1,-64.81042073711242,-67.4852903599408,-74.20744556854564,-46.439085426006386,-83.60691850487639,0,0,1
0,-70.91208619049056,-76.39780943539131,-133.73416117540796,-95.42079935177195,-111.03233454311294,0,0,0
1,-68.03132496854889,-70.9288331717804,-66.95311666534191,-49.923315876473346,-77.72005225975228,1,1,1
1,-64.81042073711242,-67.4852903599408,-74.20744556854564,-46.439085426006386,-83.60691850487639,0,0,1
0,-69.51287668020879,-72.12273818100283,-82.52375450332596,-73.93962806076706,-94.27000303120658,0,0,0
1,-67.82960167053523,-67.82960167053523,-64.09749706374609,-50.897462300752686,-87.05885078965905,0,0,0
