is_gold,cnt_root_lp,sum_root_lp,sum_leaf_lp,sum_bl_lp,cur_score,chunk_pool_match,L_trans,R_trans
0,-49.78257180714499,-53.019680714922984,-102.40228836969044,-69.99375222437682,-80.50325831805212,0,0,0
1,-52.66285678234313,-56.77436590705005,-34.36634839783913,-39.725411405288746,-54.013963955554594,0,1,2
0,-51.179679470645006,-56.493218650814214,-81.68424911977107,-51.55476031991361,-72.2192183037766,0,0,1
0,-53.06022741963527,-58.990821965453534,-109.51660456962426,-94.11349384182859,-85.91520879052254,0,0,0
0,-51.0379312589517,-57.25091816750205,-89.63434434777785,-67.92752446900361,-77.92823456328506,0,0,0
0,-47.50025147034786,-53.46203693500809,-108.94668744921366,-65.33622122446664,-80.18425770511196,0,0,0
0,-46.53444722798917,-51.66857128562555,-57.74165743223933,-43.015409467196314,-56.925472652061515,0,0,3
1,-48.637890725529964,-53.08206579203184,-57.738972976209475,-42.38322533485715,-65.9595826183928,0,0,0
0,-45.841940873717505,-48.683898435649226,-82.71839328049671,-45.518642803790954,-70.65745885786652,0,0,0
0,-50.83652892807264,-53.73169569372019,-82.7183932804967,-58.511069780643865,-75.65204691222165,0,0,0
1,-47.70423190949789,-51.77855016057352,-57.44627154318686,-47.709811046180626,-61.472377469654226,0,0,1
0,-53.06022741963527,-58.990821965453534,-109.51660456962426,-94.11349384182859,-85.91520879052254,0,0,0
0,-51.0379312589517,-57.25091816750205,-89.63434434777785,-67.92752446900361,-77.92823456328506,0,0,0
0,-47.50025147034786,-53.46203693500809,-108.94668744921366,-65.33622122446664,-80.18425770511196,0,0,0
0,-46.53444722798917,-51.66857128562555,-57.74165743223933,-43.015409467196314,-56.925472652061515,0,0,3
1,-48.637890725529964,-53.08206579203184,-57.738972976209475,-42.38322533485715,-65.9595826183928,0,0,0
0,-45.841940873717505,-48.683898435649226,-82.71839328049671,-45.518642803790954,-70.65745885786652,0,0,0
1,-46.197984775244905,-49.05596066726117,-37.730840491384924,-39.71821997192079,-57.51723692266038,0,0,0
0,-49.225833575877445,-53.44818461152921,-51.89576686534774,-57.50907847769861,-64.79456363548177,0,0,0
0,-51.0379312589517,-57.25091816750205,-89.63434434777785,-67.92752446900361,-77.92823456328506,0,0,0
0,-47.50025147034786,-53.46203693500809,-108.94668744921366,-65.33622122446664,-80.18425770511196,0,0,0
0,-46.53444722798917,-51.66857128562555,-57.74165743223933,-43.015409467196314,-56.925472652061515,0,0,3
1,-48.637890725529964,-53.08206579203184,-57.738972976209475,-42.38322533485715,-65.9595826183928,0,0,0
0,-45.841940873717505,-48.683898435649226,-82.71839328049671,-45.518642803790954,-70.65745885786652,0,0,0
1,-48.857886471706635,-51.86389514829904,-56.15172127585715,-38.14414187172465,-65.70340285446377,0,0,0
0,-51.0379312589517,-57.25091816750205,-89.63434434777785,-67.92752446900361,-77.92823456328506,0,0,0
0,-47.50025147034786,-53.46203693500809,-108.94668744921366,-65.33622122446664,-80.18425770511196,0,0,0
0,-46.53444722798917,-51.66857128562555,-57.74165743223933,-43.015409467196314,-56.925472652061515,0,0,3
1,-48.637890725529964,-53.08206579203184,-57.738972976209475,-42.38322533485715,-65.9595826183928,0,0,0
0,-45.841940873717505,-48.683898435649226,-82.71839328049671,-45.518642803790954,-70.65745885786652,0,0,0
1,-48.857886471706635,-51.86389514829904,-56.15172127585715,-36.56929455721445,-65.70340285446377,0,0,0
0,-51.0379312589517,-57.25091816750205,-89.63434434777785,-67.92752446900361,-77.92823456328506,0,0,0
0,-47.50025147034786,-53.46203693500809,-108.94668744921366,-65.33622122446664,-80.18425770511196,0,0,0
1,-47.88141454688926,-51.941266312721964,-50.191942639983154,-49.00351049607121,-59.47326143608448,0,1,0
0,-47.72857081626877,-50.65169659556264,-57.04318359282077,-40.50781163296753,-64.841525894115,0,0,0
1,-48.857886471706635,-51.86389514829904,-56.15172127585715,-38.14414187172465,-65.70340285446377,0,0,0
0,-51.0379312589517,-57.25091816750205,-89.63434434777785,-67.92752446900361,-77.92823456328506,0,0,0
0,-45.69092914064457,-50.259444867112535,-50.83111769327894,-44.235443905916796,-60.940264448628255,0,0,0
1,-45.36490333508646,-47.903705813711156,-36.66619131931613,-47.44238454940082,-52.89902482808157,0,0,1
1,-48.857886471706635,-51.86389514829904,-56.15172127585715,-38.14414187172465,-65.70340285446377,0,0,0
0,-51.0379312589517,-57.25091816750205,-89.63434434777785,-67.92752446900361,-77.92823456328506,0,0,0
1,-47.05813993907543,-50.10560637833539,-30.10495960042334,-43.78119524774132,-52.623891916402705,0,1,0
1,-48.857886471706635,-51.86389514829904,-56.15172127585715,-38.14414187172465,-65.70340285446377,0,0,0
0,-50.47744092062172,-53.713091642966134,-57.7362807771317,-41.91054104494472,-67.79832515376123,0,0,0
1,-51.76556224111819,-51.76556224111819,-36.45978039106362,-35.78399641068408,-62.70349635843728,0,0,0
1,-43.77804630146168,-46.78983474459914,-35.774729002352515,-42.75085074777647,-49.017403558826885,0,2,0
0,-48.54767354562067,-52.76973923978636,-79.72545317470882,-52.63527685557776,-72.46530949803332,0,0,0
0,-50.82675640768649,-56.513369594618496,-80.42123481504957,-72.1291657878833,-74.95312685220136,0,0,0
1,-43.21877206801899,-49.20953925218118,-60.59190037872751,-46.05990257067557,-57.930606278837516,0,0,1
0,-51.332761075077876,-56.54905872066685,-88.24548083866387,-94.06283827122697,-77.80640532667704,0,0,0
0,-47.46966925883303,-52.19887865021391,-50.19194263998316,-53.01144258332264,-59.06151614802825,0,1,0
1,-43.07622348940845,-45.98112287430588,-36.46782618666343,-43.522690106387735,-40.15362773420857,1,3,1
1,-49.611864224842556,-52.61758755994889,-37.35928850362704,-36.15168754701703,-60.81965077593067,0,0,0
0,-50.82675640768649,-56.513369594618496,-80.42123481504957,-70.86553295827328,-74.95312685220136,0,0,0
1,-43.21877206801899,-49.20953925218118,-60.59190037872751,-46.05990257067557,-57.930606278837516,0,0,1
0,-51.332761075077876,-56.54905872066685,-88.24548083866387,-94.06283827122697,-77.80640532667704,0,0,0
0,-47.46966925883303,-52.19887865021391,-50.19194263998316,-54.96986500841774,-59.06151614802825,0,1,0
1,-43.07622348940845,-45.98112287430588,-36.46782618666343,-43.522690106387735,-40.15362773420857,1,3,1
1,-49.611864224842556,-52.61758755994889,-37.35928850362704,-36.15168754701703,-60.81965077593067,0,0,0
0,-52.66885784230626,-58.35491983453365,-78.118649705744,-61.86689318274684,-76.10445275402947,0,0,0
0,-48.30324234759231,-54.079911512751934,-68.01674699654426,-46.36759353477007,-68.70826644655558,0,0,0
0,-47.46966925883303,-52.19887865021391,-50.19194263998316,-56.379293298588955,-59.06151614802825,0,1,0
1,-43.07622348940845,-45.98112287430588,-36.46782618666343,-43.522690106387735,-40.15362773420857,1,3,1
1,-49.611864224842556,-52.61758755994889,-37.35928850362704,-36.15168754701703,-60.81965077593067,0,0,0
0,-52.66885784230626,-58.35491983453365,-78.118649705744,-61.86689318274684,-76.10445275402947,0,0,0
0,-48.30324234759231,-54.079911512751934,-68.01674699654426,-46.36759353477007,-68.70826644655558,0,0,0
1,-48.32158944994503,-51.509573929619634,-37.359288503627035,-37.74394942805843,-56.063640098233414,0,1,0
1,-49.611864224842556,-52.61758755994889,-37.35928850362704,-36.15168754701703,-60.81965077593067,0,0,0
0,-52.66885784230626,-58.35491983453365,-78.118649705744,-61.86689318274684,-76.10445275402947,0,0,0
0,-49.00570870595295,-52.20748409123597,-119.31917508557906,-80.89567418890677,-84.80146123162666,0,0,0
1,-53.76338633561327,-56.552378134492436,-45.876631711552236,-41.48352973201875,-67.52637584907895,0,0,0
0,-49.00570870595295,-52.20748409123597,-119.31917508557906,-80.89567418890677,-84.80146123162666,0,0,0
1,-51.25911577509701,-51.25911577509701,-27.2493399988275,-47.30881967916251,-59.43391777474526,0,0,0
1,-48.55997388116426,-51.51992421975857,-48.52584038489556,-46.61108547989815,-57.62466455329238,0,2,0
0,-46.37326988479997,-50.457976170371545,-80.41855035901969,-52.10299317745435,-70.49883499250588,0,0,0
0,-49.19282093259415,-54.484124171200435,-68.93046859673585,-55.68562727730702,-69.8719615116149,0,0,0
0,-50.3002009477709,-54.77837212395001,-50.83111769327894,-63.24305940568701,-62.083800352954846,0,1,0
1,-42.985750779053305,-46.09625539772707,-46.569728895863136,-39.13987694399751,-56.956669447812246,0,0,0
1,-46.432372263476964,-49.302291400228896,-45.87663171155222,-36.2437760979992,-56.729625874142904,0,0,1
0,-49.19282093259415,-54.484124171200435,-68.93046859673585,-56.4697979049976,-69.8719615116149,0,0,0
0,-50.3002009477709,-54.77837212395001,-50.83111769327894,-63.24305940568701,-62.083800352954846,0,1,0
1,-42.985750779053305,-46.09625539772707,-46.569728895863136,-39.13987694399751,-56.956669447812246,0,0,0
1,-46.432372263476964,-49.302291400228896,-45.87663171155222,-36.2437760979992,-56.729625874142904,0,0,1
0,-49.19282093259415,-54.484124171200435,-68.93046859673585,-56.4697979049976,-69.8719615116149,0,0,0
1,-49.87977177454049,-52.872330794649,-37.35928850362704,-33.24024410796099,-57.62182242282887,0,1,0
1,-46.432372263476964,-49.302291400228896,-45.87663171155222,-36.2437760979992,-56.729625874142904,0,0,1
0,-49.003788660899055,-51.76532003208764,-44.982500254096465,-39.71496294924383,-62.498538737127994,0,0,0
1,-49.67698364275996,-49.67698364275996,-45.67022078329971,-33.900450932568724,-63.37804987774987,0,0,0
0,-52.51508730837739,-55.651397713879064,-85.36760195384004,-51.45712946828913,-74.65963199172968,0,1,0
1,-51.28451595410178,-55.36560598679654,-57.04587579189857,-40.62512583787718,-68.39827869167135,0,0,0
0,-49.94461647124712,-55.22211544908755,-81.68424911977108,-62.061407323003294,-74.44989120717844,0,0,0
0,-50.14852272130993,-55.46502061965004,-106.6663616231361,-96.30681920495812,-82.14843120825076,0,0,0
0,-49.907571555810804,-54.799770061194195,-78.83399085774518,-63.653180452876576,-73.55776881313436,0,0,0
1,-42.21085456674382,-45.27441061953209,-28.14884811139093,-40.48708531639078,-40.25830129176192,1,1,1
0,-53.08140451959393,-55.92058753631039,-73.30958775560792,-66.7015373515129,-71.60854494347659,0,1,0
1,-45.97598631280733,-50.02066961569231,-46.57242109494095,-42.70448812429733,-59.94771264128961,0,0,0
0,-50.14852272130993,-55.46502061965004,-106.6663616231361,-96.30681920495812,-82.14843120825076,0,0,0
0,-49.907571555810804,-54.799770061194195,-78.83399085774518,-63.653180452876576,-73.55776881313436,0,0,0
1,-42.21085456674382,-45.27441061953209,-28.14884811139093,-40.48708531639078,-40.25830129176192,1,1,1
1,-48.323637700323566,-51.12641398723025,-47.83274320058463,-42.216460318528284,-59.207724757699225,0,1,0
0,-48.30158086125412,-51.99646994030627,-69.6208813250169,-53.466964276057844,-69.1878452587592,0,0,0
0,-49.907571555810804,-54.799770061194195,-78.83399085774518,-61.79191785258066,-73.55776881313436,0,0,0
1,-42.21085456674382,-45.27441061953209,-28.14884811139093,-40.48708531639078,-40.25830129176192,1,1,1
1,-49.557182944308316,-52.01016500738216,-36.46515704617128,-37.20416374397879,-57.03099415535997,0,0,1
0,-49.907571555810804,-54.799770061194195,-78.83399085774518,-63.653180452876576,-73.55776881313436,0,0,0
1,-42.21085456674382,-45.27441061953209,-28.14884811139093,-40.48708531639078,-40.25830129176192,1,1,1
1,-49.557182944308316,-52.01016500738216,-36.46515704617128,-37.20416374397879,-57.03099415535997,0,0,1
0,-50.48640562626112,-53.79440805782815,-64.66906448378236,-42.51400478094643,-69.88712497139582,0,0,0
1,-51.2221442255076,-51.2221442255076,-45.67022078329972,-33.98650189711608,-61.457474557697786,0,1,0
1,-47.943842288441324,-50.63250656879572,-46.569728895863136,-48.939461178939574,-49.490227708260264,1,2,1
0,-45.33039523478824,-49.45865235413549,-69.62355046550906,-53.42714104577272,-62.75172447164123,0,0,1
0,-50.636967578994565,-56.35839030795413,-91.58778669631812,-77.8022447389343,-78.11330358789,0,0,0
0,-47.654828071281926,-53.48956261931144,-108.25359026490275,-48.8179729913932,-80.13090515075275,0,0,0
0,-48.600270743726874,-53.696572747809334,-59.697768921271745,-41.90964680556778,-66.5096014201084,0,0,0
1,-50.59559399200791,-54.90904262453141,-60.041558085515064,-45.37639394668976,-65.1423255148627,0,1,0
0,-48.588737079865226,-51.40883898232303,-91.92883367273284,-46.111369914387744,-76.16738718168507,0,0,0
1,-46.303351062634974,-49.189701166003914,-55.08707210378834,-36.23124495740256,-62.82947269377148,0,0,0
0,-50.636967578994565,-56.35839030795413,-91.58778669631812,-81.66334906060749,-78.11330358789,0,0,0
0,-47.654828071281926,-53.48956261931144,-108.25359026490275,-48.8179729913932,-80.13090515075275,0,0,0
0,-48.600270743726874,-53.696572747809334,-59.697768921271745,-41.90964680556778,-66.5096014201084,0,0,0
1,-50.59559399200791,-54.90904262453141,-60.041558085515064,-45.37639394668976,-65.1423255148627,0,1,0
0,-48.588737079865226,-51.40883898232303,-91.92883367273284,-46.111369914387744,-76.16738718168507,0,0,0
1,-46.303351062634974,-49.189701166003914,-55.08707210378834,-36.23124495740256,-62.82947269377148,0,0,0
0,-50.636967578994565,-56.35839030795413,-91.58778669631812,-71.35561972409386,-78.11330358789,0,0,0
0,-47.654828071281926,-53.48956261931144,-108.25359026490275,-48.8179729913932,-80.13090515075275,0,0,0
1,-51.13221701063668,-55.12500124401967,-38.42662987477365,-53.992157451898585,-62.66020597306878,0,0,0
0,-52.42255970320591,-55.250396179658814,-82.520028147844,-56.98714369843103,-77.1785681475591,0,0,0
1,-46.303351062634974,-49.189701166003914,-55.08707210378834,-36.23124495740256,-62.82947269377148,0,0,0
0,-50.636967578994565,-56.35839030795413,-91.58778669631812,-71.35561972409386,-78.11330358789,0,0,0
0,-47.02226235781511,-51.409239708102945,-61.997669574547466,-47.87708320921519,-60.1285017868388,0,2,0
1,-47.58502255657503,-50.09219463388743,-47.63437806793194,-51.457557524282294,-61.87533597695462,0,0,0
1,-46.303351062634974,-49.189701166003914,-55.08707210378834,-36.23124495740256,-62.82947269377148,0,0,0
0,-50.636967578994565,-56.35839030795413,-91.58778669631812,-71.35561972409386,-78.11330358789,0,0,0
1,-47.905709681713844,-50.807074875931086,-54.88870697113566,-42.09673870200842,-64.37232177305454,0,0,0
1,-46.303351062634974,-49.189701166003914,-55.08707210378834,-36.23124495740256,-62.82947269377148,0,0,0
0,-48.668964838690826,-51.47487455667136,-64.09647822287961,-38.733875913968554,-67.89790830555471,0,0,0
1,-50.14960380979632,-50.14960380979632,-36.45978039106361,-36.1750691133248,-61.0875379271154,0,0,0
1,-49.45172715934703,-52.14828875803879,-39.31539999265945,-46.509272523672465,-57.78061125434514,0,1,0
0,-46.7320237166198,-50.94433426803991,-49.714336746299296,-51.510312284257495,-58.180588837709855,0,0,1
0,-51.01555582904019,-56.603390611162844,-108.05255599175793,-68.92994769671631,-83.43132262656756,0,0,0
1,-47.91825985904994,-53.71237145538617,-77.05666967416732,-52.067384481602225,-60.63805305290096,1,1,1
0,-46.98495046077986,-52.474223358567116,-108.62514225266067,-72.0877064611528,-79.57249313657806,0,0,0
0,-50.395874128638845,-56.55055520223918,-80.62226908819441,-64.37197512460483,-71.11681895229745,0,1,0
0,-45.79187413693522,-51.36081569392303,-87.86675533647143,-50.09961282439866,-68.68616483507692,0,0,1
1,-47.26486253510954,-51.27498101910233,-36.668883518393926,-38.572038055343555,-54.79979168782799,0,1,0
0,-48.83278416775738,-51.78575305082206,-91.92883367273282,-45.35043356531697,-76.41143426957723,0,0,0
1,-47.704979544466525,-50.70250294706699,-37.359288503627035,-37.58611585256788,-58.91276609555464,0,0,0
0,-51.01555582904019,-56.603390611162844,-108.05255599175793,-68.92994769671631,-83.43132262656756,0,0,0
1,-47.91825985904994,-53.71237145538617,-77.05666967416732,-52.067384481602225,-60.63805305290096,1,1,1
0,-46.98495046077986,-52.474223358567116,-108.62514225266067,-72.0877064611528,-79.57249313657806,0,0,0
0,-50.395874128638845,-56.55055520223918,-80.62226908819441,-65.66408810040993,-71.11681895229745,0,1,0
0,-45.79187413693522,-51.36081569392303,-87.86675533647143,-50.09961282439866,-68.68616483507692,0,0,1
1,-47.26486253510954,-51.27498101910233,-36.668883518393926,-38.572038055343555,-54.79979168782799,0,1,0
0,-48.83278416775738,-51.78575305082206,-91.92883367273282,-45.35043356531697,-76.41143426957723,0,0,0
1,-47.704979544466525,-50.70250294706699,-37.359288503627035,-37.58611585256788,-58.91276609555464,0,0,0
0,-53.01208014664702,-58.73299759158134,-74.57797871543706,-59.551010747023895,-75.38547376127813,0,0,0
0,-48.53882583752911,-54.426769985732065,-58.635788889695114,-44.16685269977842,-66.12956250443764,0,0,0
0,-50.395874128638845,-56.55055520223918,-80.62226908819441,-65.66408810040993,-71.11681895229745,0,1,0
0,-45.79187413693522,-51.36081569392303,-87.86675533647143,-50.09961282439866,-68.68616483507692,0,0,1
1,-47.26486253510954,-51.27498101910233,-36.668883518393926,-38.572038055343555,-54.79979168782799,0,1,0
0,-48.83278416775738,-51.78575305082206,-91.92883367273282,-45.35043356531697,-76.41143426957723,0,0,0
1,-47.704979544466525,-50.70250294706699,-37.359288503627035,-37.58611585256788,-58.91276609555464,0,0,0
0,-53.01208014664702,-58.73299759158134,-74.57797871543706,-59.551010747023895,-75.38547376127813,0,0,0
0,-48.53882583752911,-54.426769985732065,-58.635788889695114,-44.16685269977842,-66.12956250443764,0,0,0
0,-50.395874128638845,-56.55055520223918,-80.62226908819441,-65.66408810040993,-71.11681895229745,0,1,0
0,-45.765209522959836,-50.230633309248184,-76.15985376068173,-49.046785905733,-68.61316565116435,0,0,0
1,-45.77757710923172,-48.302083437153904,-28.14884811139093,-39.90201185940206,-50.75649563984927,0,0,1
1,-47.704979544466525,-50.70250294706699,-37.359288503627035,-37.58611585256788,-58.91276609555464,0,0,0
0,-53.01208014664702,-58.73299759158134,-74.57797871543706,-59.551010747023895,-75.38547376127813,0,0,0
0,-48.53882583752911,-54.426769985732065,-58.635788889695114,-44.16685269977842,-66.12956250443764,0,0,0
0,-50.395874128638845,-56.55055520223918,-80.62226908819441,-67.84553137351793,-71.11681895229745,0,1,0
1,-46.972733613729204,-49.95254524394695,-37.359288503627035,-40.278632909057684,-47.78331245641814,1,1,1
1,-47.704979544466525,-50.70250294706699,-37.359288503627035,-37.58611585256788,-58.91276609555464,0,0,0
0,-53.01208014664702,-58.73299759158134,-74.57797871543706,-59.551010747023895,-75.38547376127813,0,0,0
0,-48.53882583752911,-54.426769985732065,-58.635788889695114,-44.16685269977842,-66.12956250443764,0,0,0
1,-47.29790594452289,-50.51921766431096,-37.359288503627035,-41.04648778513186,-55.03995659281127,0,1,0
1,-47.704979544466525,-50.70250294706699,-37.359288503627035,-37.58611585256788,-58.91276609555464,0,0,0
0,-53.01208014664702,-58.73299759158134,-74.57797871543706,-59.551010747023895,-75.38547376127813,0,0,0
0,-51.41367337245636,-54.33955937041455,-66.94672116936779,-44.64095706109018,-71.49768972326669,0,0,0
1,-53.80456861466384,-56.67279421304188,-44.98516939458862,-40.22942487413707,-67.30011943304042,0,0,0
0,-51.41367337245636,-54.33955937041455,-66.94672116936779,-44.64095706109018,-71.49768972326669,0,0,0
1,-51.69902694383546,-51.69902694383546,-45.67022078329972,-40.92033211465645,-65.40009317882537,0,0,0
1,-42.786603000612864,-45.560404265671295,-47.63437806793195,-42.24950159698935,-53.61118051819272,0,1,0
0,-48.37458083698096,-51.9965002341047,-76.87521022822065,-52.501441553840095,-71.43714390544716,0,0,0
0,-46.3405325639029,-50.75865204445913,-70.31397850932782,-56.66346874337657,-67.43472611670124,0,0,0
1,-41.72958780703166,-44.7991702430783,-29.210198849279347,-41.57374397409157,-38.068114212875464,1,2,1
1,-48.82542138772401,-51.230998425788385,-36.46515704617127,-37.207357005437274,-56.29923259877567,0,0,1
0,-46.3405325639029,-50.75865204445913,-70.31397850932782,-56.66346874337657,-67.43472611670124,0,0,0
1,-41.72958780703166,-44.7991702430783,-29.210198849279347,-41.57374397409157,-38.068114212875464,1,2,1
1,-48.82542138772401,-51.230998425788385,-36.46515704617127,-37.207357005437274,-56.29923259877567,0,0,1
0,-49.68373456493627,-52.5808047582845,-64.66639534329019,-45.110840677278006,-69.08365316792333,0,0,0
1,-49.66764315290033,-49.66764315290033,-35.7666832067527,-32.97361873982064,-60.39764811492614,0,0,0
0,-50.757032130245925,-54.102680703548785,-110.34971445720505,-70.50167543885533,-83.86194646740745,0,0,0
1,-51.87156623166466,-56.158040317148284,-52.78722918231135,-39.90377729600286,-64.24199908355834,0,1,0
0,-49.230018101800326,-54.65403205316111,-98.8421155995218,-65.30777869510526,-75.41691687885715,0,1,0
0,-51.037251358005605,-56.846545194485444,-72.67484300067979,-71.16004484894614,-72.83970425820954,0,0,0
0,-51.583092277356386,-57.95971788467136,-100.80089622904639,-69.89074602810925,-81.8233611460703,0,0,0
0,-46.64904373255667,-52.52066419888734,-110.00866748079032,-57.65875458245404,-79.65164397679376,0,0,0
1,-47.246294053315125,-51.4087472062355,-47.14233821535153,-39.93472960661402,-57.923259615120855,0,1,0
0,-45.757573849225,-48.705135996051006,-64.29751249602447,-44.435578336084575,-65.04682759803234,0,0,0
0,-52.36404277255756,-55.40860984206288,-103.78848273831227,-53.57124004829355,-83.50058759405124,0,0,0
1,-46.76139892191159,-51.008489110755,-48.52853258397336,-46.20312720568048,-57.85422279430387,0,0,1
0,-51.037251358005605,-56.846545194485444,-72.67484300067979,-71.16004484894614,-72.83970425820954,0,0,0
0,-51.583092277356386,-57.95971788467136,-100.80089622904639,-80.82861962743752,-81.8233611460703,0,0,0
0,-46.64904373255667,-52.52066419888734,-110.00866748079032,-57.3291994179434,-79.65164397679376,0,0,0
1,-47.246294053315125,-51.4087472062355,-47.14233821535153,-39.93472960661402,-57.923259615120855,0,1,0
0,-45.757573849225,-48.705135996051006,-64.29751249602447,-44.435578336084575,-65.04682759803234,0,0,0
1,-46.724504566781526,-49.729687739646636,-47.832743200584645,-41.033867127549485,-61.07432752695692,0,0,0
0,-49.09561896283101,-53.26475713066927,-42.685326473111644,-53.6883468645105,-61.9012169047645,0,0,0
0,-51.583092277356386,-57.95971788467136,-100.80089622904639,-69.89074602810925,-81.8233611460703,0,0,0
0,-46.64904373255667,-52.52066419888734,-110.00866748079032,-57.65875458245404,-79.65164397679376,0,0,0
1,-47.246294053315125,-51.4087472062355,-47.14233821535153,-39.93472960661402,-57.923259615120855,0,1,0
0,-45.757573849225,-48.705135996051006,-64.29751249602447,-44.435578336084575,-65.04682759803234,0,0,0
1,-48.91359724515415,-51.84082839701411,-48.525840384895574,-34.961951410020184,-63.471349360622824,0,0,0
0,-51.583092277356386,-57.95971788467136,-100.80089622904639,-80.82861962743752,-81.8233611460703,0,0,0
0,-46.64904373255667,-52.52066419888734,-110.00866748079032,-57.65875458245404,-79.65164397679376,0,0,0
1,-47.246294053315125,-51.4087472062355,-47.14233821535153,-39.83751317442999,-57.923259615120855,0,1,0
0,-45.757573849225,-48.705135996051006,-64.29751249602447,-44.435578336084575,-65.04682759803234,0,0,0
1,-48.91359724515415,-51.84082839701411,-48.525840384895574,-34.961951410020184,-63.471349360622824,0,0,0
0,-51.583092277356386,-57.95971788467136,-100.80089622904639,-69.89074602810925,-81.8233611460703,0,0,0
0,-47.61853836381315,-52.42436130313233,-77.82326381669151,-51.24330105452849,-70.9655175088206,0,0,0
1,-45.443204865702015,-48.084608731414384,-38.42393767569584,-37.89170801328549,-56.97038616841077,0,0,0
1,-48.91359724515415,-51.84082839701411,-48.525840384895574,-34.961951410020184,-63.471349360622824,0,0,0
0,-51.583092277356386,-57.95971788467136,-100.80089622904639,-80.82861962743752,-81.8233611460703,0,0,0
1,-47.02772490360871,-50.31249855571988,-48.52584038489556,-41.444363906130036,-58.119741116277645,0,1,0
1,-48.91359724515415,-51.84082839701411,-48.525840384895574,-36.26022960707844,-63.471349360622824,0,0,0
0,-49.76319646620578,-53.18209389255493,-72.61649057129699,-42.784966804397044,-71.54814363759488,0,0,0
1,-50.41533497095713,-50.41533497095713,-63.398004383461036,-41.41345624630697,-69.43473628599544,0,0,0
1,-50.59343210080767,-53.39042400975318,-54.19560978682473,-50.13932574241721,-56.4549073284559,1,1,1
0,-47.99695687895366,-52.16690978970314,-50.13802050896804,-51.60418229541356,-59.572627128844346,0,0,1
0,-48.43047349473401,-54.08021529911692,-100.79822708855423,-65.82514056313066,-78.66994162130027,0,0,0
0,-46.733934323396326,-52.681503696210314,-100.80089622904637,-48.556042232519715,-76.97420319211024,0,0,0
1,-52.59185572724229,-57.87528831401021,-55.64015658482938,-40.16127890037017,-62.35243089709166,0,1,1
0,-50.91680523101424,-56.54304022160974,-109.51660456962426,-64.97511444328308,-83.77178660190151,0,0,0
0,-51.54026713611366,-56.94145026985765,-80.99115193546017,-84.18756394801277,-75.8376127167517,0,0,0
0,-47.46966925883303,-52.401409614699794,-52.78722918231135,-52.71330616906403,-59.840102110726704,0,1,0
1,-43.07622348940845,-46.162670333139374,-39.31539999265945,-43.893391562320616,-41.00789987600738,1,3,1
1,-48.484740940013474,-51.439906701943315,-28.14884811139093,-36.598872543742715,-53.46365947063102,0,0,1
0,-48.43047349473401,-54.08021529911692,-100.79822708855423,-66.71438136588945,-78.66994162130027,0,0,0
0,-46.733934323396326,-52.681503696210314,-100.80089622904637,-49.2359146778259,-76.97420319211024,0,0,0
1,-52.59185572724229,-57.87528831401021,-55.64015658482938,-40.16127890037017,-62.35243089709166,0,1,1
0,-50.91680523101424,-56.54304022160974,-109.51660456962426,-64.97511444328308,-83.77178660190151,0,0,0
0,-51.54026713611366,-56.94145026985765,-80.99115193546017,-84.18756394801277,-75.8376127167517,0,0,0
0,-47.46966925883303,-52.401409614699794,-52.78722918231135,-52.71330616906403,-59.840102110726704,0,1,0
1,-43.07622348940845,-46.162670333139374,-39.31539999265945,-43.893391562320616,-41.00789987600738,1,3,1
1,-48.484740940013474,-51.439906701943315,-28.14884811139093,-36.598872543742715,-53.46365947063102,0,0,1
0,-48.43047349473401,-54.08021529911692,-100.79822708855423,-65.82514056313066,-78.66994162130027,0,0,0
0,-45.314458302858114,-51.03369360289322,-79.01278116319975,-50.460239715171056,-69.01829265181803,0,0,0
1,-44.68397299982815,-49.93880969353093,-56.67967740066268,-43.886490465026945,-61.68787622002695,0,0,0
0,-51.54026713611366,-56.94145026985765,-80.99115193546017,-84.18756394801277,-75.8376127167517,0,0,0
0,-47.46966925883303,-52.401409614699794,-52.78722918231135,-52.71330616906403,-59.840102110726704,0,1,0
1,-43.07622348940845,-46.162670333139374,-39.31539999265945,-43.893391562320616,-41.00789987600738,1,3,1
1,-48.484740940013474,-51.439906701943315,-28.14884811139093,-36.598872543742715,-53.46365947063102,0,0,1
0,-48.43047349473401,-54.08021529911692,-100.79822708855423,-65.82514056313066,-78.66994162130027,0,0,0
1,-49.16040840392759,-54.851047810897555,-52.792582778833385,-59.05927666911983,-61.53244733477788,0,1,0
0,-49.17944060750882,-54.22017928220904,-71.21079442281345,-62.14367259396132,-70.54267893435286,0,0,0
0,-47.46966925883303,-52.401409614699794,-52.78722918231135,-52.71330616906403,-59.840102110726704,0,1,0
1,-43.07622348940845,-46.162670333139374,-39.31539999265945,-43.893391562320616,-41.00789987600738,1,3,1
1,-48.484740940013474,-51.439906701943315,-28.14884811139093,-36.598872543742715,-53.46365947063102,0,0,1
0,-49.64704962903075,-55.16815263566686,-66.95209782447547,-48.653732501473456,-69.73267897637339,0,0,0
0,-50.660186926134166,-56.13672831410156,-78.11864970574398,-48.06619095850463,-74.09578183785736,0,0,0
0,-47.46966925883303,-52.401409614699794,-52.78722918231135,-56.08115688433035,-59.840102110726704,0,1,0
1,-43.07622348940845,-46.162670333139374,-39.31539999265945,-43.893391562320616,-41.00789987600738,1,3,1
1,-48.484740940013474,-51.439906701943315,-28.14884811139093,-36.598872543742715,-53.46365947063102,0,0,1
0,-49.64704962903075,-55.16815263566686,-66.95209782447547,-48.653732501473456,-69.73267897637339,0,0,0
0,-50.660186926134166,-56.13672831410156,-78.11864970574398,-48.06619095850463,-74.09578183785736,0,0,0
1,-48.32158944994502,-51.71210489410551,-38.42393767569584,-33.07625702856679,-56.38303484985405,0,1,0
1,-48.484740940013474,-51.439906701943315,-28.14884811139093,-36.598872543742715,-53.46365947063102,0,0,1
0,-49.64704962903075,-55.16815263566686,-66.95209782447547,-48.653732501473456,-69.73267897637339,0,0,0
0,-50.947805245970095,-53.849452854060885,-64.0991473633718,-53.37540641503314,-70.17754945498163,0,0,0
1,-48.74636636643203,-51.535358165311195,-37.359288503627035,-43.53774388304988,-59.95415291752014,0,0,0
0,-50.947805245970095,-53.849452854060885,-64.0991473633718,-53.409967536608384,-70.17754945498163,0,0,0
1,-50.776826506332846,-50.776826506332846,-53.49446680691401,-45.9196831687934,-66.82516654840705,0,0,0
1,-46.77001952951768,-49.543114063090066,-57.73628077713167,-45.26963413067192,-58.59784231931663,0,2,0
0,-49.21818040534848,-53.03498120120339,-122.9274121894012,-49.78115777970043,-86.09640406216883,0,0,0
0,-45.89858332067866,-50.186292186735386,-74.97302087020334,-57.85593525968017,-68.39048958173966,0,0,0
1,-42.836660712958164,-45.74754854069921,-37.35928850362704,-41.48970430110454,-47.112975458446826,0,3,0
1,-47.0831125650435,-49.6580063449201,-27.254716653935162,-36.151177889420694,-42.834994312284046,1,1,2
0,-45.89858332067866,-50.186292186735386,-74.97302087020334,-57.85593525968017,-68.39048958173966,0,0,0
1,-42.836660712958164,-45.74754854069921,-37.35928850362704,-41.48970430110454,-47.112975458446826,0,3,0
1,-47.0831125650435,-49.6580063449201,-27.254716653935162,-36.151177889420694,-42.834994312284046,1,1,2
0,-47.939757862497174,-50.64327065473754,-71.92072424649389,-43.701317273515215,-69.51597513644535,0,0,0
1,-49.09548190722582,-49.09548190722582,-36.45978039106361,-32.431296123408536,-60.0334160245449,0,0,0
1,-44.7041769911016,-47.613102782696316,-47.13964601627373,-43.067520962729944,-55.380334893183985,0,0,1
0,-46.99173077148007,-51.06266706064141,-60.611475205925636,-50.77438349895391,-65.17517333325776,0,0,0
0,-49.192820932594145,-54.47581720116891,-70.88658008576826,-55.17876869515019,-70.45879495832462,0,0,0
0,-46.856006530421794,-51.32839548597418,-48.52853258397336,-49.8977311453533,-61.4145663056138,0,0,0
1,-44.135440752503186,-47.202026008355524,-27.254087360246935,-43.67420339973571,-39.88713371163727,1,1,2
1,-46.36840062085166,-49.222994550953636,-45.18353452724131,-38.2870882943107,-59.92346097902405,0,0,0
0,-49.192820932594145,-54.47581720116891,-70.88658008576826,-55.17876869515019,-70.45879495832462,0,0,0
0,-46.856006530421794,-51.32839548597418,-48.52853258397336,-49.8977311453533,-61.4145663056138,0,0,0
1,-44.135440752503186,-47.202026008355524,-27.254087360246935,-43.67420339973571,-39.88713371163727,1,1,2
1,-46.36840062085166,-49.222994550953636,-45.18353452724131,-38.2870882943107,-59.92346097902405,0,0,0
0,-49.192820932594145,-54.47581720116891,-70.88658008576826,-55.17876869515019,-70.45879495832462,0,0,0
1,-49.87977177454049,-52.83392834857,-37.35928850362704,-38.575619383284675,-50.69035061722942,1,1,1
1,-46.36840062085166,-49.222994550953636,-45.18353452724131,-38.2870882943107,-59.92346097902405,0,0,0
0,-47.70176120168419,-50.45726871539183,-35.772059861860356,-39.462369997488665,-58.433379160242296,0,0,0
1,-48.46157063662724,-48.46157063662724,-44.97712359898881,-34.332713542949406,-58.48897181352416,0,0,1
1,-48.62750025123395,-51.31567672665356,-27.25738579442732,-46.30159750228716,-44.38018274062214,1,2,1
0,-47.32541895676525,-50.945783143649265,-68.92778414070598,-50.348506067158866,-68.00375419897705,0,0,0
0,-46.470744566353176,-50.64811139332446,-76.92913235923575,-60.33940053599879,-69.5494842741239,0,0,0
1,-45.048827856840276,-47.94347673822146,-47.63437806793195,-45.13304450212412,-48.94193356882068,1,1,1
1,-47.08311256504351,-49.48868960310788,-29.21082814296757,-35.94640846955393,-50.35329956459323,0,0,2
0,-46.470744566353176,-50.64811139332446,-76.92913235923575,-60.33940053599879,-69.5494842741239,0,0,0
1,-45.048827856840276,-47.94347673822146,-47.63437806793195,-45.13304450212412,-48.94193356882068,1,1,1
1,-47.08311256504351,-49.48868960310788,-29.21082814296757,-35.94640846955393,-50.35329956459323,0,0,2
0,-47.939757862497174,-50.59889230794558,-71.92072424649389,-43.66176169032553,-69.51597513644535,0,0,0
1,-49.09548190722582,-49.09548190722582,-36.45978039106361,-32.43129612340854,-60.0334160245449,0,0,0
0,-52.10475609270817,-55.31858996682301,-111.04281164151598,-51.47377804894747,-85.41759958516298,0,0,0
1,-52.55491221692552,-56.64955564529441,-41.62067730104283,-37.45784069306773,-61.57537950443865,0,1,0
0,-51.07160208197221,-56.36714728340236,-104.36377651383053,-63.14137028209416,-82.38073503612137,0,0,0
0,-50.82880195372397,-56.50080683857328,-113.0069689261482,-53.93811158390035,-84.73089263156842,0,0,0
0,-49.44020604590154,-55.322510269925715,-99.9067647715906,-59.48128762244091,-79.41223547737872,0,0,0
0,-50.89553303225547,-55.56038955124938,-57.04587579189857,-52.03665342694149,-68.00929576982504,0,0,0
1,-44.55121204302843,-47.60749707983422,-28.145549677210543,-42.56871189398463,-44.036079600051316,0,2,1
0,-54.19796132338339,-57.07781760293264,-94.57804234607615,-64.03644867282095,-82.57137402720623,0,0,0
1,-47.39558191556435,-51.55819458912183,-67.91972624014447,-46.49450576273846,-64.30576388480797,0,0,1
0,-50.82880195372397,-56.50080683857328,-113.0069689261482,-53.93811158390035,-84.73089263156842,0,0,0
0,-49.44020604590154,-55.322510269925715,-99.9067647715906,-59.48128762244091,-79.41223547737872,0,0,0
0,-50.89553303225547,-55.56038955124938,-57.04587579189857,-52.03665342694149,-68.00929576982504,0,0,0
1,-44.55121204302843,-47.60749707983422,-28.145549677210543,-42.56871189398463,-44.036079600051316,0,2,1
1,-48.210342969053,-51.15816849379084,-39.31539999265945,-40.05649540140154,-56.53922706405111,0,1,0
0,-49.80684071101471,-53.81897864961704,-67.02826392318087,-51.38879354005077,-69.91531988796896,0,0,0
0,-49.44020604590154,-55.322510269925715,-99.9067647715906,-59.48128762244091,-79.41223547737872,0,0,0
0,-50.89553303225547,-55.56038955124938,-57.04587579189857,-52.03665342694149,-68.00929576982504,0,0,0
1,-44.55121204302843,-47.60749707983422,-28.145549677210543,-42.56871189398463,-44.036079600051316,0,2,1
1,-48.85585022035213,-51.65320101013482,-35.77472900235252,-34.87094140184979,-56.12253301825816,0,0,1
0,-49.44020604590154,-55.322510269925715,-99.9067647715906,-59.48128762244091,-79.41223547737872,0,0,0
0,-50.89553303225547,-55.56038955124938,-57.04587579189857,-52.03665342694149,-68.00929576982504,0,0,0
1,-44.55121204302843,-47.60749707983422,-28.145549677210543,-42.56871189398463,-44.036079600051316,0,2,1
1,-48.85585022035213,-51.65320101013482,-35.77472900235252,-34.87094140184979,-56.12253301825816,0,0,1
0,-49.44020604590154,-55.322510269925715,-99.9067647715906,-59.48128762244091,-79.41223547737872,0,0,0
1,-53.919298276374164,-56.999958721551714,-44.985169394588624,-34.42820583287453,-67.41484909475075,0,0,0
1,-48.85585022035213,-51.65320101013482,-35.77472900235252,-36.68854028928506,-56.12253301825816,0,0,1
0,-49.54079932182146,-52.80538211041915,-54.19560978682474,-43.480032497859405,-65.79948225786887,0,0,0
1,-51.35930185282791,-51.35930185282791,-71.50989914924993,-36.292560672044026,-72.81227159760289,0,0,0
1,-48.62750025123395,-51.39843957386628,-28.14884811139093,-46.41086589722926,-44.64762143571122,1,2,1
0,-47.32541895676525,-51.11509988546149,-68.92778414070598,-51.59163009580472,-68.00375419897705,0,0,0
0,-46.6129513198586,-50.81331067701329,-81.0304948999057,-60.63867797400966,-70.92209978983031,0,0,0
1,-43.07622348940845,-45.970872370789635,-38.42393767569584,-42.65271124280291,-51.137668889317474,0,0,1
1,-46.72449654015236,-49.29939032002896,-36.46515704617127,-36.5017938830903,-52.17098221066319,0,0,2
0,-46.6129513198586,-50.81331067701329,-81.0304948999057,-59.51968440567124,-70.92209978983031,0,0,0
1,-43.07622348940845,-45.970872370789635,-38.42393767569584,-42.65271124280291,-51.137668889317474,0,0,1
1,-46.72449654015236,-49.29939032002896,-36.46515704617127,-36.5017938830903,-52.17098221066319,0,0,2
0,-47.939757862497174,-50.59889230794558,-71.92072424649389,-43.66176169032553,-69.51597513644535,0,0,0
1,-50.85074173530111,-50.85074173530111,-44.977123598988804,-35.21580533551466,-64.34387881499775,0,0,0
1,-45.65005557779266,-48.39942431661035,-44.98516939458862,-43.78652052862349,-59.14560639616925,0,0,0
0,-50.0413177216185,-53.81071349246393,-94.60299382838195,-82.6964422104378,-78.42221587013309,0,0,0
0,-47.32656848845239,-51.511581152558364,-58.5082515747635,-56.56063256189576,-64.87904396088143,0,0,0
1,-43.18037699238464,-46.07650423784712,-28.145549677210543,-42.48367395130953,-35.14485756552615,2,2,2
1,-48.63634033409508,-51.16382908896222,-44.98250025409647,-37.44596198816321,-58.66535450752429,0,0,1
0,-47.32656848845239,-51.511581152558364,-58.5082515747635,-54.69317635520461,-64.87904396088143,0,0,0
1,-43.18037699238464,-46.07650423784712,-28.145549677210543,-42.48367395130953,-35.14485756552615,2,2,2
1,-48.63634033409508,-51.16382908896222,-44.98250025409647,-37.44596198816321,-58.66535450752429,0,0,1
0,-48.65337503109096,-51.320155313674064,-63.403381038568696,-41.176015504538356,-67.67438934266157,0,0,0
1,-49.6153984409838,-49.6153984409838,-45.67022078329973,-33.44652425241997,-63.31646467597372,0,0,0
0,-55.01095331557656,-58.198358794289895,-93.19184797745433,-73.29544457600038,-82.96850770881285,0,0,0
1,-56.8175797701016,-60.971716272380334,-48.52853258397336,-39.864641563313356,-71.37613954529361,0,0,0
0,-51.39637821433935,-56.678608777798914,-106.66636162313611,-72.59026085676192,-83.39628670128019,0,0,0
0,-47.99449400179778,-53.722815960183645,-119.42014214617129,-49.569777511920364,-83.82053664564917,0,0,0
0,-48.287779046471755,-54.50178236783258,-87.33175923847226,-59.87759324977743,-74.48730681801344,0,0,0
0,-52.577514481564904,-58.56890349313997,-63.959134660101896,-61.243226942575504,-68.29951897679575,0,1,0
0,-47.31184613662344,-53.014696649566105,-105.05687369814143,-48.80776986338514,-78.82890824606586,0,0,0
1,-46.76843663042486,-50.91346748844116,-40.036117799768306,-37.618062657563875,-55.313536067555624,0,1,0
0,-46.627436626730116,-49.64484985505269,-64.09914736337178,-42.40377239178724,-65.85718083574164,0,0,0
0,-51.30938190609953,-54.2471760493189,-92.99348284480163,-55.11285777552443,-79.20742675954003,0,0,0
1,-48.41945238621766,-52.51926052870686,-66.94941336844559,-49.93163288475729,-68.50427639675134,0,0,0
0,-47.99449400179778,-53.722815960183645,-119.42014214617129,-51.15043194669782,-83.82053664564917,0,0,0
0,-48.287779046471755,-54.50178236783258,-87.33175923847226,-59.87759324977743,-74.48730681801344,0,0,0
0,-52.577514481564904,-58.56890349313997,-63.959134660101896,-70.51361408207048,-68.29951897679575,0,1,0
0,-47.31184613662344,-53.014696649566105,-105.05687369814143,-48.80776986338514,-78.82890824606586,0,0,0
1,-46.76843663042486,-50.91346748844116,-40.036117799768306,-37.618062657563875,-55.313536067555624,0,1,0
0,-46.627436626730116,-49.64484985505269,-64.09914736337178,-42.40377239178724,-65.85718083574164,0,0,0
1,-47.53562041741393,-50.419086200843765,-57.04318359282075,-40.50972093502777,-61.18283959246043,0,1,0
0,-46.50310429863658,-50.61434886743645,-98.14633395918102,-44.465993347787354,-75.94700448639088,0,0,0
0,-48.287779046471755,-54.50178236783258,-87.33175923847226,-59.87759324977743,-74.48730681801344,0,0,0
0,-52.577514481564904,-58.56890349313997,-63.959134660101896,-61.243226942575504,-68.29951897679575,0,1,0
0,-47.31184613662344,-53.014696649566105,-105.05687369814143,-48.80776986338514,-78.82890824606586,0,0,0
1,-46.76843663042486,-50.91346748844116,-40.036117799768306,-36.93141106426667,-55.313536067555624,0,1,0
0,-46.627436626730116,-49.64484985505269,-64.09914736337178,-42.40377239178724,-65.85718083574164,0,0,0
1,-46.58720681407777,-49.482109023818275,-36.66619131931613,-38.05674895831586,-54.12132830707288,0,0,1
0,-48.287779046471755,-54.50178236783258,-87.33175923847226,-59.87759324977743,-74.48730681801344,0,0,0
0,-52.577514481564904,-58.56890349313997,-63.959134660101896,-61.243226942575504,-68.29951897679575,0,1,0
0,-47.31184613662344,-53.014696649566105,-105.05687369814143,-48.80776986338514,-78.82890824606586,0,0,0
1,-46.76843663042486,-50.91346748844116,-40.036117799768306,-37.618062657563875,-55.313536067555624,0,1,0
0,-46.627436626730116,-49.64484985505269,-64.09914736337178,-42.40377239178724,-65.85718083574164,0,0,0
1,-46.58720681407777,-49.482109023818275,-36.66619131931613,-38.05674895831586,-54.12132830707288,0,0,1
0,-48.287779046471755,-54.50178236783258,-87.33175923847226,-59.87759324977743,-74.48730681801344,0,0,0
0,-52.577514481564904,-58.56890349313997,-63.959134660101896,-61.243226942575504,-68.29951897679575,0,1,0
0,-46.94850239948841,-51.549851220116196,-83.09263746733241,-50.70231437723017,-71.87629363968813,0,0,0
1,-47.225254315431236,-49.82906026174126,-37.35928850362704,-47.29229147888968,-54.96730496371962,0,1,0
1,-46.58720681407777,-49.482109023818275,-36.66619131931613,-36.58046784821506,-54.12132830707288,0,0,1
0,-48.287779046471755,-54.50178236783258,-87.33175923847226,-59.87759324977743,-74.48730681801344,0,0,0
0,-52.577514481564904,-58.56890349313997,-63.959134660101896,-70.51361408207048,-68.29951897679575,0,1,0
1,-46.95987170215469,-50.0199956110762,-46.65231290148658,-41.90003914848634,-60.95556557260067,0,0,0
1,-46.58720681407777,-49.482109023818275,-36.66619131931613,-36.58046784821506,-54.12132830707288,0,0,1
0,-48.287779046471755,-54.50178236783258,-87.33175923847226,-59.87759324977743,-74.48730681801344,0,0,0
1,-48.87051448303067,-51.853999067026855,-28.14884811139093,-39.002027742664964,-53.849433013648216,0,1,0
1,-46.58720681407777,-49.482109023818275,-36.66619131931613,-38.05674895831586,-54.12132830707288,0,0,1
0,-49.42441565011019,-52.69386727419801,-47.63437806793195,-38.321238670708475,-60.248993167690045,0,0,1
1,-51.93832591852508,-51.93832591852508,-36.45978039106361,-34.013899652380445,-52.47905232744498,1,1,1
0,-48.3383375944247,-51.32057857138103,-91.23573648842192,-68.5178986343737,-75.70905854095128,0,0,0
0,-51.70428617399009,-56.13367537578911,-83.41418266388543,-41.88072155430388,-76.72854097315572,0,0,0
1,-52.695490947547086,-58.0581270983306,-61.30725684626641,-43.991399869845814,-71.087668001427,0,0,0
0,-49.13171664252855,-54.929298020763085,-88.24814997915601,-51.15034995756116,-75.60616163627536,0,0,0
0,-50.82880195372397,-56.61490130344155,-115.30955403545379,-53.894431102289,-85.4216681643601,0,0,0
0,-48.9633549588897,-54.836565526316136,-89.6316752072857,-58.727874876423186,-75.8528575210754,0,0,0
0,-51.20732911526186,-55.78376333877146,-59.40238303221928,-59.7114785232501,-69.02804402492764,0,0,0
1,-43.07622348940845,-46.09666272535704,-39.31539999265945,-43.893391562320616,-41.00789987600738,1,3,1
0,-48.3383375944247,-51.32057857138103,-91.23573648842192,-68.30309981445049,-75.70905854095128,0,0,0
1,-52.692987730407005,-56.84560829051537,-40.92758011673192,-56.012968638819984,-64.97126176542658,0,0,0
0,-51.928689183618715,-57.238353339465014,-63.26336833529882,-51.87244575149507,-70.90769968420835,0,0,0
0,-50.82880195372397,-56.61490130344155,-115.30955403545379,-53.894431102289,-85.4216681643601,0,0,0
0,-48.9633549588897,-54.836565526316136,-89.6316752072857,-58.727874876423186,-75.8528575210754,0,0,0
0,-51.20732911526186,-55.78376333877146,-59.40238303221928,-54.95733558971716,-69.02804402492764,0,0,0
1,-43.07622348940845,-46.09666272535704,-39.31539999265945,-43.893391562320616,-41.00789987600738,1,3,1
0,-52.0525577331618,-54.988835934210805,-91.73046854008015,-51.76937186587375,-79.57169829518584,0,0,0
1,-48.55376395095545,-52.6534125161266,-69.25199847775117,-51.48219092537986,-69.3293634942808,0,0,0
0,-50.82880195372397,-56.61490130344155,-115.30955403545379,-53.894431102289,-85.4216681643601,0,0,0
0,-48.9633549588897,-54.836565526316136,-89.6316752072857,-58.727874876423186,-75.8528575210754,0,0,0
0,-51.20732911526186,-55.78376333877146,-59.40238303221928,-54.95733558971716,-69.02804402492764,0,0,0
1,-43.07622348940845,-46.09666272535704,-39.31539999265945,-43.893391562320616,-41.00789987600738,1,3,1
1,-47.91482288894961,-50.7981290950614,-55.08707210378834,-42.75550532929628,-60.97520861728638,0,1,0
0,-49.15049460261797,-53.17455751375933,-49.49884545567224,-37.76071167065675,-60.534412336519914,0,0,1
0,-48.9633549588897,-54.836565526316136,-89.6316752072857,-58.727874876423186,-75.8528575210754,0,0,0
0,-51.20732911526186,-55.78376333877146,-59.40238303221928,-54.95733558971716,-69.02804402492764,0,0,0
1,-43.07622348940845,-46.09666272535704,-39.31539999265945,-43.893391562320616,-41.00789987600738,1,3,1
1,-51.12317992552138,-53.93090047760337,-54.39397491947743,-36.754062497326196,-67.4413724013646,0,0,0
0,-48.9633549588897,-54.836565526316136,-89.6316752072857,-58.727874876423186,-75.8528575210754,0,0,0
0,-51.20732911526186,-55.78376333877146,-59.40238303221928,-59.7114785232501,-69.02804402492764,0,0,0
1,-43.07622348940845,-46.09666272535704,-39.31539999265945,-43.893391562320616,-41.00789987600738,1,3,1
1,-51.12317992552138,-53.93090047760337,-54.39397491947743,-37.63818807652484,-67.4413724013646,0,0,0
0,-48.9633549588897,-54.836565526316136,-89.6316752072857,-58.727874876423186,-75.8528575210754,0,0,0
1,-53.01883053406407,-56.0540398458674,-37.359288503627035,-34.83664043319989,-64.22661708515218,0,0,0
1,-51.12317992552138,-53.93090047760337,-54.39397491947743,-37.63818807652484,-67.4413724013646,0,0,0
0,-49.00378866089906,-52.30210544844889,-47.83274320058463,-39.8243551154877,-63.35361162107445,0,0,0
1,-51.61314763673397,-51.61314763673397,-54.880661175535835,-37.88430466650704,-68.07734598939471,0,0,0
0,-55.01095331557655,-58.278653064540784,-91.23573648842192,-73.439279362591,-82.38167426210313,0,0,0
1,-56.81757977010161,-61.07377643273236,-48.52853258397336,-39.966223743025566,-71.37613954529361,0,0,0
0,-50.950616278320354,-56.47057059023004,-108.62247311216852,-73.07788363386413,-83.53735821197091,0,0,0
0,-51.941802006760255,-57.56856178854076,-116.2010163524174,-54.177242126953175,-86.80210691248547,0,0,0
0,-49.40911689490869,-55.65254037970116,-69.82726919468378,-57.64448820314852,-70.35729765331382,0,0,0
0,-53.2706614240297,-59.47106877680588,-72.47647786802709,-63.984959503528835,-71.54786888163811,0,1,0
0,-46.57765381338295,-52.29079800973823,-80.79278680280746,-53.92579624564467,-70.81548985422519,0,0,0
1,-47.314862491656115,-51.5091573506062,-40.92758011673192,-37.832915049377995,-59.59313652667569,0,0,0
0,-46.627436626730116,-49.72363996576519,-66.94672116936779,-45.33844001410798,-66.71145297754046,0,0,0
0,-51.78106757932282,-54.82092188289421,-92.70451486266718,-55.29149813006911,-79.59242203812298,0,0,0
1,-48.209004501473714,-52.54653639241304,-57.73897297620947,-42.62141673564005,-55.13348868593738,1,1,1
0,-51.941802006760255,-57.56856178854076,-116.2010163524174,-54.177242126953175,-86.80210691248547,0,0,0
0,-49.40911689490869,-55.65254037970116,-69.82726919468378,-57.64448820314852,-70.35729765331382,0,0,0
0,-53.2706614240297,-59.47106877680588,-72.47647786802709,-63.984959503528835,-71.54786888163811,0,1,0
0,-46.57765381338295,-52.29079800973823,-80.79278680280746,-53.92579624564467,-70.81548985422519,0,0,0
1,-47.314862491656115,-51.5091573506062,-40.92758011673192,-37.832915049377995,-59.59313652667569,0,0,0
0,-46.627436626730116,-49.72363996576519,-66.94672116936779,-45.33844001410798,-66.71145297754046,0,0,0
1,-44.121340926817176,-47.24253045869714,-44.2920722102777,-39.7198520273756,-53.943226687100754,0,1,0
0,-49.13256247314778,-53.1422448653423,-74.28259282638459,-51.27491353186993,-71.41734032106315,0,0,0
0,-49.40911689490869,-55.65254037970116,-69.82726919468378,-57.64448820314852,-70.35729765331382,0,0,0
0,-53.2706614240297,-59.47106877680588,-72.47647786802709,-63.984959503528835,-71.54786888163811,0,1,0
0,-46.57765381338295,-52.29079800973823,-80.79278680280746,-53.92579624564467,-70.81548985422519,0,0,0
1,-47.314862491656115,-51.5091573506062,-40.92758011673192,-37.832915049377995,-59.59313652667569,0,0,0
0,-46.627436626730116,-49.72363996576519,-66.94672116936779,-45.33844001410798,-66.71145297754046,0,0,0
1,-51.19062115576083,-53.98396118889599,-45.876631711552236,-34.831062527473435,-61.48787476642678,0,0,1
0,-49.40911689490869,-55.65254037970116,-69.82726919468378,-57.64448820314852,-70.35729765331382,0,0,0
0,-53.2706614240297,-59.47106877680588,-72.47647786802709,-63.984959503528835,-71.54786888163811,0,1,0
0,-46.57765381338295,-52.29079800973823,-80.79278680280746,-53.92579624564467,-70.81548985422519,0,0,0
1,-47.314862491656115,-51.5091573506062,-40.92758011673192,-37.832915049377995,-59.59313652667569,0,0,0
0,-46.627436626730116,-49.72363996576519,-66.94672116936779,-45.33844001410798,-66.71145297754046,0,0,0
1,-51.19062115576083,-53.98396118889599,-45.876631711552236,-34.831062527473435,-61.48787476642678,0,0,1
0,-49.40911689490869,-55.65254037970116,-69.82726919468378,-57.64448820314852,-70.35729765331382,0,0,0
0,-53.2706614240297,-59.47106877680588,-72.47647786802709,-63.984959503528835,-71.54786888163811,0,1,0
0,-47.51511920560495,-52.15399111015655,-74.77365939205987,-50.34193972415275,-69.9472170232229,0,0,0
1,-45.443204865702015,-48.116450437444094,-37.359288503627035,-46.09636491671623,-56.65099141679013,0,0,0
1,-51.19062115576083,-53.98396118889599,-45.876631711552236,-36.340768998617555,-61.48787476642678,0,0,1
0,-49.40911689490869,-55.65254037970116,-69.82726919468378,-57.64448820314852,-70.35729765331382,0,0,0
0,-53.2706614240297,-59.47106877680588,-72.47647786802709,-63.984959503528835,-71.54786888163811,0,1,0
1,-48.705468508973766,-51.82329112631736,-47.25950264880654,-42.518559847298114,-57.39025786027518,0,2,0
1,-51.19062115576083,-53.98396118889599,-45.876631711552236,-36.340768998617555,-61.48787476642678,0,0,1
0,-49.40911689490869,-55.65254037970116,-69.82726919468378,-57.64448820314852,-70.35729765331382,0,0,0
1,-50.953618573339874,-54.17294130944537,-55.656989224198924,-43.0403176735235,-57.25350763220037,1,1,1
1,-51.19062115576083,-53.98396118889599,-45.876631711552236,-34.831062527473435,-61.48787476642678,0,0,1
0,-49.757296290558074,-53.056168078077526,-55.78016928809926,-39.760767083468245,-66.49134707698785,0,0,0
1,-51.366164672850566,-51.366164672850566,-45.67022078329972,-34.64250247852553,-65.06723090784048,0,0,0
0,-53.904420079026465,-57.10749607579855,-111.41436362927388,-81.6109143336103,-87.32872916780863,0,0,0
1,-53.50453364744296,-57.61338944903422,-42.31047605117335,-39.42443642946776,-53.77314321385497,1,1,2
0,-48.579226622314195,-53.79828726857988,-93.89032181687291,-61.71372629098564,-76.74632316737606,0,0,0
0,-48.77483256955452,-54.427678051623026,-116.57256834017528,-55.41302404184006,-83.7466030716071,0,0,0
0,-47.328446859226965,-53.25583396054936,-76.73245533712216,-53.373649901104855,-70.34818346036361,0,0,0
0,-50.02803260264596,-54.63362754521708,-59.34846090120415,-58.615988173032385,-67.8325708730072,0,0,0
1,-44.55121204302842,-47.574335860002236,-30.101661166242952,-42.562927385096046,-44.622913046761035,0,2,1
0,-53.46809510984305,-56.36216376261467,-104.04430355407229,-63.86610084725461,-84.68138617606473,0,0,0
1,-46.03341102325318,-50.119539141646186,-65.07215243414846,-45.32002678999886,-65.55505675349772,0,0,0
0,-48.77483256955452,-54.427678051623026,-116.57256834017528,-55.41302404184006,-83.7466030716071,0,0,0
0,-47.328446859226965,-53.25583396054936,-76.73245533712216,-53.373649901104855,-70.34818346036361,0,0,0
0,-50.02803260264596,-54.63362754521708,-59.34846090120415,-52.84644422158808,-67.8325708730072,0,0,0
1,-44.55121204302842,-47.574335860002236,-30.101661166242952,-42.562927385096046,-44.622913046761035,0,2,1
1,-49.79079307450587,-52.66213404407924,-45.67826657889954,-39.916312236115076,-63.49427304817573,0,0,0
0,-49.02840261856635,-53.04054055716868,-76.23870431541701,-52.79249201638385,-71.90001391319146,0,0,0
0,-47.328446859226965,-53.25583396054936,-76.73245533712216,-53.373649901104855,-70.34818346036361,0,0,0
0,-50.02803260264596,-54.63362754521708,-59.34846090120415,-52.84644422158808,-67.8325708730072,0,0,0
1,-44.55121204302842,-47.574335860002236,-30.101661166242952,-42.562927385096046,-44.622913046761035,0,2,1
1,-48.62733336722062,-51.42468415700331,-44.29207221027773,-37.1935975909241,-58.449219127504215,0,0,1
0,-47.328446859226965,-53.25583396054936,-76.73245533712216,-53.373649901104855,-70.34818346036361,0,0,0
0,-50.02803260264596,-54.63362754521708,-59.34846090120415,-58.615988173032385,-67.8325708730072,0,0,0
1,-44.55121204302842,-47.574335860002236,-30.101661166242952,-42.562927385096046,-44.622913046761035,0,2,1
1,-48.62733336722062,-51.42468415700331,-44.29207221027773,-35.25888330331374,-58.449219127504215,0,0,1
0,-47.328446859226965,-53.25583396054936,-76.73245533712216,-53.373649901104855,-70.34818346036361,0,0,0
1,-51.57772811054472,-54.599126979299484,-47.832743200584645,-36.13751814325241,-65.92755107072011,0,0,0
1,-48.62733336722062,-51.42468415700331,-44.29207221027773,-35.25888330331374,-58.449219127504215,0,0,1
0,-47.42480284156911,-50.734468507465024,-73.50795288826059,-39.77604476380854,-69.4771887080473,0,0,0
1,-50.148347258697946,-50.148347258697946,-45.67022078329974,-35.18543941034997,-63.84941349368787,0,0,0
1,-44.764326754706374,-47.71215227944421,-56.35008640850984,-44.70738111852752,-61.669352677259326,0,0,0
0,-45.603495635530116,-49.64059823035106,-58.01618866359745,-55.86196791718006,-59.54261633180962,0,0,1
0,-49.53551620456422,-54.95914735797123,-86.78143226079752,-57.8493269274362,-75.56994588280347,0,0,0
0,-52.70168002775655,-57.26880352914304,-48.52853258397336,-53.88814194023427,-67.26023980294856,0,0,0
1,-44.60955406898576,-47.68510780849573,-28.14884811139093,-43.55981806962042,-49.58847259960331,0,1,0
1,-47.734248936127585,-50.52944451497022,-36.66619131931613,-36.15634926775869,-55.26837042912269,0,0,1
0,-49.53551620456422,-54.95914735797123,-86.78143226079752,-57.8493269274362,-75.56994588280347,0,0,0
0,-52.70168002775655,-57.26880352914304,-48.52853258397336,-60.91793576129533,-67.26023980294856,0,0,0
1,-44.60955406898576,-47.68510780849573,-28.14884811139093,-43.55981806962042,-49.58847259960331,0,1,0
1,-47.734248936127585,-50.52944451497022,-36.66619131931613,-36.15634926775869,-55.26837042912269,0,0,1
0,-49.53551620456422,-54.95914735797123,-86.78143226079752,-57.8493269274362,-75.56994588280347,0,0,0
1,-55.72544527187525,-58.75134386155546,-37.35928850362704,-42.51659988656038,-66.93323182296336,0,0,0
1,-47.734248936127585,-50.52944451497022,-36.66619131931613,-36.15634926775869,-55.26837042912269,0,0,1
0,-49.003788660899055,-51.80969837887959,-44.982500254096465,-39.8953321989623,-62.498538737127994,0,0,0
1,-49.404982070950965,-49.404982070950965,-63.39800438346104,-34.12533187431289,-68.42438338598927,0,0,0
1,-46.268650722143846,-49.01277023386798,-47.139646016273716,-45.380582159587334,-60.41054452702596,0,0,0
0,-45.30411149098666,-49.07350726183209,-68.927784140706,-56.059736993388476,-65.98244673319846,0,0,0
0,-45.89858332067866,-50.2255423258672,-76.92913235923575,-59.81204674871257,-68.97732302844939,0,0,0
1,-42.83666071295816,-45.79202013641619,-39.31539999265945,-42.5359462507792,-47.69980890515654,0,3,0
1,-47.0831125650435,-49.610601319910636,-29.21082814296757,-36.206962110632624,-50.35329956459322,0,0,2
0,-45.89858332067866,-50.2255423258672,-76.92913235923575,-59.81204674871257,-68.97732302844939,0,0,0
1,-42.83666071295816,-45.79202013641619,-39.31539999265945,-42.5359462507792,-47.69980890515654,0,3,0
1,-47.0831125650435,-49.610601319910636,-29.21082814296757,-36.206962110632624,-50.35329956459322,0,0,2
0,-47.837975174964136,-50.64388489294467,-81.13116463873003,-44.3762130782492,-72.17732456658314,0,0,0
1,-48.99369921969278,-48.99369921969278,-36.45978039106362,-31.924735744035836,-56.46589743421213,0,1,0
1,-44.51002099605301,-47.38594031310798,-44.985169394588624,-43.50040455034604,-58.005571814429594,0,0,0
0,-46.99173077148007,-50.954610361844416,-57.124726346633835,-51.551934916824116,-64.12914867547022,0,0,0
0,-52.24524590328442,-57.83873541782996,-109.11720516382674,-72.0381918633161,-84.98040745243244,0,0,0
0,-51.91967909631608,-57.85628632918764,-88.44651511180871,-73.84184743035915,-78.4536336298587,0,0,0
0,-47.97915691251656,-53.60131624395506,-116.37153406703041,-55.53678277567712,-82.89061713262568,0,0,0
1,-51.217400502996185,-55.433491004128506,-49.24655819200442,-39.05453193763193,-65.99136796059751,0,0,0
0,-48.59744327792107,-51.693646616956144,-91.92883367273284,-66.21879165293882,-76.17609337974092,0,0,0
1,-52.80985794653896,-55.556395177843946,-39.31539999265945,-39.48771925811739,-64.6044779443368,0,0,0
0,-52.24524590328442,-57.83873541782996,-109.11720516382674,-72.82538795286126,-84.98040745243244,0,0,0
0,-51.91967909631608,-57.85628632918764,-88.44651511180871,-73.84184743035915,-78.4536336298587,0,0,0
0,-47.97915691251656,-53.60131624395506,-116.37153406703041,-55.53678277567712,-82.89061713262568,0,0,0
1,-51.217400502996185,-55.433491004128506,-49.24655819200442,-39.05453193763193,-65.99136796059751,0,0,0
0,-48.59744327792107,-51.693646616956144,-91.92883367273284,-66.21879165293882,-76.17609337974092,0,0,0
1,-52.80985794653896,-55.556395177843946,-39.31539999265945,-39.48771925811739,-64.6044779443368,0,0,0
0,-52.24524590328442,-57.83873541782996,-109.11720516382674,-72.82538795286126,-84.98040745243244,0,0,0
0,-51.91967909631608,-57.85628632918764,-88.44651511180871,-62.22005522162203,-78.4536336298587,0,0,0
0,-45.9460181635671,-50.550653473332055,-94.58073454515394,-48.39930066222464,-74.32023852711329,0,0,0
1,-46.31186721109416,-48.94376163841012,-30.10495960042334,-38.427775341783786,-49.85029364788061,0,0,2
1,-52.80985794653896,-55.556395177843946,-39.31539999265945,-39.48771925811739,-64.6044779443368,0,0,0
0,-52.24524590328442,-57.83873541782996,-109.11720516382674,-72.82538795286126,-84.98040745243244,0,0,0
0,-51.91967909631608,-57.85628632918764,-88.44651511180871,-62.22005522162203,-78.4536336298587,0,0,0
1,-46.344569852296885,-49.36500908824548,-46.248183699310125,-41.76030140067131,-60.219024962089925,0,0,0
1,-52.80985794653896,-55.556395177843946,-39.31539999265945,-39.48771925811739,-64.6044779443368,0,0,0
0,-52.24524590328442,-57.83873541782996,-109.11720516382674,-72.0381918633161,-84.98040745243244,0,0,0
1,-50.17610460638259,-53.12831565135777,-46.56972889586316,-39.96951312512418,-64.14702327514154,0,0,0
1,-52.80985794653896,-55.556395177843946,-39.31539999265945,-39.48771925811739,-64.6044779443368,0,0,0
0,-50.32945753623259,-53.105947090781484,-45.675597438407394,-39.342225291791735,-64.0321367677548,0,0,0
1,-51.40174809956536,-51.40174809956536,-62.0118100148392,-33.817190134528815,-70.00529110401712,0,0,0
1,-44.14607300138538,-47.14030990829273,-56.15172127585715,-46.081543741047795,-57.5258534813428,0,1,0
0,-47.63834085406252,-51.45056428045784,-60.41044093278079,-51.95522080734757,-65.76147313389676,0,0,0
0,-62.54279266030692,-66.92136272552077,-69.6208813250169,-74.24418045789274,-83.42905705781199,0,0,0
1,-46.94509246252491,-50.133550001620385,-39.11373642582637,-46.082528206812235,-53.18615194693227,0,0,2
1,-50.25126170181708,-52.82157811223409,-44.98250025409647,-35.21541445231026,-60.28027587524629,0,0,1
0,-62.54279266030692,-66.92136272552077,-69.6208813250169,-74.24418045789274,-83.42905705781199,0,0,0
1,-46.94509246252491,-50.133550001620385,-39.11373642582637,-46.082528206812235,-53.18615194693227,0,0,2
1,-50.25126170181708,-52.82157811223409,-44.98250025409647,-35.21541445231026,-60.28027587524629,0,0,1
0,-49.661619598207494,-52.52195728189846,-71.22762706218298,-45.2844174341563,-71.02990771686238,0,0,0
1,-51.80839710904649,-51.80839710904649,-73.30154196000808,-37.46868602786873,-73.79885969704891,0,0,0
1,-50.807484238525866,-53.62187703550375,-36.46782618666343,-47.5620833298904,-58.28209619172517,0,1,0
0,-47.477581917528504,-51.48682021000912,-56.753174358875945,-51.14601204102748,-61.03779832239156,0,0,1
0,-47.320624522369855,-52.949731816139106,-96.53953049021622,-60.06578138636416,-76.28248366943473,0,0,0
0,-51.71001405195539,-57.4863086290635,-69.82726919468377,-74.00542509662817,-72.65819481036053,0,0,0
0,-48.1826119885874,-54.16315187158726,-83.61790139306012,-70.1392025270611,-73.26798240650544,0,0,0
0,-48.77441762032495,-54.32960278377796,-82.38001544457413,-44.917000726520186,-73.48842225369718,0,0,0
0,-48.844303054363735,-54.39940546422979,-72.04116109432739,-50.09753118689693,-70.45665138266196,0,0,0
1,-47.65574321131885,-52.03224840881594,-66.25631618413468,-47.97879485426146,-67.53263806655926,0,0,0
0,-45.6550062700352,-48.59043949465977,-46.56972889586314,-44.03772923572883,-54.13286349545359,0,0,2
1,-49.10083138417084,-51.89528252783182,-55.087072103788344,-36.390837646335136,-65.62695301530734,0,0,0
0,-47.320624522369855,-52.949731816139106,-96.53953049021622,-60.06578138636416,-76.28248366943473,0,0,0
0,-51.71001405195539,-57.4863086290635,-69.82726919468377,-65.19435573035017,-72.65819481036053,0,0,0
0,-48.1826119885874,-54.16315187158726,-83.61790139306012,-70.1392025270611,-73.26798240650544,0,0,0
0,-48.77441762032495,-54.32960278377796,-82.38001544457413,-44.917000726520186,-73.48842225369718,0,0,0
0,-48.844303054363735,-54.39940546422979,-72.04116109432739,-50.09753118689693,-70.45665138266196,0,0,0
1,-47.65574321131885,-52.03224840881594,-66.25631618413468,-47.97879485426146,-67.53263806655926,0,0,0
0,-45.6550062700352,-48.59043949465977,-46.56972889586314,-44.03772923572883,-54.13286349545359,0,0,2
1,-49.10083138417084,-51.89528252783182,-55.087072103788344,-36.390837646335136,-65.62695301530734,0,0,0
0,-47.320624522369855,-52.949731816139106,-96.53953049021622,-60.06578138636416,-76.28248366943473,0,0,0
0,-51.71001405195539,-57.4863086290635,-69.82726919468377,-65.19435573035017,-72.65819481036053,0,0,0
0,-48.1826119885874,-54.16315187158726,-83.61790139306012,-70.1392025270611,-73.26798240650544,0,0,0
0,-48.77441762032495,-54.32960278377796,-82.38001544457413,-44.917000726520186,-73.48842225369718,0,0,0
1,-48.144817716973506,-52.66316794741051,-61.99766957454747,-52.87398417202462,-63.278382686538016,0,1,0
0,-46.02244539817781,-48.9133384396043,-73.50795288826058,-49.47380869568331,-68.07483126465598,0,0,0
1,-49.10083138417084,-51.89528252783182,-55.087072103788344,-36.390837646335136,-65.62695301530734,0,0,0
0,-47.320624522369855,-52.949731816139106,-96.53953049021622,-60.06578138636416,-76.28248366943473,0,0,0
0,-51.71001405195539,-57.4863086290635,-69.82726919468377,-74.00542509662817,-72.65819481036053,0,0,0
0,-48.1826119885874,-54.16315187158726,-83.61790139306012,-70.1392025270611,-73.26798240650544,0,0,0
1,-49.915233309891455,-54.018691046693064,-61.99766957454746,-55.39124267480514,-65.04879827945597,0,1,0
0,-49.997900323069295,-53.0306383974357,-75.46406437729298,-55.85794224070661,-69.17138373345746,0,0,1
1,-49.10083138417084,-51.89528252783182,-55.087072103788344,-36.390837646335136,-65.62695301530734,0,0,0
0,-47.320624522369855,-52.949731816139106,-96.53953049021622,-60.06578138636416,-76.28248366943473,0,0,0
0,-51.71001405195539,-57.4863086290635,-69.82726919468377,-65.19435573035017,-72.65819481036053,0,0,0
0,-47.55961158128268,-52.02958853382281,-66.94941336844559,-49.010892267632336,-67.64443559181636,0,0,0
1,-47.40866074437076,-50.02650632510178,-54.88469754920649,-49.01684560981618,-58.38100856579216,0,0,2
1,-49.10083138417084,-51.89528252783182,-55.087072103788344,-36.390837646335136,-65.62695301530734,0,0,0
0,-47.320624522369855,-52.949731816139106,-96.53953049021622,-60.06578138636416,-76.28248366943473,0,0,0
0,-51.71001405195539,-57.4863086290635,-69.82726919468377,-65.19435573035017,-72.65819481036053,0,0,0
1,-50.0311373843073,-53.015502180776835,-64.9906096803354,-47.75202945451093,-69.52832028840791,0,0,0
1,-49.10083138417084,-51.89528252783182,-55.087072103788344,-36.390837646335136,-65.62695301530734,0,0,0
0,-47.320624522369855,-52.949731816139106,-96.53953049021622,-60.06578138636416,-76.28248366943473,0,0,0
1,-51.75027553568434,-54.6042412759453,-52.80941541820291,-40.438403616083654,-67.59310016114522,0,0,0
1,-49.10083138417084,-51.89528252783182,-55.087072103788344,-36.390837646335136,-65.62695301530734,0,0,0
0,-47.104430353778355,-49.81555952069403,-73.30691861511575,-52.25122176502972,-69.09650593831307,0,0,0
1,-49.0518341754972,-49.0518341754972,-64.09110156777197,-39.66350790340723,-68.27916464582879,0,0,0
0,-50.1730195854352,-53.443002446950004,-112.99892313054836,-74.2629030668366,-80.60696062179998,0,0,1
1,-51.7089260067129,-55.900021461838264,-46.57242109494095,-39.15562329923303,-60.18759089185464,0,0,2
0,-50.17952835670172,-55.61175544488555,-81.68424911977108,-69.51752969510213,-74.68480309263305,0,0,0
0,-50.67657439669746,-56.10667964900426,-79.03504044642776,-67.35161469313364,-74.3870865306258,0,0,0
0,-62.773585091221136,-67.56497822189542,-79.72545317470879,-73.96378846580261,-86.69122104363377,0,0,0
1,-45.41173271647281,-48.5998949449819,-38.04908725375756,-44.23956416295405,-51.33339744925953,0,0,2
0,-51.807650690278756,-54.75683912942581,-112.10746081358478,-54.843804260107476,-85.43988893435419,0,0,0
1,-46.26749912694535,-50.503643049831005,-46.57242109494095,-45.480706773130066,-60.239225455427636,0,0,0
0,-50.67657439669746,-56.10667964900426,-79.03504044642776,-65.40662008861693,-74.3870865306258,0,0,0
0,-62.773585091221136,-67.56497822189542,-79.72545317470879,-73.96378846580261,-86.69122104363377,0,0,0
1,-45.41173271647281,-48.5998949449819,-38.04908725375756,-44.23956416295405,-51.33339744925953,0,0,2
1,-47.30280055271506,-50.29703745962241,-56.151721275857156,-41.61995496891994,-60.68258103267248,0,1,0
0,-49.61567330351769,-53.427896729913,-51.200000540544664,-51.95522080734757,-64.97567346568108,0,0,0
0,-62.773585091221136,-67.56497822189542,-79.72545317470879,-72.55777096497138,-86.69122104363377,0,0,0
1,-45.41173271647281,-48.5998949449819,-38.04908725375756,-44.23956416295405,-51.33339744925953,0,0,2
1,-51.37286298604162,-53.94317939645863,-35.772059861860356,-35.72997104776918,-62.10448094459972,0,0,0
0,-62.773585091221136,-67.56497822189542,-79.72545317470879,-73.96378846580261,-86.69122104363377,0,0,0
1,-45.41173271647281,-48.5998949449819,-38.04908725375756,-44.23956416295405,-51.33339744925953,0,0,2
1,-51.37286298604162,-53.94317939645863,-35.772059861860356,-34.72358184586557,-62.10448094459972,0,0,0
0,-48.96847254888112,-52.241633298032525,-72.12175851963876,-46.144214629861644,-70.60500010477274,0,0,0
1,-51.65182787867983,-51.65182787867983,-44.977123598988804,-36.75633271260091,-65.14496495837648,0,0,0
0,-52.901514755182674,-56.115348629297515,-112.30582594623748,-75.94324788801212,-86.59326253905391,0,0,0
1,-52.47054519243302,-56.51264970937112,-35.77742120143032,-38.692724908738334,-59.73803565006239,0,1,0
0,-51.47602520208657,-56.642049309577956,-88.93857802297478,-65.25604829117586,-74.69186270617928,0,1,0
0,-50.44805754356595,-56.28051237866192,-125.78300873241139,-57.80502401026335,-88.18296016328937,0,0,0
0,-54.72179446464339,-60.91415749353014,-105.40601645890675,-75.66235236222289,-86.34359940231542,0,0,0
0,-45.49214475734114,-51.056581106776946,-104.33152463191125,-55.230547241887976,-76.79160214691451,0,0,0
1,-47.671048983131804,-51.69667505706298,-43.57678879007525,-43.45282856535602,-50.3468779117552,1,1,1
0,-47.96341260798003,-50.81826593565255,-57.856162406851624,-44.18250617127782,-59.82719988669497,0,0,2
0,-51.68411447485057,-54.48431197581036,-100.94090893231626,-56.55138576733631,-81.96638715454544,0,0,0
1,-47.469685302749085,-51.48799098614153,-75.46675657637081,-48.037131646699,-66.6439763728606,0,0,1
0,-50.44805754356595,-56.28051237866192,-125.78300873241139,-57.80502401026335,-88.18296016328937,0,0,0
0,-54.72179446464339,-60.91415749353014,-105.40601645890675,-75.93815884103844,-86.34359940231542,0,0,0
0,-45.49214475734114,-51.056581106776946,-104.33152463191125,-55.230547241887976,-76.79160214691451,0,0,0
1,-47.671048983131804,-51.69667505706298,-43.57678879007525,-43.45282856535602,-50.3468779117552,1,1,1
0,-47.96341260798003,-50.81826593565255,-57.856162406851624,-44.18250617127782,-59.82719988669497,0,0,2
1,-47.987028606042266,-50.76342727345641,-47.83274320058466,-41.46101329159174,-58.87111566341793,0,1,0
0,-47.683014047589474,-51.837259169947735,-77.13016663238062,-54.82915579243075,-67.35632813450394,0,0,1
0,-54.72179446464339,-60.91415749353014,-105.40601645890675,-86.73405817785834,-86.34359940231542,0,0,0
0,-45.49214475734114,-51.056581106776946,-104.33152463191125,-55.230547241887976,-76.79160214691451,0,0,0
1,-47.671048983131804,-51.69667505706298,-43.57678879007525,-43.45282856535602,-50.3468779117552,1,1,1
0,-47.96341260798003,-50.81826593565255,-57.856162406851624,-44.18250617127782,-59.82719988669497,0,0,2
1,-48.010400190774774,-50.92273829715473,-47.832743200584645,-38.863481787251,-62.36022315095017,0,0,0
0,-54.72179446464339,-60.91415749353014,-105.40601645890675,-75.66235236222289,-86.34359940231542,0,0,0
0,-45.49214475734114,-51.056581106776946,-104.33152463191125,-55.230547241887976,-76.79160214691451,0,0,0
1,-47.671048983131804,-51.69667505706298,-43.57678879007525,-43.45282856535602,-50.3468779117552,1,1,1
0,-47.96341260798003,-50.81826593565255,-57.856162406851624,-44.18250617127782,-59.82719988669497,0,0,2
1,-48.010400190774774,-50.92273829715473,-47.832743200584645,-38.87970273943256,-62.36022315095017,0,0,0
0,-54.72179446464339,-60.91415749353014,-105.40601645890675,-75.93815884103844,-86.34359940231542,0,0,0
0,-47.09161238286086,-51.619966043339105,-76.1598537606817,-49.05447238091301,-69.93956851106537,0,0,0
1,-47.913440990416525,-50.420834682824825,-94.57804234607615,-50.045592019492375,-76.28685369423937,0,0,0
1,-48.010400190774774,-50.92273829715473,-47.832743200584645,-38.900256998264204,-62.36022315095017,0,0,0
0,-54.72179446464339,-60.91415749353014,-105.40601645890675,-86.73405817785834,-86.34359940231542,0,0,0
1,-47.49201917242422,-50.502140451379596,-54.88870697113567,-40.40226685204463,-60.49289536096519,0,1,0
1,-48.010400190774774,-50.92273829715473,-47.832743200584645,-38.863481787251,-62.36022315095017,0,0,0
0,-48.42646041993579,-51.73930810851918,-72.61649057129698,-41.854513896322494,-70.21140759132489,0,0,0
1,-49.75552670691232,-49.75552670691232,-44.977123598988804,-38.82827493436638,-63.24866378660896,0,0,0
1,-46.1921384762755,-49.043910588328295,-46.56972889586316,-46.09105144658504,-60.16305714503445,0,0,0
0,-47.340753339944044,-51.54584137696487,-70.51501278247267,-51.46393496348721,-68.49525717468585,0,0,0
0,-54.21150269386375,-60.10123426334567,-118.52601068871553,-83.09995533120724,-89.7693059004784,0,0,0
0,-47.07425249462885,-52.708397082368435,-110.00866748079032,-58.84805191409839,-80.07685273886594,0,0,0
1,-46.755530443317106,-50.93886150501221,-61.99766957454749,-41.09581340607945,-65.35483131568135,0,0,0
0,-45.55048013247159,-48.51798425855741,-74.20105007257152,-43.2394040885746,-67.81079515424304,0,0,0
1,-47.791593890687096,-50.75477491172962,-45.87663171155223,-36.70840618474202,-58.08884750135304,0,0,1
0,-54.21150269386375,-60.10123426334567,-118.52601068871553,-75.16423908234738,-89.7693059004784,0,0,0
0,-47.07425249462885,-52.708397082368435,-110.00866748079032,-58.84805191409839,-80.07685273886594,0,0,0
1,-46.755530443317106,-50.93886150501221,-61.99766957454749,-41.09581340607945,-65.35483131568135,0,0,0
0,-45.55048013247159,-48.51798425855741,-74.20105007257152,-43.2394040885746,-67.81079515424304,0,0,0
1,-47.791593890687096,-50.75477491172962,-45.87663171155223,-36.70840618474202,-58.08884750135304,0,0,1
0,-54.21150269386375,-60.10123426334567,-118.52601068871553,-75.16423908234738,-89.7693059004784,0,0,0
0,-47.089947933705304,-51.74080234730269,-76.4370694480697,-53.57036017694146,-70.02106876812621,0,0,0
1,-45.77042808937231,-48.36956307725106,-35.77472900235252,-45.66385539808842,-56.50284679007807,0,0,0
1,-47.791593890687096,-50.75477491172962,-45.87663171155223,-36.70840618474202,-58.08884750135304,0,0,1
0,-54.21150269386375,-60.10123426334567,-118.52601068871553,-75.16423908234738,-89.7693059004784,0,0,0
1,-47.537207254523196,-50.603865594304224,-47.63437806793195,-41.07224652979875,-58.36178477210305,0,1,0
1,-47.791593890687096,-50.75477491172962,-45.87663171155223,-36.70840618474202,-58.08884750135304,0,0,1
0,-49.010432651396094,-51.90750284474432,-63.40338103856871,-42.83896669791653,-68.03144696296671,0,0,0
1,-50.764233608768265,-50.764233608768265,-44.9771235989888,-38.038774314866295,-64.2573706884649,0,0,0
1,-47.73475976760052,-50.746548210737984,-36.66619131931613,-46.22778833569309,-48.33740945499618,1,1,1
0,-47.69733766213846,-51.961119340335024,-61.99766957454747,-57.38662838755251,-66.2966385345027,0,0,0
0,-51.01555582904019,-56.49590796913959,-108.05255599175793,-73.04315259275845,-83.43132262656756,0,0,0
1,-42.7178302201863,-48.57465041310378,-71.41182869595829,-48.93342469891475,-64.14137882897379,0,0,0
0,-48.79843000692371,-53.80838265031673,-99.4120327199324,-94.89949377182081,-78.62203982290343,0,0,0
0,-45.99082952292358,-50.701158668326045,-75.74397226375878,-56.124194035349824,-65.24828529925149,0,1,0
1,-42.79095172225492,-45.70624485707429,-37.35928850362704,-42.20309017620858,-53.99873827334303,0,0,0
1,-48.31205030161628,-51.33392496383454,-36.66619131931612,-35.813104522437136,-55.84617179461139,0,0,1
0,-51.01555582904019,-56.49590796913959,-108.05255599175793,-73.3359128681839,-83.43132262656756,0,0,0
1,-42.7178302201863,-48.57465041310378,-71.41182869595829,-48.93342469891475,-64.14137882897379,0,0,0
0,-48.79843000692371,-53.80838265031673,-99.4120327199324,-94.89949377182081,-78.62203982290343,0,0,0
0,-45.99082952292358,-50.701158668326045,-75.74397226375878,-56.124194035349824,-65.24828529925149,0,1,0
1,-42.79095172225492,-45.70624485707429,-37.35928850362704,-42.20309017620858,-53.99873827334303,0,0,0
1,-48.31205030161628,-51.33392496383454,-36.66619131931612,-35.813104522437136,-55.84617179461139,0,0,1
0,-48.72967590010501,-54.18873381567462,-117.26299638399405,-50.44686830623611,-83.90857481530321,0,0,0
0,-49.58359132928492,-55.1079887612981,-90.6963243793545,-49.87048176570309,-76.79248864309127,0,0,0
0,-45.99082952292358,-50.701158668326045,-75.74397226375878,-56.124194035349824,-65.24828529925149,0,1,0
1,-42.79095172225492,-45.70624485707429,-37.35928850362704,-42.20309017620858,-53.99873827334303,0,0,0
1,-48.31205030161628,-51.33392496383454,-36.66619131931612,-35.813104522437136,-55.84617179461139,0,0,1
0,-48.72967590010501,-54.18873381567462,-117.26299638399405,-50.44686830623611,-83.90857481530321,0,0,0
0,-49.58359132928492,-55.1079887612981,-90.6963243793545,-49.87048176570309,-76.79248864309127,0,0,0
1,-49.22010615302407,-52.444823142355936,-46.56972889586316,-39.31732038999938,-63.19102482178302,0,0,0
1,-48.31205030161628,-51.33392496383454,-36.66619131931612,-35.813104522437136,-55.84617179461139,0,0,1
0,-48.72967590010501,-54.18873381567462,-117.26299638399405,-50.44686830623611,-83.90857481530321,0,0,0
0,-49.38441066148017,-52.50094794287841,-72.616490571297,-61.16186736574819,-71.16935783286927,0,0,0
1,-49.52216436812183,-52.262447279641066,-73.18640769170756,-41.31408366017879,-71.4780866756341,0,0,0
0,-49.38441066148017,-52.50094794287841,-72.616490571297,-61.16186736574819,-71.16935783286927,0,0,0
1,-50.664254404016944,-50.664254404016944,-54.18756399122492,-54.80073610190588,-66.92052360138442,0,0,0
0,-53.864488583209955,-57.08243786125245,-111.04281164151598,-53.172806838802366,-87.17733207566475,0,0,0
1,-48.54526553593763,-52.6461880958989,-55.78286148717709,-39.99332109314446,-65.28012398209076,0,0,0
0,-47.61923321070127,-52.803924263570266,-87.67556371825327,-62.89752451592361,-70.45616642337752,0,1,0
0,-49.188331568645346,-55.023017900250196,-116.63262768498275,-83.71528697403433,-84.17811987414018,0,0,0
0,-48.35991448313778,-54.61752682694191,-108.05522513225007,-73.04617790696426,-80.7764820228128,0,0,0
0,-44.87021659826627,-50.473713927179,-98.84211559952179,-51.33401179483327,-74.5228512781228,0,0,0
1,-49.61537502947595,-53.61894262362253,-57.738972976209475,-38.87132709107863,-66.93706692233879,0,0,0
0,-50.495323007472805,-53.340057914603605,-83.41149046480763,-65.40244778685035,-75.51877014691509,0,0,0
0,-54.358659053714156,-57.21767459769712,-91.2357364884219,-67.55412085562571,-81.72938000024072,0,0,0
1,-46.97027843586391,-50.97051855497671,-47.83543539966245,-48.3403719805686,-57.85517315296292,0,0,1
0,-49.188331568645346,-55.023017900250196,-116.63262768498275,-83.71528697403433,-84.17811987414018,0,0,0
0,-48.35991448313778,-54.61752682694191,-108.05522513225007,-73.04617790696426,-80.7764820228128,0,0,0
0,-44.87021659826627,-50.473713927179,-98.84211559952179,-51.33401179483327,-74.5228512781228,0,0,0
1,-49.61537502947595,-53.61894262362253,-57.738972976209475,-38.87132709107863,-66.93706692233879,0,0,0
0,-50.495323007472805,-53.340057914603605,-83.41149046480763,-65.40244778685035,-75.51877014691509,0,0,0
1,-49.337742175970995,-52.096075279105484,-45.876631711552236,-43.99688146683193,-59.634995786636935,0,1,0
0,-49.33356608284232,-53.52801369298676,-61.30457239023656,-53.25737843592883,-64.25920189711356,0,0,1
0,-48.35991448313778,-54.61752682694191,-108.05522513225007,-73.04617790696426,-80.7764820228128,0,0,0
0,-44.87021659826627,-50.473713927179,-98.84211559952179,-51.33401179483327,-74.5228512781228,0,0,0
1,-49.61537502947595,-53.61894262362253,-57.738972976209475,-38.87132709107863,-66.93706692233879,0,0,0
0,-50.495323007472805,-53.340057914603605,-83.41149046480763,-65.40244778685035,-75.51877014691509,0,0,0
1,-47.846097824376905,-50.79863841854305,-44.985169394588624,-37.896137401372215,-57.87591273995376,0,0,1
0,-48.35991448313778,-54.61752682694191,-108.05522513225007,-73.04617790696426,-80.7764820228128,0,0,0
0,-44.87021659826627,-50.473713927179,-98.84211559952179,-51.33401179483327,-74.5228512781228,0,0,0
1,-49.61537502947595,-53.61894262362253,-57.738972976209475,-38.87132709107863,-66.93706692233879,0,0,0
0,-50.495323007472805,-53.340057914603605,-83.41149046480763,-65.40244778685035,-75.51877014691509,0,0,0
1,-47.846097824376905,-50.79863841854305,-44.985169394588624,-37.63796344825306,-57.87591273995376,0,0,1
0,-48.35991448313778,-54.61752682694191,-108.05522513225007,-73.04617790696426,-80.7764820228128,0,0,0
0,-46.43765498475152,-50.96406311617543,-85.37029415291784,-50.313117166949056,-72.04874323062687,0,0,0
1,-47.913440990416525,-50.398776203040235,-92.62193085704374,-43.34408396163417,-75.70002024752965,0,0,0
1,-47.846097824376905,-50.79863841854305,-44.985169394588624,-37.63796344825306,-57.87591273995376,0,0,1
0,-48.35991448313778,-54.61752682694191,-108.05522513225007,-73.04617790696426,-80.7764820228128,0,0,0
1,-44.36259875395544,-47.37077450385648,-48.52584038489556,-41.832008366081865,-55.454614966624376,0,1,0
1,-47.846097824376905,-50.79863841854305,-44.985169394588624,-37.63796344825306,-57.87591273995376,0,0,1
0,-48.976731552881795,-52.294931258228644,-66.94672116936779,-41.263555194667255,-69.06074790369213,0,0,0
1,-49.641340795626746,-49.641340795626746,-36.45978039106361,-37.11681687325367,-60.57927491294583,0,0,0
0,-49.61284038656327,-52.718294157298544,-93.19184797745433,-70.63053541461974,-77.57039477979957,0,0,0
1,-52.14077361028241,-56.19846466336111,-49.21828133972965,-38.34681738487671,-66.9062580122013,0,0,0
0,-50.795991119338346,-56.03674186605074,-110.00866748079034,-62.49411068196723,-83.79859136357544,0,0,0
0,-49.89519668088253,-55.50817857630757,-125.06498312438035,-53.79607602154283,-87.41469161819663,0,0,0
0,-48.058313072767305,-53.893804259201474,-95.84643330590531,-58.226256704665424,-76.8122430645389,0,0,0
0,-51.20732911526186,-55.650300436583336,-61.997669574547466,-54.642699821660855,-66.34089408482637,0,1,0
1,-43.07622348940845,-46.06360046046815,-36.46782618666343,-43.381558838281116,-47.08509953980803,0,3,0
0,-52.65984927228437,-55.5011979663037,-83.4114904648076,-54.908428942247205,-77.68329641172664,0,0,0
1,-49.901859732899204,-53.93259488893646,-55.782861487177065,-52.724379678366624,-63.170982276252595,0,0,1
0,-49.89519668088253,-55.50817857630757,-125.06498312438035,-53.79607602154283,-87.41469161819663,0,0,0
0,-48.058313072767305,-53.893804259201474,-95.84643330590531,-58.226256704665424,-76.8122430645389,0,0,0
0,-51.20732911526186,-55.650300436583336,-61.997669574547466,-59.396842755193795,-66.34089408482637,0,1,0
1,-43.07622348940845,-46.06360046046815,-36.46782618666343,-43.381558838281116,-47.08509953980803,0,3,0
1,-45.736317536115195,-48.55071033309308,-45.67826657889953,-38.454329106394994,-49.04258980138587,1,1,1
0,-48.543230851779434,-52.52174519880977,-65.07215243414846,-52.75839183481922,-64.59914067922425,0,0,1
0,-48.058313072767305,-53.893804259201474,-95.84643330590531,-58.80537819621465,-76.8122430645389,0,0,0
0,-51.20732911526186,-55.650300436583336,-61.997669574547466,-54.642699821660855,-66.34089408482637,0,1,0
1,-43.07622348940845,-46.06360046046815,-36.46782618666343,-43.381558838281116,-47.08509953980803,0,3,0
1,-49.50806466921544,-52.270236657186416,-45.876631711552236,-35.899358824467775,-59.805318279881384,0,0,1
0,-48.058313072767305,-53.893804259201474,-95.84643330590531,-58.226256704665424,-76.8122430645389,0,0,0
0,-51.20732911526186,-55.650300436583336,-61.997669574547466,-54.642699821660855,-66.34089408482637,0,1,0
1,-43.07622348940845,-46.06360046046815,-36.46782618666343,-43.381558838281116,-47.08509953980803,0,3,0
1,-49.50806466921544,-52.270236657186416,-45.876631711552236,-35.899358824467775,-59.805318279881384,0,0,1
0,-48.058313072767305,-53.893804259201474,-95.84643330590531,-58.226256704665424,-76.8122430645389,0,0,0
1,-53.53331904259379,-56.45524107670726,-45.87663171155222,-35.9279782017129,-61.80324711271891,0,2,0
1,-49.50806466921544,-52.270236657186416,-45.876631711552236,-35.899358824467775,-59.805318279881384,0,0,1
0,-49.44119829996391,-52.74920073153094,-81.82693096353309,-39.71042158299074,-73.98927758902383,0,0,0
1,-51.55601298690693,-51.55601298690693,-36.45978039106361,-36.074559176210364,-62.49394710422601,0,0,0
1,-48.84120519388224,-51.55840163130658,-37.359288503627035,-48.23336075751015,-49.65178403657117,1,1,1
0,-47.69733766213846,-51.98188999317613,-61.99766957454748,-54.41946137525027,-66.2966385345027,0,0,0
0,-50.59811520657228,-56.10764590182471,-100.10512990424331,-68.31220866371824,-80.62965417784528,0,0,0
1,-44.80622940766266,-50.56279809980954,-77.05666967416734,-49.62090372391431,-64.45749440711315,0,1,0
0,-49.35157070985846,-54.45719551989315,-89.31013001073266,-75.9832598101921,-76.14460971307825,0,0,0
0,-47.85102011829144,-52.597806280969785,-49.30048032301954,-55.842908602884265,-59.17542831239757,0,1,0
1,-44.60955406898576,-47.577026420227234,-29.213497283459734,-43.71566835964633,-49.90786735122395,0,1,0
1,-48.00584854455564,-51.04849385961501,-38.42393767569584,-35.632836384360075,-59.53302984726439,0,0,0
0,-50.59811520657228,-56.10764590182471,-100.10512990424331,-68.31220866371824,-80.62965417784528,0,0,0
1,-44.80622940766266,-50.56279809980954,-77.05666967416734,-49.62090372391431,-64.45749440711315,0,1,0
0,-49.35157070985846,-54.45719551989315,-89.31013001073266,-75.9832598101921,-76.14460971307825,0,0,0
0,-47.85102011829144,-52.597806280969785,-49.30048032301954,-50.892547037869335,-59.17542831239757,0,1,0
1,-44.60955406898576,-47.577026420227234,-29.213497283459734,-43.71566835964633,-49.90786735122395,0,1,0
1,-48.00584854455564,-51.04849385961501,-38.42393767569584,-35.632836384360075,-59.53302984726439,0,0,0
0,-53.01208014664703,-58.62761290614539,-75.46944103240068,-59.60615602031414,-75.65291245636723,0,0,0
0,-50.60582686979251,-56.083359241917876,-59.69776892127176,-46.43393035397128,-68.51515754617404,0,0,0
0,-47.85102011829144,-52.597806280969785,-49.30048032301954,-55.842908602884265,-59.17542831239757,0,1,0
1,-44.60955406898576,-47.577026420227234,-29.213497283459734,-43.71566835964633,-49.90786735122395,0,1,0
1,-48.00584854455564,-51.04849385961501,-38.42393767569584,-35.632836384360075,-59.53302984726439,0,0,0
0,-53.01208014664703,-58.62761290614539,-75.46944103240068,-59.60615602031414,-75.65291245636723,0,0,0
0,-50.60582686979251,-56.083359241917876,-59.69776892127176,-46.43393035397128,-68.51515754617404,0,0,0
1,-48.51341267128526,-51.718973922257334,-37.35928850362704,-39.48999680914082,-59.72119922237337,0,0,0
1,-48.00584854455564,-51.04849385961501,-38.42393767569584,-35.632836384360075,-59.53302984726439,0,0,0
0,-53.01208014664703,-58.62761290614539,-75.46944103240068,-59.60615602031414,-75.65291245636723,0,0,0
0,-50.250248349203744,-53.11005928590263,-64.99060968033538,-59.52283560369487,-69.74743125330436,0,0,0
1,-53.659006038749716,-56.5557637941977,-38.423937675695846,-40.773043767716075,-65.18618734145846,0,0,0
0,-50.250248349203744,-53.11005928590263,-64.99060968033538,-59.52283560369487,-69.74743125330436,0,0,0
1,-50.53560192058285,-50.53560192058285,-36.45978039106362,-44.70844629295181,-61.47353603790194,0,0,0
1,-43.379255734316345,-46.17597215799845,-45.67826657889954,-42.11007104040572,-53.616999805186474,0,1,0
0,-49.40660749716698,-53.37849878100532,-113.97192820132508,-48.35940781232099,-83.59818595756451,0,0,0
0,-48.96335495888971,-54.069745190543095,-86.43495864052436,-58.56263376907641,-74.89384255104702,0,0,0
0,-54.037860804199724,-58.44051202823387,-61.30457239023655,-65.09952789811238,-72.42923252127069,0,0,0
1,-42.98575077905329,-45.97621430636172,-46.569728895863136,-40.58539949044615,-53.4909335450125,0,1,0
1,-48.92844370775251,-51.65842797561255,-74.20105007257149,-36.70181333894877,-71.18875872952395,0,0,0
0,-48.96335495888971,-54.069745190543095,-86.43495864052436,-58.56263376907641,-74.89384255104702,0,0,0
0,-54.037860804199724,-58.44051202823387,-61.30457239023655,-62.060324486056366,-72.42923252127069,0,0,0
1,-42.98575077905329,-45.97621430636172,-46.569728895863136,-40.58539949044615,-53.4909335450125,0,1,0
1,-48.92844370775251,-51.65842797561255,-74.20105007257149,-36.70181333894877,-71.18875872952395,0,0,0
0,-48.96335495888971,-54.069745190543095,-86.43495864052436,-58.56263376907641,-74.89384255104702,0,0,0
1,-53.533319042593796,-56.379818891172114,-44.985169394588624,-35.862458786137644,-61.53580841762984,0,2,0
1,-48.92844370775251,-51.65842797561255,-74.20105007257149,-36.70181333894877,-71.18875872952395,0,0,0
0,-48.43162741522455,-51.09840769780765,-44.982500254096465,-39.81226712121841,-61.926377491453486,0,0,0
1,-49.1914368501676,-49.1914368501676,-54.18756399122492,-34.795334886258786,-65.44770604753508,0,0,0
1,-45.92647176438149,-48.67860108755251,-37.35928850362704,-46.27858983023451,-44.7097250665296,1,2,1
0,-46.64430060346964,-50.79028053759059,-124.88619281892575,-49.032770774485414,-84.11015844914736,0,0,0
0,-51.30745289532451,-57.068531191304125,-100.79822708855423,-69.26017584951562,-81.54692102189077,0,0,0
0,-45.42006171215908,-51.304863400001736,-107.36212794793917,-60.148092723337435,-77.62870009654083,0,0,0
0,-47.27082376698021,-52.68432605188096,-92.48191815377388,-48.458728869188185,-75.01539921311237,0,0,0
0,-49.927502626776416,-55.30593775474376,-70.31933210584984,-48.463319739080404,-71.02330225853137,0,0,0
1,-47.89487091042606,-52.252235054013425,-57.738972976209475,-41.51591761083497,-65.2165628032889,0,0,0
0,-46.28587985651815,-49.21968803080037,-46.56972889586314,-43.89588323655186,-54.76373708193654,0,0,2
1,-46.72449654015236,-49.62856945829501,-37.359288503627035,-37.177040001594705,-45.50774984230047,1,1,2
0,-51.30745289532451,-57.068531191304125,-100.79822708855423,-82.02711335376729,-81.54692102189077,0,0,0
0,-45.42006171215908,-51.304863400001736,-107.36212794793917,-60.148092723337435,-77.62870009654083,0,0,0
0,-47.27082376698021,-52.68432605188096,-92.48191815377388,-48.458728869188185,-75.01539921311237,0,0,0
0,-49.927502626776416,-55.30593775474376,-70.31933210584984,-48.463319739080404,-71.02330225853137,0,0,0
1,-47.89487091042606,-52.252235054013425,-57.738972976209475,-41.51591761083497,-65.2165628032889,0,0,0
0,-46.28587985651815,-49.21968803080037,-46.56972889586314,-43.89588323655186,-54.76373708193654,0,0,2
1,-46.72449654015236,-49.62856945829501,-37.359288503627035,-37.177040001594705,-45.50774984230047,1,1,2
0,-51.30745289532451,-57.068531191304125,-100.79822708855423,-80.52818232401764,-81.54692102189077,0,0,0
0,-45.42006171215908,-51.304863400001736,-107.36212794793917,-60.148092723337435,-77.62870009654083,0,0,0
0,-47.27082376698021,-52.68432605188096,-92.48191815377388,-48.458728869188185,-75.01539921311237,0,0,0
1,-47.746333305130534,-52.084326205466624,-66.94941336844559,-50.212625928354214,-67.83115731566421,0,0,0
0,-46.32657308447189,-49.198325071988656,-72.61649057129698,-44.365801224258874,-68.11152025586098,0,0,0
1,-46.72449654015236,-49.62856945829501,-37.359288503627035,-37.177040001594705,-45.50774984230047,1,1,2
0,-51.30745289532451,-57.068531191304125,-100.79822708855423,-80.52818232401764,-81.54692102189077,0,0,0
0,-45.42006171215908,-51.304863400001736,-107.36212794793917,-60.148092723337435,-77.62870009654083,0,0,0
1,-51.07134723078196,-55.08362178196505,-80.4185503590197,-58.69408667761658,-75.19691233848786,0,0,0
0,-53.218794549312605,-56.0711752935781,-81.8269309635331,-56.3069611824065,-74.30113793557281,0,0,1
1,-46.72449654015236,-49.62856945829501,-37.359288503627035,-37.177040001594705,-45.50774984230047,1,1,2
0,-51.30745289532451,-57.068531191304125,-100.79822708855423,-69.26017584951562,-81.54692102189077,0,0,0
0,-46.060521351589394,-50.50149293111802,-79.5270880420561,-49.53479620388034,-69.91864776420623,0,0,0
1,-47.379360733677395,-49.90602312878988,-84.67450476952911,-50.49763544084088,-72.78171216453613,0,0,0
1,-46.72449654015236,-49.62856945829501,-37.359288503627035,-37.177040001594705,-45.50774984230047,1,1,2
0,-51.30745289532451,-57.068531191304125,-100.79822708855423,-69.26017584951562,-81.54692102189077,0,0,0
1,-46.37192466974931,-49.327284093207346,-66.94672116936779,-46.21601003474086,-66.45594102055965,0,0,0
1,-46.72449654015236,-49.62856945829501,-37.359288503627035,-37.177040001594705,-45.50774984230047,1,1,2
0,-50.66009195409301,-53.466001672073546,-54.88603783064351,-42.801391351329755,-67.12590330328607,0,0,0
1,-51.12140675320128,-51.12140675320128,-54.88066117553585,-38.13224757098176,-67.58560510586203,0,0,0
1,-48.03161648559302,-50.73620670351952,-37.359288503627035,-45.60691726949367,-53.74634159334058,0,2,0
0,-48.03390038927042,-52.19558811178259,-70.51501278247267,-51.43406569882576,-69.18840422401222,0,0,0
0,-50.60759082657638,-56.38317209544172,-108.05255599175793,-69.3668876016091,-83.02335762410375,0,0,0
0,-48.034850968207266,-53.5150520366459,-103.79385939341995,-50.15370278639914,-79.17300878623325,0,0,0
1,-47.98004928055309,-52.00119344814493,-50.19194263998316,-37.76187212258373,-63.037632072548035,0,0,0
0,-48.312859374255964,-51.16064318327896,-82.7183932804967,-46.401733626581404,-73.12837735840498,0,0,0
1,-49.68113445498408,-52.628035028676614,-36.66619131931612,-37.572966954023,-57.21525594797919,0,0,1
0,-50.60759082657638,-56.38317209544172,-108.05255599175793,-69.3668876016091,-83.02335762410375,0,0,0
0,-48.034850968207266,-53.5150520366459,-103.79385939341995,-50.15370278639914,-79.17300878623325,0,0,0
1,-47.98004928055309,-52.00119344814493,-50.19194263998316,-37.76187212258373,-63.037632072548035,0,0,0
0,-48.312859374255964,-51.16064318327896,-82.7183932804967,-46.401733626581404,-73.12837735840498,0,0,0
1,-49.68113445498408,-52.628035028676614,-36.66619131931612,-37.572966954023,-57.21525594797919,0,0,1
0,-50.60759082657638,-56.38317209544172,-108.05255599175793,-70.27286850870894,-83.02335762410375,0,0,0
0,-47.53708960580654,-51.98402489097275,-76.1598537606817,-49.59926079208752,-70.38504573401104,0,0,0
1,-45.443204865702015,-47.94329974608585,-39.31539999265945,-37.822896969363384,-57.23782486349985,0,0,0
1,-49.68113445498408,-52.628035028676614,-36.66619131931612,-37.572966954023,-57.21525594797919,0,0,1
0,-50.60759082657638,-56.38317209544172,-108.05255599175793,-69.3668876016091,-83.02335762410375,0,0,0
1,-47.36204743612733,-50.28793343408552,-57.73628077713167,-42.30221187328684,-61.21719576646709,0,1,0
1,-49.68113445498408,-52.628035028676614,-36.66619131931612,-37.572966954023,-57.21525594797919,0,0,1
0,-48.70341878005088,-51.55611062660716,-82.51735900735184,-41.97849918748442,-73.45862648225643,0,0,0
1,-47.80273551745216,-47.80273551745216,-44.977123598988804,-36.12682044754341,-61.2958725971488,0,0,0
0,-51.1253812478176,-54.000585979158096,-110.34971445720507,-52.02248095036772,-84.23029558497912,0,0,0
0,-49.02075427899073,-53.371805113906504,-57.738972976209475,-42.88847531706204,-66.34244617185357,0,0,0
1,-54.53646909333567,-59.739850057727466,-57.76658585595947,-41.74078047511443,-61.469237141724335,1,1,1
0,-51.58814333157306,-57.20496165771297,-84.68255056512896,-77.25191355157459,-76.99290850111174,0,0,0
0,-52.69949961330357,-58.32121073073226,-117.46403065713888,-55.666217976893364,-87.93870881044523,0,0,0
0,-48.63047431844182,-54.36895605503156,-87.32909009798011,-56.88388894145026,-74.82920134783585,0,0,0
0,-56.14587444510566,-60.6475215887558,-61.997669574547466,-67.38012786960715,-74.7451753174699,0,0,0
1,-42.98575077905329,-45.973127750112994,-45.67826657889953,-40.584155708990416,-53.22349484992342,0,1,0
0,-51.1253812478176,-54.000585979158096,-110.34971445720507,-52.175290692659814,-84.23029558497912,0,0,0
1,-51.9532213612973,-56.03647707129494,-44.98786159366643,-54.615555554963414,-65.44957983939723,0,0,0
0,-52.92884029756201,-58.087588991616585,-76.53409020446946,-58.82807712750501,-75.88906735890285,0,0,0
0,-52.69949961330357,-58.32121073073226,-117.46403065713888,-62.94407527100843,-87.93870881044523,0,0,0
0,-48.63047431844182,-54.36895605503156,-87.32909009798011,-56.88388894145026,-74.82920134783585,0,0,0
0,-56.14587444510566,-60.6475215887558,-61.997669574547466,-67.38012786960715,-74.7451753174699,0,0,0
1,-42.98575077905329,-45.973127750112994,-45.67826657889953,-40.584155708990416,-53.22349484992342,0,1,0
0,-53.17335849906209,-56.01470719308142,-110.34971445720505,-50.30791343264845,-86.2782728362236,0,0,0
1,-50.25194847644468,-54.29057191610509,-82.52272034692182,-50.53450384781344,-75.00876458052123,0,0,0
0,-52.69949961330357,-58.32121073073226,-117.46403065713888,-55.666217976893364,-87.93870881044523,0,0,0
0,-48.63047431844182,-54.36895605503156,-87.32909009798011,-56.88388894145026,-74.82920134783585,0,0,0
0,-56.14587444510566,-60.6475215887558,-61.997669574547466,-67.38012786960715,-74.7451753174699,0,0,0
1,-42.98575077905329,-45.973127750112994,-45.67826657889953,-40.584155708990416,-53.22349484992342,0,1,0
1,-49.23226936272515,-52.028985786407254,-44.98516939458862,-40.43618132932753,-59.262084278302005,0,1,0
0,-49.11030639066185,-53.082197674500186,-58.70928584790836,-37.821568747200004,-66.72309214503436,0,0,0
0,-48.63047431844182,-54.36895605503156,-87.32909009798011,-56.88388894145026,-74.82920134783585,0,0,0
0,-56.14587444510566,-60.6475215887558,-61.997669574547466,-67.38012786960715,-74.7451753174699,0,0,0
1,-42.98575077905329,-45.973127750112994,-45.67826657889953,-40.584155708990416,-53.22349484992342,0,1,0
1,-49.079808670739155,-51.809792938599195,-55.087072103788344,-39.01541268137763,-55.20872259347648,1,1,1
0,-48.63047431844182,-54.36895605503156,-87.32909009798011,-56.88388894145026,-74.82920134783585,0,0,0
0,-56.14587444510566,-60.6475215887558,-61.997669574547466,-67.38012786960715,-74.7451753174699,0,0,0
1,-42.98575077905329,-45.973127750112994,-45.67826657889953,-40.584155708990416,-53.22349484992342,0,1,0
1,-49.079808670739155,-51.809792938599195,-55.087072103788344,-39.01541268137763,-55.20872259347648,1,1,1
0,-48.63047431844182,-54.36895605503156,-87.32909009798011,-56.88388894145026,-74.82920134783585,0,0,0
1,-55.641332683499726,-58.58682845169404,-37.35928850362704,-38.082127778006075,-66.84911923458785,0,0,0
1,-49.079808670739155,-51.809792938599195,-55.087072103788344,-39.01541268137763,-55.20872259347648,1,1,1
0,-49.44119829996391,-52.74007008748336,-82.7183932804967,-39.803348121527776,-74.25671628411291,0,0,0
1,-53.01453093115556,-53.01453093115556,-54.88066117553584,-37.70288358276964,-69.4787292838163,0,0,0
1,-45.63731023531949,-48.5972605739138,-39.31539999265945,-45.32118424084901,-45.007396984177326,1,2,1
0,-45.85335335104199,-49.9901625767608,-55.16861485760143,-50.53337588840151,-62.40393780832242,0,0,0
0,-49.58266066023439,-55.44291187462514,-80.99115193546014,-57.71991152782957,-73.88000624087243,0,0,0
0,-52.792766673887606,-58.813971133479725,-80.6222690881944,-62.366912813714805,-73.5137114975462,0,1,0
0,-47.38397040056515,-53.05085544053212,-88.93857802297478,-67.58443592113862,-74.06554380745757,0,0,0
1,-46.837456283531836,-51.008680145109366,-50.13802050896801,-40.30697718804349,-58.413126533422506,0,0,1
0,-48.336542755089496,-51.35395598341207,-73.3095877556079,-64.6316180220718,-70.32941908177186,0,0,0
1,-46.432372263476964,-49.32727447321747,-45.87663171155223,-35.1689571022272,-56.729625874142904,0,0,1
0,-49.58266066023439,-55.44291187462514,-80.99115193546014,-57.71991152782957,-73.88000624087243,0,0,0
0,-52.792766673887606,-58.813971133479725,-80.6222690881944,-62.264574212576306,-73.5137114975462,0,1,0
0,-47.38397040056515,-53.05085544053212,-88.93857802297478,-67.58443592113862,-74.06554380745757,0,0,0
1,-46.837456283531836,-51.008680145109366,-50.13802050896801,-40.30697718804349,-58.413126533422506,0,0,1
0,-48.336542755089496,-51.35395598341207,-73.3095877556079,-64.6316180220718,-70.32941908177186,0,0,0
1,-46.432372263476964,-49.32727447321747,-45.87663171155223,-35.52902942970382,-56.729625874142904,0,0,1
0,-49.58266066023439,-55.44291187462514,-80.99115193546014,-57.71991152782957,-73.88000624087243,0,0,0
0,-52.792766673887606,-58.813971133479725,-80.6222690881944,-62.264574212576306,-73.5137114975462,0,1,0
0,-47.34199951183554,-52.0070357103763,-83.09263746733241,-49.529429481811064,-72.26979075203526,0,0,0
1,-48.60595145826081,-51.25894293831547,-55.08707210378835,-50.4282526993031,-61.666337186597595,0,0,1
1,-46.432372263476964,-49.32727447321747,-45.87663171155223,-35.1689571022272,-56.729625874142904,0,0,1
0,-49.58266066023439,-55.44291187462514,-80.99115193546014,-60.4620210303108,-73.88000624087243,0,0,0
0,-52.792766673887606,-58.813971133479725,-80.6222690881944,-62.264574212576306,-73.5137114975462,0,1,0
1,-46.87559811331238,-50.02240193033027,-37.359288503627035,-40.33959931464099,-58.08338466440049,0,0,0
1,-46.432372263476964,-49.32727447321747,-45.87663171155223,-35.1689571022272,-56.729625874142904,0,0,1
0,-49.58266066023439,-55.44291187462514,-80.99115193546014,-57.71991152782957,-73.88000624087243,0,0,0
1,-50.55983641157331,-53.626494751354336,-37.730840491384924,-41.62675059312115,-61.879088558988784,0,0,0
1,-46.432372263476964,-49.32727447321747,-45.87663171155223,-35.1689571022272,-56.729625874142904,0,0,1
0,-50.32945753623259,-53.226527729580816,-45.67559743840738,-39.18430573020996,-64.0321367677548,0,0,0
1,-51.40174809956537,-51.40174809956537,-62.01181001483921,-33.817190134528815,-70.00529110401713,0,0,0
1,-48.292250069680755,-51.063189392313085,-37.359288503627035,-48.84850230546747,-54.006975177428316,0,2,0
0,-45.627982748906724,-49.9125350799444,-60.041558085515064,-50.13112522411042,-63.64045017456124,0,0,0
0,-48.698634668224386,-54.26587991397534,-100.1051299042433,-66.54310000109062,-78.73017363949737,0,0,0
1,-42.92710293281877,-48.73390934588509,-57.744326572731495,-46.61699779721695,-54.75733946129766,0,0,2
0,-49.623828271450265,-54.74063267265556,-90.20159232769629,-83.53917498956119,-76.68430596975915,0,0,0
0,-47.85102011829144,-52.609683842827145,-50.191942639983154,-51.78400935483294,-59.442867007486655,0,1,0
1,-44.76435091994374,-47.73182327118521,-37.730840491384924,-43.01442437863582,-43.65906981841921,1,2,1
1,-46.72449654015236,-49.767141855211726,-38.42393767569584,-37.10902788986697,-45.82714459392111,1,1,2
0,-48.698634668224386,-54.26587991397534,-100.1051299042433,-73.11654975826886,-78.73017363949737,0,0,0
1,-42.92710293281877,-48.73390934588509,-57.744326572731495,-46.61699779721695,-54.75733946129766,0,0,2
0,-49.623828271450265,-54.74063267265556,-90.20159232769629,-83.53917498956119,-76.68430596975915,0,0,0
0,-47.85102011829144,-52.609683842827145,-50.191942639983154,-51.78400935483294,-59.442867007486655,0,1,0
1,-44.76435091994374,-47.73182327118521,-37.730840491384924,-43.01442437863582,-43.65906981841921,1,2,1
1,-46.72449654015236,-49.767141855211726,-38.42393767569584,-37.10902788986697,-45.82714459392111,1,1,2
0,-51.98336546026309,-57.644408041071024,-78.11864970574399,-60.10050942699086,-75.41896037198629,0,0,0
0,-50.6058268697925,-56.13242957802271,-59.15278022458132,-46.49360370959261,-68.3516609371669,0,0,0
0,-47.85102011829144,-52.609683842827145,-50.191942639983154,-51.78400935483294,-59.442867007486655,0,1,0
1,-44.76435091994374,-47.73182327118521,-37.730840491384924,-43.01442437863582,-43.65906981841921,1,2,1
1,-46.72449654015236,-49.767141855211726,-38.42393767569584,-37.10902788986697,-45.82714459392111,1,1,2
0,-51.98336546026309,-57.644408041071024,-78.11864970574399,-60.10050942699086,-75.41896037198629,0,0,0
0,-50.6058268697925,-56.13242957802271,-59.15278022458132,-46.49360370959261,-68.3516609371669,0,0,0
1,-48.51341267128526,-51.71592502036514,-39.31539999265945,-35.349885303881614,-60.30803266908309,0,0,0
1,-46.72449654015236,-49.767141855211726,-38.42393767569584,-37.10902788986697,-45.82714459392111,1,1,2
0,-51.98336546026309,-57.644408041071024,-78.11864970574399,-60.10050942699086,-75.41896037198629,0,0,0
0,-50.250248349203744,-53.17250173601103,-64.09914736337178,-60.239813123646684,-69.47999255821529,0,0,0
1,-53.65900603874971,-56.54355906500874,-37.35928850362704,-39.681600252658455,-64.86679258983781,0,0,0
0,-50.250248349203744,-53.17250173601103,-64.09914736337178,-60.239813123646684,-69.47999255821529,0,0,0
1,-50.53560192058285,-50.53560192058285,-36.45978039106362,-44.70844629295181,-61.47353603790194,0,0,0
0,-55.98566738816892,-59.19191966118051,-119.56015484944115,-83.4722244729808,-88.38797794020154,0,0,1
1,-52.26006330022003,-56.27800774302176,-51.20266968103683,-39.86389842839998,-64.15512830173135,0,1,0
0,-51.18416378208687,-56.20057697524105,-91.5877866963181,-75.43452065425346,-78.6604997909823,0,0,0
0,-52.87180032781677,-58.172489495378414,-106.6663616231361,-92.42060011117191,-84.8717088147576,0,0,0
0,-46.618727950742304,-51.39249397240662,-73.97720026984683,-59.32207632754987,-68.81188803169636,0,0,0
1,-45.048827856840276,-47.971760900637264,-48.52584038489556,-45.4149169560535,-49.20937226390976,1,1,1
0,-54.209092820158695,-57.01225011414078,-91.73046854008014,-65.322458496684,-81.72823338218274,0,0,0
1,-47.780217720198664,-51.62943845922993,-50.191942639983175,-40.48616803445633,-62.83780051219362,0,0,0
0,-52.87180032781677,-58.172489495378414,-106.6663616231361,-92.42060011117191,-84.8717088147576,0,0,0
0,-46.618727950742304,-51.39249397240662,-73.97720026984683,-59.32207632754987,-68.81188803169636,0,0,0
1,-45.048827856840276,-47.971760900637264,-48.52584038489556,-45.4149169560535,-49.20937226390976,1,1,1
1,-49.42674784126493,-52.061181431476555,-47.259502648806546,-42.06633855675072,-60.13886273310716,0,1,0
0,-48.92564395504984,-52.54600814193386,-69.62088132501691,-52.060331628629854,-66.3461724497552,0,0,1
0,-46.618727950742304,-51.39249397240662,-73.97720026984683,-59.32207632754987,-68.81188803169636,0,0,0
1,-45.048827856840276,-47.971760900637264,-48.52584038489556,-45.4149169560535,-49.20937226390976,1,1,1
1,-48.24831400923233,-50.6538910472967,-46.938611743128874,-37.20527800968887,-58.86416162937126,0,0,1
0,-46.618727950742304,-51.39249397240662,-73.97720026984683,-58.78579227545792,-68.81188803169636,0,0,0
1,-45.048827856840276,-47.971760900637264,-48.52584038489556,-45.4149169560535,-49.20937226390976,1,1,1
1,-48.24831400923233,-50.6538910472967,-46.938611743128874,-37.20527800968887,-58.86416162937126,0,0,1
0,-48.80210924606624,-52.057642886207674,-54.76552690723531,-44.242909326495436,-61.766031415437105,0,1,0
1,-50.34642772536547,-50.34642772536547,-36.45978039106362,-34.19147565785926,-61.28436184268456,0,0,0
1,-46.77001952951768,-49.545307086406005,-57.73628077713167,-45.25772081272447,-58.59784231931663,0,2,0
0,-49.21818040534848,-53.398999098126176,-125.77765513588936,-48.187496485594274,-86.95147694611529,0,0,0
0,-54.59812166438185,-60.247915388196,-107.35945880744701,-72.32939132279796,-86.80595930661596,0,0,0
0,-45.49214475734113,-50.957347655562614,-110.00866748079032,-56.01812901467548,-78.49474500157822,0,0,0
1,-46.58575299599345,-50.617477800763524,-52.78722918231134,-44.32422255870856,-58.95618584788713,0,0,1
0,-46.19158844572776,-49.10990703806895,-47.952624830304586,-45.36829749031842,-55.08431445147858,0,0,2
1,-47.0831125650435,-50.0220242418429,-30.10495960042334,-37.038720938754004,-43.6900671962305,1,1,2
0,-54.59812166438185,-60.247915388196,-107.35945880744701,-82.77535939511189,-86.80595930661596,0,0,0
0,-45.49214475734113,-50.957347655562614,-110.00866748079032,-56.01812901467548,-78.49474500157822,0,0,0
1,-46.58575299599345,-50.617477800763524,-52.78722918231134,-40.64688412898222,-58.95618584788713,0,0,1
0,-46.19158844572776,-49.10990703806895,-47.952624830304586,-45.36829749031842,-55.08431445147858,0,0,2
1,-47.0831125650435,-50.0220242418429,-30.10495960042334,-37.038720938754004,-43.6900671962305,1,1,2
0,-54.59812166438185,-60.247915388196,-107.35945880744701,-72.32939132279796,-86.80595930661596,0,0,0
0,-47.091612382860866,-51.52073259212479,-76.15985376068173,-48.842678904150844,-69.93956851106539,0,0,0
1,-47.91344099041654,-50.42693341366374,-93.68658002911255,-49.98731125831916,-76.0194149991503,0,0,0
1,-47.0831125650435,-50.0220242418429,-30.10495960042334,-37.038720938754004,-43.6900671962305,1,1,2
0,-54.59812166438185,-60.247915388196,-107.35945880744701,-83.08821764215892,-86.80595930661596,0,0,0
1,-47.492019172424214,-50.402907000165264,-55.78016928809926,-39.21630352997216,-60.76033405605427,0,1,0
1,-47.0831125650435,-50.0220242418429,-30.10495960042334,-37.038720938754004,-43.6900671962305,1,1,2
0,-48.40457030720729,-51.108083099447654,-54.8860378306435,-40.998378385488714,-64.87038165640034,0,0,0
1,-49.4123109675468,-49.4123109675468,-27.2493399988275,-37.31865374800603,-57.587112967195054,0,0,0
1,-44.96309217450804,-47.668418695848885,-63.19896686957721,-45.2087125854834,-60.45704633258148,0,1,0
0,-47.28847544644849,-51.31124835109087,-52.78722918231135,-51.05369364482409,-63.12464420114189,0,0,0
0,-53.324445513676515,-59.05890948967999,-108.05255599175793,-71.59426717536215,-85.74021231120389,0,0,0
0,-48.43492663766662,-54.39534190388083,-113.8984312431118,-60.10355074796928,-82.60445601060016,0,0,0
1,-51.325204570791705,-56.581969024173915,-61.508291119411254,-41.90549770866187,-69.77769190661508,0,0,0
0,-49.27053646559965,-54.9674408477942,-99.04314987266667,-65.28952851591497,-78.98348142739965,0,0,0
0,-53.79021250999487,-59.046599455513324,-90.20159232769629,-92.5353346357945,-80.85069020830376,0,0,0
0,-50.5154531400936,-55.31226778975187,-70.51501278247267,-58.512546041814645,-68.20422107203568,0,1,0
1,-42.56997948852808,-45.58550305279955,-40.00519874278997,-42.051775914424695,-49.07847766802452,0,2,0
1,-47.0831125650435,-49.88954311062652,-27.25738579442732,-36.5330556243139,-49.76726686003114,0,0,2
0,-53.324445513676515,-59.05890948967999,-108.05255599175793,-82.22796867508265,-85.74021231120389,0,0,0
0,-48.43492663766662,-54.39534190388083,-113.8984312431118,-60.10355074796928,-82.60445601060016,0,0,0
1,-51.325204570791705,-56.581969024173915,-61.508291119411254,-41.90549770866187,-69.77769190661508,0,0,0
0,-49.27053646559965,-54.9674408477942,-99.04314987266667,-68.28939482567951,-78.98348142739965,0,0,0
0,-53.79021250999487,-59.046599455513324,-90.20159232769629,-92.5353346357945,-80.85069020830376,0,0,0
0,-50.5154531400936,-55.31226778975187,-70.51501278247267,-60.02256120297431,-68.20422107203568,0,1,0
1,-42.56997948852808,-45.58550305279955,-40.00519874278997,-42.051775914424695,-49.07847766802452,0,2,0
1,-47.0831125650435,-49.88954311062652,-27.25738579442732,-36.5330556243139,-49.76726686003114,0,0,2
0,-53.324445513676515,-59.05890948967999,-108.05255599175793,-71.59997051188802,-85.74021231120389,0,0,0
0,-44.097146668188174,-49.792198181779845,-106.29747877587035,-49.16508842340785,-75.98639030094927,0,0,0
1,-44.16342449031855,-49.458106041453775,-62.894485488033084,-44.231697360690404,-63.03177013672847,0,0,0
0,-53.79021250999487,-59.046599455513324,-90.20159232769629,-92.5353346357945,-80.85069020830376,0,0,0
0,-50.5154531400936,-55.31226778975187,-70.51501278247267,-60.02256120297431,-68.20422107203568,0,1,0
1,-42.56997948852808,-45.58550305279955,-40.00519874278997,-42.051775914424695,-49.07847766802452,0,2,0
1,-47.0831125650435,-49.88954311062652,-27.25738579442732,-36.5330556243139,-49.76726686003114,0,0,2
0,-53.324445513676515,-59.05890948967999,-108.05255599175793,-71.59426717536215,-85.74021231120389,0,0,0
1,-52.277254002992215,-58.01022261433691,-57.942691705384185,-49.74859136824399,-66.19432561180774,0,1,0
0,-54.70236658442053,-59.594834045348335,-72.27544359488225,-72.89790334992927,-76.3849996628852,0,0,0
0,-50.5154531400936,-55.31226778975187,-70.51501278247267,-60.02256120297431,-68.20422107203568,0,1,0
1,-42.56997948852808,-45.58550305279955,-40.00519874278997,-42.051775914424695,-49.07847766802452,0,2,0
1,-47.0831125650435,-49.88954311062652,-27.25738579442732,-36.5330556243139,-49.76726686003114,0,0,2
0,-50.786266881928974,-56.37054756474967,-80.42123481504957,-52.69952116513261,-74.91263732644384,0,0,0
0,-50.016086899616404,-55.34684142075367,-66.95209782447546,-41.102985444337605,-70.10171624695904,0,0,0
0,-50.5154531400936,-55.31226778975187,-70.51501278247267,-60.02256120297431,-68.20422107203568,0,1,0
1,-42.56997948852808,-45.58550305279955,-40.00519874278997,-42.051775914424695,-49.07847766802452,0,2,0
1,-47.0831125650435,-49.88954311062652,-27.25738579442732,-36.5330556243139,-49.76726686003114,0,0,2
0,-50.786266881928974,-56.37054756474967,-80.42123481504957,-52.69952116513261,-74.91263732644384,0,0,0
0,-50.016086899616404,-55.34684142075367,-66.95209782447546,-41.102985444337605,-70.10171624695904,0,0,0
1,-47.73365127573832,-51.01223354387371,-55.087072103788344,-37.19559772840974,-60.794037004075086,0,1,0
1,-47.0831125650435,-49.88954311062652,-27.25738579442732,-36.5330556243139,-49.76726686003114,0,0,2
0,-50.786266881928974,-56.37054756474967,-80.42123481504957,-52.69952116513261,-74.91263732644384,0,0,0
0,-50.03593996465548,-52.96111744772838,-74.20105007257152,-54.818715858533,-72.29625498642693,0,0,0
1,-51.24758168103723,-54.055372809309034,-57.73628077713167,-49.03299366215696,-68.56846591417673,0,0,0
0,-50.03593996465548,-52.96111744772838,-74.20105007257152,-57.15007213497176,-72.29625498642693,0,0,0
1,-50.89890097917623,-50.89890097917623,-53.494466806914,-40.893756706950434,-66.94724102125043,0,0,0
1,-47.91378193194552,-50.695273268797315,-64.99060968033538,-46.58502524067189,-67.41096483604613,0,0,0
0,-47.44977595531533,-51.69769164788604,-71.20810996678358,-52.83860483508527,-68.8122089453504,0,0,0
0,-50.122686077357415,-55.861734612141746,-109.31557029647942,-70.14256092936799,-82.91735716630123,0,0,0
0,-47.20453726060742,-53.11511964277655,-105.81269936775196,-66.46153814843079,-78.94834707093301,0,0,0
1,-48.34852398798191,-53.5437295651688,-51.90112046186977,-41.62217298114896,-60.45312422374312,0,0,1
0,-50.101601558280194,-55.789466135874896,-99.73624705697756,-65.38272036538184,-80.02247567537346,0,0,0
0,-52.80520040530911,-58.26487940266731,-87.35401852170027,-76.71145260283458,-79.0114059618192,0,0,0
0,-47.85102011829144,-52.62996233949482,-52.78722918231134,-51.12222470230205,-63.68718887298484,0,0,0
1,-44.609554068985744,-47.575815755033744,-30.10495960042334,-43.96982898916853,-50.17530604631302,0,1,0
1,-46.72449654015236,-49.73050521674476,-38.42393767569584,-37.444794992112385,-45.82714459392111,1,1,2
0,-50.122686077357415,-55.861734612141746,-109.31557029647942,-70.14256092936799,-82.91735716630123,0,0,0
0,-47.20453726060742,-53.11511964277655,-105.81269936775196,-66.46153814843079,-78.94834707093301,0,0,0
1,-48.34852398798191,-53.5437295651688,-51.90112046186977,-41.62217298114896,-60.45312422374312,0,0,1
0,-50.101601558280194,-55.789466135874896,-99.73624705697756,-65.38272036538184,-80.02247567537346,0,0,0
0,-52.80520040530911,-58.26487940266731,-87.35401852170027,-70.51210688242739,-79.0114059618192,0,0,0
0,-47.85102011829144,-52.62996233949482,-52.78722918231134,-51.12222470230205,-63.68718887298484,0,0,0
1,-44.609554068985744,-47.575815755033744,-30.10495960042334,-43.96982898916853,-50.17530604631302,0,1,0
1,-46.72449654015236,-49.73050521674476,-38.42393767569584,-37.444794992112385,-45.82714459392111,1,1,2
0,-50.122686077357415,-55.861734612141746,-109.31557029647942,-70.14256092936799,-82.91735716630123,0,0,0
0,-46.52659224753325,-52.16637687520459,-69.8624001157711,-50.97490861990626,-67.48531228226457,0,0,0
1,-48.05782733227629,-53.35503766416157,-91.78882096946293,-50.29834129223763,-72.12873772031544,0,0,1
0,-52.80520040530911,-58.26487940266731,-87.35401852170027,-76.71145260283458,-79.0114059618192,0,0,0
0,-47.85102011829144,-52.62996233949482,-52.78722918231134,-51.12222470230205,-63.68718887298484,0,0,0
1,-44.609554068985744,-47.575815755033744,-30.10495960042334,-43.96982898916853,-50.17530604631302,0,1,0
1,-46.72449654015236,-49.73050521674476,-38.42393767569584,-37.444794992112385,-45.82714459392111,1,1,2
0,-50.122686077357415,-55.861734612141746,-109.31557029647942,-70.14256092936799,-82.91735716630123,0,0,0
1,-44.48995241826936,-50.23174180063909,-78.46779246650932,-44.19008627536922,-68.03029015822216,0,0,0
0,-50.2282296227381,-55.32923705800439,-79.72813763073866,-60.14411978368455,-74.14667091195969,0,0,0
0,-47.85102011829144,-52.62996233949482,-52.78722918231134,-56.072586267316964,-63.68718887298484,0,0,0
1,-44.609554068985744,-47.575815755033744,-30.10495960042334,-43.96982898916853,-50.17530604631302,0,1,0
1,-46.72449654015236,-49.73050521674476,-38.42393767569584,-37.444794992112385,-45.82714459392111,1,1,2
0,-48.94999364479651,-54.53309518516525,-60.04424254154493,-47.2980772674706,-66.96326640726,0,0,0
0,-55.864183591917744,-61.40977007766848,-78.11864970574398,-60.666715276444556,-79.29977850364094,0,0,0
0,-47.85102011829144,-52.62996233949482,-52.78722918231134,-56.072586267316964,-63.68718887298484,0,0,0
1,-44.609554068985744,-47.575815755033744,-30.10495960042334,-43.96982898916853,-50.17530604631302,0,1,0
1,-46.72449654015236,-49.73050521674476,-38.42393767569584,-37.444794992112385,-45.82714459392111,1,1,2
0,-48.94999364479651,-54.53309518516525,-60.04424254154493,-47.2980772674706,-66.96326640726,0,0,0
0,-55.864183591917744,-61.40977007766848,-78.11864970574398,-60.666715276444556,-79.29977850364094,0,0,0
1,-49.25593683429417,-52.493654143791275,-45.87663171155222,-40.57611672176977,-59.5531904449601,0,1,0
1,-46.72449654015236,-49.73050521674476,-38.42393767569584,-37.444794992112385,-45.82714459392111,1,1,2
0,-48.94999364479651,-54.53309518516525,-60.04424254154493,-47.2980772674706,-66.96326640726,0,0,0
0,-55.47657583229449,-58.40444088261876,-64.09914736337178,-60.13202454943993,-74.70632004130603,0,0,0
1,-50.5149996403945,-53.328923972439966,-46.56972889586314,-44.37312351747932,-64.48591830915345,0,0,0
0,-55.47657583229449,-58.40444088261876,-64.09914736337178,-60.13202454943993,-74.70632004130603,0,0,0
1,-50.37719968207457,-50.37719968207457,-63.39800438346104,-52.56692446969844,-65.93086509431316,0,0,1
0,-49.78257180714499,-53.03305282892654,-100.44617688065803,-69.95198940249998,-79.9164248713424,0,0,0
1,-52.662856782343134,-56.801601545286715,-34.36634839783913,-39.89591830656804,-46.49357697167323,2,2,2
0,-50.91232091957236,-56.13120798212085,-105.74997088245235,-66.02582093762395,-82.63731218430806,0,0,0
0,-50.99882801439182,-56.84745928595409,-91.09572378515203,-86.28261597752248,-78.32754514993744,0,0,0
0,-49.97972620420597,-56.102761407055624,-86.7336652489119,-63.70461406696718,-75.99982577887954,0,0,0
1,-44.01013411172654,-49.940182686586994,-57.94269170538418,-46.339158172798335,-57.92720572054207,0,1,0
0,-49.10171299434659,-54.31856941765182,-99.4120327199324,-85.202276067969,-78.9253228103263,0,0,0
0,-47.85102011829144,-52.66593203409105,-52.78722918231134,-52.21175294109962,-63.68718887298484,0,0,0
1,-44.55121204302843,-47.46942251604643,-29.210198849279347,-42.71728589826165,-44.35547435167196,0,2,1
0,-51.52516120407203,-54.44756360795625,-81.8269309635331,-55.69851184088759,-76.07324049313196,0,0,0
1,-49.3916706665519,-53.43480206467549,-55.782861487177065,-49.39341434679433,-62.660793209905286,0,0,1
0,-50.99882801439182,-56.84745928595409,-91.09572378515203,-86.28261597752248,-78.32754514993744,0,0,0
0,-49.97972620420597,-56.102761407055624,-86.7336652489119,-63.70461406696718,-75.99982577887954,0,0,0
1,-44.01013411172654,-49.940182686586994,-57.94269170538418,-46.339158172798335,-57.92720572054207,0,1,0
0,-49.10171299434659,-54.31856941765182,-99.4120327199324,-85.202276067969,-78.9253228103263,0,0,0
0,-47.85102011829144,-52.66593203409105,-52.78722918231134,-52.21175294109962,-63.68718887298484,0,0,0
1,-44.55121204302843,-47.46942251604643,-29.210198849279347,-42.71728589826165,-44.35547435167196,0,2,1
1,-46.19798477524491,-49.024773814309135,-36.66619131931612,-39.611086950831655,-57.197842171039746,0,0,0
0,-49.566514023587985,-53.75682991929833,-61.30457239023656,-53.975196134274924,-64.49214983785923,0,0,1
0,-49.97972620420597,-56.102761407055624,-86.7336652489119,-62.344124784894746,-75.99982577887954,0,0,0
1,-44.01013411172654,-49.940182686586994,-57.94269170538418,-46.339158172798335,-57.92720572054207,0,1,0
0,-49.10171299434659,-54.31856941765182,-99.4120327199324,-85.202276067969,-78.9253228103263,0,0,0
0,-47.85102011829144,-52.66593203409105,-52.78722918231134,-52.21175294109962,-63.68718887298484,0,0,0
1,-44.55121204302843,-47.46942251604643,-29.210198849279347,-42.71728589826165,-44.35547435167196,0,2,1
1,-50.17053307278716,-53.144506609438146,-45.87663171155224,-38.00227534602991,-60.467786683453106,0,0,1
0,-49.97972620420597,-56.102761407055624,-86.7336652489119,-63.70461406696718,-75.99982577887954,0,0,0
1,-44.01013411172654,-49.940182686586994,-57.94269170538418,-46.339158172798335,-57.92720572054207,0,1,0
0,-49.10171299434659,-54.31856941765182,-99.4120327199324,-85.202276067969,-78.9253228103263,0,0,0
0,-47.85102011829144,-52.66593203409105,-52.78722918231134,-52.21175294109962,-63.68718887298484,0,0,0
1,-44.55121204302843,-47.46942251604643,-29.210198849279347,-42.71728589826165,-44.35547435167196,0,2,1
1,-50.17053307278716,-53.144506609438146,-45.87663171155224,-38.00227534602991,-60.467786683453106,0,0,1
0,-48.55734664593126,-54.75552357697756,-104.68799085087568,-46.50962438806005,-79.96374390119396,0,0,0
0,-49.308870525308414,-55.059289745812656,-80.42123481504956,-46.32584995866776,-73.43524096982328,0,0,0
0,-47.85102011829144,-52.66593203409105,-52.78722918231134,-57.16211450611455,-63.68718887298484,0,0,0
1,-44.55121204302843,-47.46942251604643,-29.210198849279347,-42.71728589826165,-44.35547435167196,0,2,1
1,-50.17053307278716,-53.144506609438146,-45.87663171155224,-38.00227534602991,-60.467786683453106,0,0,1
0,-48.55734664593126,-54.75552357697756,-104.68799085087568,-53.45900926108925,-79.96374390119396,0,0,0
0,-49.308870525308414,-55.059289745812656,-80.42123481504956,-46.32584995866776,-73.43524096982328,0,0,0
1,-49.31660303781467,-52.54731887979793,-30.10495960042334,-39.63768051510095,-54.88235501514195,0,1,0
1,-50.17053307278716,-53.144506609438146,-45.87663171155224,-36.63988076576293,-60.467786683453106,0,0,1
0,-48.55734664593126,-54.75552357697756,-104.68799085087568,-48.47141566304722,-79.96374390119396,0,0,0
0,-49.49952958514391,-52.63222737022167,-76.15716156160391,-56.84967621511909,-72.34667805362508,0,0,0
1,-50.5878805604742,-53.38523135025689,-45.678266578899546,-42.424238434465686,-64.29136053414406,0,0,0
0,-49.49952958514391,-52.63222737022167,-76.15716156160391,-56.84967621511909,-72.34667805362508,0,0,0
1,-53.267033063928956,-53.267033063928956,-44.977123598988804,-43.61456629597412,-63.29443424082587,0,1,0
0,-51.6487537708107,-54.96385854478441,-110.34971445720507,-71.44877451178048,-84.75366810797222,0,0,0
1,-53.72031294541546,-58.0652210515735,-39.116428624904174,-40.31603718565734,-61.989505630086974,0,1,0
0,-50.827554994080046,-56.38913093450013,-81.6842491197711,-64.84720045756737,-75.33282973001137,0,0,0
0,-50.82880195372397,-56.483041939274734,-118.15712784144979,-55.23032206633194,-86.2759403061589,0,0,0
0,-51.76839481627258,-58.10109637191815,-95.99721093401796,-71.47238945325502,-80.56755809647797,0,0,0
0,-52.19128081166755,-58.39465734512239,-75.49703859661295,-62.559553470490535,-74.84039239065143,0,0,0
0,-46.57765381338295,-52.358245704977804,-78.83667531377503,-53.88697470825886,-70.22865640751546,0,0,0
1,-49.90827978633244,-54.16572143189088,-43.284087357052634,-39.09538780624734,-59.4277700906485,0,0,1
0,-50.282866025446936,-53.27887159015608,-83.41149046480763,-68.73580664458682,-75.30631316488922,0,0,0
0,-53.70506660938726,-56.808067699567,-94.57804234607615,-58.29511437518211,-82.0784793132101,0,0,0
1,-47.58113446553605,-51.946627240657946,-65.96361475111206,-47.33143799863574,-67.37021889086967,0,0,0
0,-50.82880195372397,-56.483041939274734,-118.15712784144979,-55.23032206633194,-86.2759403061589,0,0,0
0,-51.76839481627258,-58.10109637191815,-95.99721093401796,-71.47238945325502,-80.56755809647797,0,0,0
0,-52.19128081166755,-58.39465734512239,-75.49703859661295,-62.49455372523999,-74.84039239065143,0,0,0
0,-46.57765381338295,-52.358245704977804,-78.83667531377503,-53.88697470825886,-70.22865640751546,0,0,0
1,-49.90827978633244,-54.16572143189088,-43.284087357052634,-42.3188465851376,-59.4277700906485,0,0,1
0,-50.282866025446936,-53.27887159015608,-83.41149046480763,-68.73580664458682,-75.30631316488922,0,0,0
1,-48.334627830951106,-51.458213590094694,-47.832743200584645,-40.23781329893697,-59.21871488832677,0,1,0
0,-50.549658596244896,-54.58601675588418,-56.753174358875945,-51.96000319112772,-67.57561090390769,0,0,0
0,-51.76839481627258,-58.10109637191815,-95.99721093401796,-71.47238945325502,-80.56755809647797,0,0,0
0,-52.19128081166755,-58.39465734512239,-75.49703859661295,-62.49455372523999,-74.84039239065143,0,0,0
0,-46.57765381338295,-52.358245704977804,-78.83667531377503,-53.88697470825886,-70.22865640751546,0,0,0
1,-49.90827978633244,-54.16572143189088,-43.284087357052634,-39.09538780624734,-59.4277700906485,0,0,1
0,-50.282866025446936,-53.27887159015608,-83.41149046480763,-68.73580664458682,-75.30631316488922,0,0,0
1,-51.19062115576083,-53.98507229942181,-47.832743200584645,-36.55345533859549,-65.54044411593622,0,0,0
0,-51.76839481627258,-58.10109637191815,-95.99721093401796,-71.47238945325502,-80.56755809647797,0,0,0
0,-52.19128081166755,-58.39465734512239,-75.49703859661295,-62.559553470490535,-74.84039239065143,0,0,0
0,-46.57765381338295,-52.358245704977804,-78.83667531377503,-53.88697470825886,-70.22865640751546,0,0,0
1,-49.90827978633244,-54.16572143189088,-43.284087357052634,-42.3188465851376,-59.4277700906485,0,0,1
0,-50.282866025446936,-53.27887159015608,-83.41149046480763,-68.73580664458682,-75.30631316488922,0,0,0
1,-51.19062115576083,-53.98507229942181,-47.832743200584645,-36.55345533859549,-65.54044411593622,0,0,0
0,-51.76839481627258,-58.10109637191815,-95.99721093401796,-71.47238945325502,-80.56755809647797,0,0,0
0,-52.19128081166755,-58.39465734512239,-75.49703859661295,-72.53835015697585,-74.84039239065143,0,0,0
0,-46.477046424582596,-51.19910778597265,-82.0279882952636,-49.19721821383471,-71.08544291316167,0,0,0
1,-46.31186721109416,-48.98511278283624,-28.14884811139093,-38.337373222048754,-49.263460201170886,0,0,2
1,-51.19062115576083,-53.98507229942181,-47.832743200584645,-35.04374886745136,-65.54044411593622,0,0,0
0,-51.76839481627258,-58.10109637191815,-95.99721093401796,-71.47238945325502,-80.56755809647797,0,0,0
0,-52.19128081166755,-58.39465734512239,-75.49703859661295,-72.53835015697585,-74.84039239065143,0,0,0
1,-46.959871702154686,-50.09773698972838,-46.56972889586314,-41.92161206269844,-60.93079037091363,0,0,0
1,-51.19062115576083,-53.98507229942181,-47.832743200584645,-35.04374886745136,-65.54044411593622,0,0,0
0,-51.76839481627258,-58.10109637191815,-95.99721093401796,-71.47238945325502,-80.56755809647797,0,0,0
1,-49.87423796097772,-53.13432044718404,-65.56052680074596,-41.654028669522404,-69.54239600120151,0,0,0
1,-51.19062115576083,-53.98507229942181,-47.832743200584645,-36.55345533859549,-65.54044411593622,0,0,0
0,-50.45044333988445,-53.86516676867645,-64.09914736337178,-51.17120984382096,-69.68018754889599,0,0,0
1,-52.268945870890896,-52.268945870890896,-36.45978039106362,-45.29631076501315,-63.20687998820998,0,0,0
0,-50.96898339503358,-54.14811934239717,-103.78848273831225,-55.222240083557224,-82.10552821652726,0,0,0
1,-49.654552331029436,-53.77307866401995,-47.83543539966245,-39.54268265799978,-51.58064970198817,1,2,1
0,-50.94011669419473,-56.06684291003484,-88.93857802297477,-51.70562768708115,-74.15595419828743,0,0,1
0,-53.06022741963527,-58.41010118951077,-106.6663616231361,-93.60942580812836,-85.0601359065761,0,0,0
0,-46.29172574570751,-50.97381276355739,-106.44652082452572,-76.11006871155861,-78.22568199306522,0,0,0
1,-43.68051530740236,-46.64826749997568,-28.14884811139093,-42.566102390155876,-39.700636491879635,1,1,2
0,-50.22869348161589,-53.1053127986281,-100.94090893231626,-58.24610616893824,-80.51096616131076,0,0,0
1,-45.53282171814762,-49.53942267959358,-46.943973082698854,-43.811126832368714,-56.15027774015755,0,1,0
0,-53.06022741963527,-58.41010118951077,-106.6663616231361,-93.60942580812836,-85.0601359065761,0,0,0
0,-46.29172574570751,-50.97381276355739,-106.44652082452572,-76.11006871155861,-78.22568199306522,0,0,0
1,-43.68051530740236,-46.64826749997568,-28.14884811139093,-42.566102390155876,-39.700636491879635,1,1,2
1,-46.97887075177227,-49.74356469723992,-45.87663171155223,-40.23279243979312,-57.27612436243821,0,1,0
0,-49.225833575877445,-52.99751245927345,-47.341699693494974,-52.19663876737655,-63.428343483925936,0,0,0
0,-46.29172574570751,-50.97381276355739,-106.44652082452572,-76.11006871155861,-78.22568199306522,0,0,0
1,-43.68051530740236,-46.64826749997568,-28.14884811139093,-42.566102390155876,-39.700636491879635,1,1,2
1,-49.216502496597776,-51.74627436401548,-36.46515704617128,-36.766408614595974,-60.15604961044916,0,0,0
0,-46.29172574570751,-50.97381276355739,-106.44652082452572,-76.11006871155861,-78.22568199306522,0,0,0
1,-43.68051530740236,-46.64826749997568,-28.14884811139093,-42.566102390155876,-39.700636491879635,1,1,2
1,-49.216502496597776,-51.74627436401548,-36.46515704617128,-35.57958440564187,-60.15604961044916,0,0,0
0,-48.75322035655841,-51.949695218337695,-74.57260206032942,-45.25862693608348,-71.12500097465724,0,0,0
1,-50.21317181136515,-50.21317181136515,-27.2493399988275,-35.283413785530854,-58.3879738110134,0,0,0
0,-56.51414535362315,-59.717221350395235,-101.13927406496894,-74.96655959298823,-86.85592757311383,0,0,0
1,-54.66619340657462,-58.74412343635249,-40.92758011673192,-42.16759149344658,-63.47873153879447,0,1,0
0,-50.912320919572366,-56.03086145380805,-110.00866748079032,-65.75012455291866,-83.91492116380945,0,0,0
0,-50.33950586181635,-55.78900579536494,-109.31557029647944,-82.1937294578181,-83.13417695076018,0,0,0
0,-43.80323660801177,-48.62208816405912,-98.83943114349195,-60.585543035062585,-73.45506595105935,0,0,0
1,-44.40867849279952,-47.41297673834245,-45.87663171155223,-44.279807020200636,-58.171668006265186,0,0,0
0,-52.792982654200884,-55.629005668000445,-94.57804234607615,-54.56706660379522,-81.16639535802372,0,0,0
1,-48.818981052968326,-52.81739633280985,-45.680958777977345,-46.67482649656309,-59.057532783561804,0,0,1
0,-50.33950586181635,-55.78900579536494,-109.31557029647944,-82.1937294578181,-83.13417695076018,0,0,0
0,-43.80323660801177,-48.62208816405912,-98.83943114349195,-60.585543035062585,-73.45506595105935,0,0,0
1,-44.40867849279952,-47.41297673834245,-45.87663171155223,-44.298752598932545,-58.171668006265186,0,0,0
1,-46.10583806062676,-48.86234632448998,-44.98516939458862,-38.88779586212808,-56.135652976203616,0,1,0
0,-46.88588440523392,-50.7003909441798,-76.87521022822064,-52.299803358059165,-69.9484474737001,0,0,0
0,-43.80323660801177,-48.62208816405912,-98.83943114349195,-60.585543035062585,-73.45506595105935,0,0,0
1,-44.40867849279952,-47.41297673834245,-45.87663171155223,-44.298752598932545,-58.171668006265186,0,0,0
1,-47.846097824376905,-50.418697347344484,-44.982500254096465,-36.610023903701176,-57.875111997806115,0,0,1
0,-43.80323660801177,-48.62208816405912,-98.83943114349195,-60.585543035062585,-73.45506595105935,0,0,0
1,-44.40867849279952,-47.41297673834245,-45.87663171155223,-44.298752598932545,-58.171668006265186,0,0,0
1,-47.846097824376905,-50.418697347344484,-44.982500254096465,-36.610023903701176,-57.875111997806115,0,0,1
0,-49.14000263417899,-52.473242034155746,-74.57260206032942,-50.01611812219429,-71.51178325227781,0,0,0
1,-52.85207265036165,-52.85207265036165,-44.977123598988804,-37.387602617108115,-66.34520973005829,0,0,0
1,-48.62750025123395,-51.56422723160895,-29.213497283459734,-46.46586343612829,-51.898487992931315,0,2,0
0,-47.513846048583744,-51.5418130942672,-77.13016663238062,-48.70699753882971,-70.65289603829792,0,0,0
0,-49.10580957322256,-54.7796790507911,-107.35945880744701,-61.40439351703858,-81.31364721545665,0,0,0
0,-53.361665880446715,-59.24288047533295,-81.31536627250534,-64.29456338220648,-77.75627576219831,0,0,0
0,-47.586014436262886,-53.199626718139285,-108.6224731121685,-50.000303532564025,-72.12556680774293,0,4,0
1,-47.4293225649521,-51.577831062840275,-47.142338215351536,-36.7100100406225,-61.57202402955756,0,0,0
0,-48.31285937425597,-51.27135316115996,-82.7183932804967,-46.689609691096656,-73.12837735840498,0,0,0
1,-46.95448754058064,-49.767667437444445,-56.35008640850985,-35.564659794123024,-60.39377756033387,0,0,1
0,-49.10580957322256,-54.7796790507911,-107.35945880744701,-61.40439351703858,-81.31364721545665,0,0,0
0,-53.361665880446715,-59.24288047533295,-81.31536627250534,-64.29456338220648,-77.75627576219831,0,0,0
0,-47.586014436262886,-53.199626718139285,-108.6224731121685,-50.000303532564025,-72.12556680774293,0,4,0
1,-47.4293225649521,-51.577831062840275,-47.142338215351536,-36.7100100406225,-61.57202402955756,0,0,0
0,-48.31285937425597,-51.27135316115996,-82.7183932804967,-46.689609691096656,-73.12837735840498,0,0,0
1,-46.95448754058064,-49.767667437444445,-56.35008640850985,-35.564659794123024,-60.39377756033387,0,0,1
0,-49.10580957322256,-54.7796790507911,-107.35945880744701,-61.40439351703858,-81.31364721545665,0,0,0
0,-53.361665880446715,-59.24288047533295,-81.31536627250534,-64.29456338220648,-77.75627576219831,0,0,0
0,-47.7892875052444,-52.36963400384837,-84.67719696860692,-48.389889962434516,-73.19244659582648,0,0,0
1,-45.44320486570202,-48.07066407638219,-37.359288503627035,-44.66809742297568,-56.650991416790134,0,0,0
1,-46.95448754058064,-49.767667437444445,-56.35008640850985,-35.564659794123024,-60.39377756033387,0,0,1
0,-49.10580957322256,-54.7796790507911,-107.35945880744701,-61.40439351703858,-81.31364721545665,0,0,0
0,-53.361665880446715,-59.24288047533295,-81.31536627250534,-64.29456338220648,-77.75627576219831,0,0,0
1,-46.8182687112689,-49.87756592266486,-37.359288503627035,-39.85374998567162,-58.02605526235701,0,0,0
1,-46.95448754058064,-49.767667437444445,-56.35008640850985,-35.564659794123024,-60.39377756033387,0,0,1
0,-49.10580957322256,-54.7796790507911,-107.35945880744701,-60.585330054792024,-81.31364721545665,0,0,0
1,-50.25796976616846,-53.25052878627697,-55.08707210378835,-40.57649204783228,-63.318355494505234,0,0,1
1,-46.95448754058064,-49.767667437444445,-56.35008640850985,-35.564659794123024,-60.39377756033387,0,0,1
0,-50.32945753623259,-53.09098890742117,-45.67559743840738,-38.95896992051502,-64.0321367677548,0,0,0
1,-50.58510472396801,-50.58510472396801,-52.80136962260309,-33.897232290211626,-66.42551561074893,0,0,0
1,-46.587698011483404,-49.484498989221656,-46.56972889586316,-44.42782207253627,-60.55861668024235,0,0,0
0,-47.51384604858375,-51.5131792572968,-77.13016663238061,-51.44697102180714,-70.65289603829794,0,0,0
0,-49.44020604590154,-54.850465085305,-95.64539903276045,-60.53997131676322,-78.13382575572967,0,0,0
0,-50.89553303225547,-55.41990086612539,-57.04587579189857,-51.91806944439325,-68.00929576982504,0,0,0
1,-44.551212043028414,-47.56960206619311,-29.210198849279347,-42.534058116310646,-40.889738448872215,1,2,1
1,-53.105572156279415,-55.8885630059331,-55.08707210378835,-39.325991774993796,-66.16595788461619,0,0,1
0,-49.44020604590154,-54.850465085305,-95.64539903276045,-59.26513599716664,-78.13382575572967,0,0,0
0,-50.89553303225547,-55.41990086612539,-57.04587579189857,-57.56157104718768,-68.00929576982504,0,0,0
1,-44.551212043028414,-47.56960206619311,-29.210198849279347,-42.534058116310646,-40.889738448872215,1,2,1
1,-53.105572156279415,-55.8885630059331,-55.08707210378835,-39.325991774993796,-66.16595788461619,0,0,1
0,-49.44020604590154,-54.850465085305,-95.64539903276045,-59.26513599716664,-78.13382575572967,0,0,0
1,-53.835185687998646,-56.803402146412736,-46.56972889586314,-36.02399745939037,-67.80610435675759,0,0,0
1,-53.105572156279415,-55.8885630059331,-55.08707210378835,-39.325991774993796,-66.16595788461619,0,0,1
0,-49.00378866089906,-51.809698378879595,-44.982500254096465,-39.859480503161876,-62.498538737128,0,0,0
1,-49.404982070950965,-49.404982070950965,-63.39800438346104,-34.12533187431289,-64.95864748318955,0,0,1
0,-49.61284038656326,-52.796555817074406,-92.30038566049073,-70.57854419694624,-77.30295608471049,0,0,0
1,-52.93941519830466,-57.09122659254895,-36.467194954373724,-39.34465250573183,-63.87957368461677,0,0,0
0,-51.06711777053034,-56.40704131875245,-113.57421690606662,-65.2889538545607,-85.13938284235033,0,0,0
0,-50.82880195372397,-56.39922995742668,-115.85454273214424,-55.837489545305736,-85.58516477336724,0,0,0
0,-48.335271432882394,-54.135905211449106,-93.6919566842202,-57.30942468736114,-76.44285843814845,0,0,0
0,-50.3237468123864,-54.8724292100468,-58.45699858424053,-53.69039000659287,-67.86084638765857,0,0,0
1,-44.1354407525032,-47.19678717668305,-27.254087360246935,-43.62085928522248,-39.88713371163728,1,1,2
0,-50.1388674243472,-53.07433645953212,-81.8269309635331,-54.96039036826281,-74.68694671340712,0,0,0
1,-47.82631858183079,-51.990486465627995,-58.655363716893234,-47.194891875614815,-65.42292769689877,0,0,0
0,-50.82880195372397,-56.39922995742668,-115.85454273214424,-54.9779892359477,-85.58516477336724,0,0,0
0,-48.335271432882394,-54.135905211449106,-93.6919566842202,-57.30942468736114,-76.44285843814845,0,0,0
0,-50.3237468123864,-54.8724292100468,-58.45699858424053,-53.69039000659287,-67.86084638765857,0,0,0
1,-44.1354407525032,-47.19678717668305,-27.254087360246935,-43.62085928522248,-39.88713371163728,1,1,2
1,-44.121340926817176,-47.06916645155502,-47.139646016273716,-39.57716489023581,-54.79749882889956,0,1,0
0,-49.13256247314777,-53.10814036566723,-77.13016663238062,-51.41498029087236,-72.27161246286195,0,0,0
0,-48.335271432882394,-54.135905211449106,-93.6919566842202,-57.30942468736114,-76.44285843814845,0,0,0
0,-50.3237468123864,-54.8724292100468,-58.45699858424053,-59.67874073701765,-67.86084638765857,0,0,0
1,-44.1354407525032,-47.19678717668305,-27.254087360246935,-43.62085928522248,-39.88713371163728,1,1,2
1,-48.85585022035213,-51.615085753812224,-36.66619131931613,-35.61080136363045,-56.389971713347244,0,0,1
0,-48.335271432882394,-54.135905211449106,-93.6919566842202,-57.30942468736114,-76.44285843814845,0,0,0
0,-50.3237468123864,-54.8724292100468,-58.45699858424053,-53.69039000659287,-67.86084638765857,0,0,0
1,-44.1354407525032,-47.19678717668305,-27.254087360246935,-43.62085928522248,-39.88713371163728,1,1,2
1,-48.85585022035213,-51.615085753812224,-36.66619131931613,-33.793202476195184,-56.389971713347244,0,0,1
0,-48.335271432882394,-54.135905211449106,-93.6919566842202,-57.30942468736114,-76.44285843814845,0,0,0
1,-53.3475120565051,-56.37796207264263,-48.525840384895574,-43.475198893670836,-67.90526417197377,0,0,0
1,-48.85585022035213,-51.615085753812224,-36.66619131931613,-33.793202476195184,-56.389971713347244,0,0,1
0,-49.003788660899055,-52.23410602904875,-44.985169394588624,-39.76381803120074,-62.49933947927564,0,0,0
1,-50.8222911919055,-50.8222911919055,-72.6084447756972,-34.71875911556606,-72.60482462461465,0,0,0
1,-48.62750025123395,-51.606845832670245,-30.10495960042334,-46.595131909131894,-52.1659266880204,0,2,0
0,-48.03390038927042,-52.16202259750912,-67.44212034646061,-52.496262404065085,-68.2665364932086,0,0,0
0,-53.6810205186547,-59.34421586030381,-98.14901841521089,-71.5894399359048,-83.12572604321797,0,0,0
1,-42.63073000870412,-48.62726668340714,-79.03770958691992,-49.367612583637495,-62.87630698198037,0,1,0
0,-48.07925982647134,-53.31282047069126,-90.20159232769629,-68.64219577467594,-75.13973752478023,0,0,0
0,-46.29037274621714,-51.249872048363144,-51.5748385744246,-55.16874128036745,-58.29708841574479,0,1,0
1,-44.60955406898576,-47.61300264588854,-28.14884811139093,-42.01371750013612,-49.58847259960331,0,1,0
1,-49.09809106849231,-52.01142612791137,-28.14884811139093,-35.28842725623294,-54.07700959910986,0,1,0
0,-53.6810205186547,-59.34421586030381,-98.14901841521089,-71.5894399359048,-83.12572604321797,0,0,0
1,-42.63073000870412,-48.62726668340714,-79.03770958691992,-49.367612583637495,-62.87630698198037,0,1,0
0,-48.07925982647134,-53.31282047069126,-90.20159232769629,-73.63214643639151,-75.13973752478023,0,0,0
0,-46.29037274621714,-51.249872048363144,-51.5748385744246,-53.513553013217674,-58.29708841574479,0,1,0
1,-44.60955406898576,-47.61300264588854,-28.14884811139093,-42.01371750013612,-49.58847259960331,0,1,0
1,-49.09809106849231,-52.01142612791137,-28.14884811139093,-35.28842725623294,-54.07700959910986,0,1,0
0,-49.51389588647034,-55.18051206507208,-80.42123481504956,-62.79759406030165,-73.6402663309852,0,0,0
0,-53.31956904482648,-59.11990282291051,-68.55441223503558,-58.88114737621783,-73.88589271533715,0,0,0
0,-46.29037274621714,-51.249872048363144,-51.5748385744246,-55.16874128036745,-58.29708841574479,0,1,0
1,-44.60955406898576,-47.61300264588854,-28.14884811139093,-42.01371750013612,-49.58847259960331,0,1,0
1,-49.09809106849231,-52.01142612791137,-28.14884811139093,-35.28842725623294,-54.07700959910986,0,1,0
0,-49.51389588647034,-55.18051206507208,-80.42123481504956,-50.30517976272728,-73.6402663309852,0,0,0
0,-53.31956904482648,-59.11990282291051,-68.55441223503558,-58.88114737621783,-73.88589271533715,0,0,0
1,-47.081626733808626,-50.49990112424835,-40.00519874278997,-39.4833755791295,-53.59012491330507,0,2,0
1,-49.09809106849231,-52.01142612791137,-28.14884811139093,-35.28842725623294,-54.07700959910986,0,1,0
0,-49.51389588647034,-55.18051206507208,-80.42123481504956,-62.79759406030165,-73.6402663309852,0,0,0
0,-54.72768423481498,-57.91029657747253,-101.51082605272686,-68.32023281912618,-85.18093205063303,0,0,0
1,-49.64090524481504,-52.454829576860504,-37.359288503627035,-37.28152860812193,-57.38295589310342,0,1,0
0,-54.72768423481498,-57.91029657747253,-101.51082605272686,-68.39534087700308,-85.18093205063303,0,0,0
1,-50.81735059905905,-50.81735059905905,-54.18756399122493,-55.719914103309826,-67.07361979642653,0,0,0
1,-45.05010353387964,-47.80040801777939,-45.87663171155223,-45.68352331699666,-46.38855979840531,1,2,1
0,-47.375089899530636,-51.58155712235292,-59.34846090120415,-52.34738862925715,-59.686566726551334,0,0,2
0,-49.023162939764084,-54.4873847434313,-80.42123481504957,-66.65642907449377,-73.14953338427895,0,0,0
1,-44.43928772197355,-50.13817124080023,-64.15749979275458,-53.47536557013749,-60.220801757000196,0,1,0
0,-48.0873979210704,-53.122280368345834,-81.48588398711837,-61.42839739199263,-72.5331631172059,0,0,0
0,-48.46468284670268,-53.16444553646417,-50.83111769327894,-54.89441051282764,-63.71401815468636,0,0,0
1,-43.18037699238464,-46.09858746540264,-29.210198849279347,-43.45418006484577,-46.45037520382789,0,0,2
1,-46.93875108715933,-49.92887595092225,-36.66619131931613,-35.618608438564046,-54.47287258015444,0,0,1
0,-49.023162939764084,-54.4873847434313,-80.42123481504957,-66.65642907449377,-73.14953338427895,0,0,0
1,-44.43928772197355,-50.13817124080023,-64.15749979275458,-53.47536557013749,-60.220801757000196,0,1,0
0,-48.0873979210704,-53.122280368345834,-81.48588398711837,-61.42839739199263,-72.5331631172059,0,0,0
0,-48.46468284670268,-53.16444553646417,-50.83111769327894,-54.89441051282764,-63.71401815468636,0,0,0
1,-43.18037699238464,-46.09858746540264,-29.210198849279347,-43.45418006484577,-46.45037520382789,0,0,2
1,-46.93875108715933,-49.92887595092225,-36.66619131931613,-35.618608438564046,-54.47287258015444,0,0,1
0,-47.600783381489386,-53.12805140189647,-113.00429978565603,-50.93963639890494,-81.50207331718619,0,0,0
0,-49.30887052530841,-54.76348229230277,-76.16253821671158,-46.22140955437136,-72.15763199032187,0,0,0
0,-48.46468284670268,-53.16444553646417,-50.83111769327894,-54.89441051282764,-63.71401815468636,0,0,0
1,-43.18037699238464,-46.09858746540264,-29.210198849279347,-43.45418006484577,-46.45037520382789,0,0,2
1,-46.93875108715933,-49.92887595092225,-36.66619131931613,-35.618608438564046,-54.47287258015444,0,0,1
0,-47.600783381489386,-53.12805140189647,-113.00429978565603,-50.93963639890494,-81.50207331718619,0,0,0
0,-49.30887052530841,-54.76348229230277,-76.16253821671158,-46.22140955437136,-72.15763199032187,0,0,0
1,-49.25593683429417,-52.43746714253279,-45.87663171155222,-41.106561426366866,-59.5531904449601,0,1,0
1,-46.93875108715933,-49.92887595092225,-36.66619131931613,-35.618608438564046,-54.47287258015444,0,0,1
0,-47.600783381489386,-53.12805140189647,-113.00429978565603,-58.13051698566818,-81.50207331718619,0,0,0
0,-49.499529585143904,-52.42665259727113,-75.26569924464033,-55.61571866930449,-72.079239358536,0,0,0
1,-50.560100894140426,-53.331861400839884,-54.888706971135655,-39.67584238425206,-67.02671298548113,0,0,0
0,-49.499529585143904,-52.42665259727113,-75.26569924464033,-55.61571866930449,-72.079239358536,0,0,0
1,-51.90363903376758,-51.90363903376758,-63.39800438346104,-51.33554216207769,-70.9230403488059,0,0,0
1,-43.54254905422219,-46.294300794129285,-44.292072210277716,-45.39500259946152,-53.36443481450578,0,1,0
0,-47.64406066163018,-51.75758675299667,-52.787229182311364,-53.26793514724549,-63.48022941632359,0,0,0
0,-51.60121404457932,-57.20703508120839,-106.6663616231361,-68.42938811680881,-83.60112253152015,0,0,0
1,-42.18149248802643,-47.89679383751239,-68.41614640234178,-47.33209262924953,-62.70633640872896,0,0,0
0,-49.28360177371062,-54.23583219527936,-87.35401852170027,-86.57267431887793,-75.4898073302207,0,0,0
0,-50.26559542458173,-55.224234702970115,-75.74397226375878,-60.2101211894884,-72.98878710370937,0,0,0
1,-42.985750779053305,-45.98919935595609,-48.525840384895545,-40.87397636579111,-54.077766991722235,0,1,0
1,-48.70825134085207,-51.6054350731592,-37.359288503627035,-37.17245561951015,-56.450301989140456,0,0,1
0,-51.60121404457932,-57.20703508120839,-106.6663616231361,-67.67362036626834,-83.60112253152015,0,0,0
1,-42.18149248802643,-47.89679383751239,-68.41614640234178,-47.33209262924953,-62.70633640872896,0,0,0
0,-49.28360177371062,-54.23583219527936,-87.35401852170027,-81.5118197331088,-75.4898073302207,0,0,0
0,-50.26559542458173,-55.224234702970115,-75.74397226375878,-58.14049202610168,-72.98878710370937,0,0,0
1,-42.985750779053305,-45.98919935595609,-48.525840384895545,-40.87397636579111,-54.077766991722235,0,1,0
1,-48.70825134085207,-51.6054350731592,-37.359288503627035,-36.91159129920915,-56.450301989140456,0,0,1
0,-47.09301530021693,-52.62890928605751,-105.05687369814143,-59.37140419880076,-78.61007740965937,0,0,0
0,-47.19439246086415,-52.61931949156036,-77.0789289573953,-48.73594016689862,-70.31807114808274,0,0,0
0,-50.26559542458173,-55.224234702970115,-75.74397226375878,-58.14049202610168,-72.98878710370937,0,0,0
1,-42.985750779053305,-45.98919935595609,-48.525840384895545,-40.87397636579111,-54.077766991722235,0,1,0
1,-48.70825134085207,-51.6054350731592,-37.359288503627035,-36.91159129920915,-56.450301989140456,0,0,1
0,-47.09301530021693,-52.62890928605751,-105.05687369814143,-59.37140419880076,-78.61007740965937,0,0,0
0,-47.19439246086415,-52.61931949156036,-77.0789289573953,-48.73594016689862,-70.31807114808274,0,0,0
1,-48.286983926755866,-51.68947182968842,-39.31539999265945,-47.266680638352064,-56.615868021753975,0,1,0
1,-48.70825134085207,-51.6054350731592,-37.359288503627035,-36.91159129920915,-56.450301989140456,0,0,1
0,-47.09301530021693,-52.62890928605751,-105.05687369814143,-59.37140419880076,-78.61007740965937,0,0,0
0,-46.91093820421709,-49.89625528584301,-108.15262320431054,-66.38188769909868,-79.35672516551026,0,0,0
1,-47.43527685088434,-50.16526111874438,-55.78016928809925,-37.22030135927302,-64.16932763731413,0,0,0
0,-46.91093820421709,-49.89625528584301,-108.15262320431054,-66.38188769909868,-79.35672516551026,0,0,0
1,-50.1167973073053,-50.1167973073053,-44.977123598988804,-42.7908696085371,-63.60993438700194,0,0,0
0,-53.16658437178411,-56.16228407017404,-130.72670673070968,-83.3393649573619,-92.38459639099702,0,0,0
0,-49.25672005776555,-53.74421074631404,-80.41855035901972,-43.45832918030045,-73.38228516547146,0,0,0
1,-51.09546038355906,-56.5175704977584,-68.21511212919694,-43.6990162099041,-71.55999402231814,0,0,0
0,-49.14076786486615,-54.999965678325275,-106.09911364321769,-66.02273264985452,-80.97050195783146,0,0,0
0,-51.33812035809473,-57.1320855002698,-112.31387174183729,-53.67429264967015,-85.03228188064591,0,0,0
0,-49.44020604590154,-55.25149250563764,-100.79822708855421,-60.160381709318116,-79.6796741724678,0,0,0
0,-50.89553303225547,-55.48393167652046,-59.34846090120415,-51.93317509730458,-68.70007130261672,0,0,0
1,-44.76435091994372,-47.826734687588406,-35.774729002352515,-40.42101120216201,-43.07223637170947,1,2,1
0,-53.16658437178411,-56.16228407017404,-130.72670673070968,-83.3393649573619,-92.38459639099702,0,0,0
1,-51.067178168208244,-55.275632010232954,-68.55890129344027,-51.93655840292256,-71.63484855624033,0,0,0
0,-47.10550444419422,-52.498603772846025,-81.68424911977107,-54.18016304067704,-71.61077918012553,0,0,0
0,-51.33812035809473,-57.1320855002698,-112.31387174183729,-52.450719429228606,-85.03228188064591,0,0,0
0,-49.44020604590154,-55.25149250563764,-100.79822708855421,-60.160381709318116,-79.6796741724678,0,0,0
0,-50.89553303225547,-55.48393167652046,-59.34846090120415,-51.93317509730458,-68.70007130261672,0,0,0
1,-44.76435091994372,-47.826734687588406,-35.774729002352515,-40.42101120216201,-43.07223637170947,1,2,1
0,-52.853422786957246,-55.81996961300365,-83.41149046480763,-49.79565460940969,-74.41113402359981,0,1,0
1,-48.006016275460524,-52.1854593319377,-51.89576686534776,-49.05811591815492,-60.10901043226512,0,0,1
0,-51.33812035809473,-57.1320855002698,-112.31387174183729,-53.67429264967015,-85.03228188064591,0,0,0
0,-49.44020604590154,-55.25149250563764,-100.79822708855421,-60.160381709318116,-79.6796741724678,0,0,0
0,-50.89553303225547,-55.48393167652046,-59.34846090120415,-51.93317509730458,-68.70007130261672,0,0,0
1,-44.76435091994372,-47.826734687588406,-35.774729002352515,-40.42101120216201,-43.07223637170947,1,2,1
1,-48.5944279521919,-51.53196399269077,-66.25362398505688,-44.06111267544907,-68.47051514770897,0,0,0
0,-49.53012845821907,-53.55913999533465,-48.80574827136134,-35.36477227166957,-60.70611703682774,0,0,1
0,-49.44020604590154,-55.25149250563764,-100.79822708855421,-60.160381709318116,-79.6796741724678,0,0,0
0,-50.89553303225547,-55.48393167652046,-59.34846090120415,-51.93317509730458,-68.70007130261672,0,0,0
1,-44.76435091994372,-47.826734687588406,-35.774729002352515,-40.42101120216201,-43.07223637170947,1,2,1
1,-49.56929496664004,-52.35639948777731,-54.765526907235326,-38.67757892295358,-62.53321713601091,0,0,1
0,-49.44020604590154,-55.25149250563764,-100.79822708855421,-60.160381709318116,-79.6796741724678,0,0,0
0,-50.89553303225547,-55.48393167652046,-59.34846090120415,-51.93317509730458,-68.70007130261672,0,0,0
1,-44.76435091994372,-47.826734687588406,-35.774729002352515,-40.42101120216201,-43.07223637170947,1,2,1
1,-49.56929496664004,-52.35639948777731,-54.765526907235326,-38.67757892295358,-62.53321713601091,0,0,1
0,-49.44020604590154,-55.25149250563764,-100.79822708855421,-60.160381709318116,-79.6796741724678,0,0,0
1,-53.919298276374164,-56.98664763343115,-47.832743200584645,-41.7867855289887,-68.26912123654955,0,0,0
1,-49.56929496664004,-52.35639948777731,-54.765526907235326,-38.67757892295358,-62.53321713601091,0,0,1
0,-48.43162741522454,-51.672597464543635,-47.832743200584645,-41.80963732279022,-62.781450375399935,0,0,0
1,-50.595755913086165,-50.595755913086165,-62.704907199150114,-37.233448167891105,-69.4072280728312,0,0,0
1,-49.55363094087385,-52.41847971133184,-38.423937675695846,-46.82387680416356,-57.61507634078288,0,1,0
0,-46.803303679661575,-50.74807509634125,-49.498845455672246,-51.04344049089253,-58.18722141356352,0,0,1
0,-48.29787584921759,-53.448614965203554,-88.73754374982992,-58.215061391120756,-74.91913897416657,0,0,0
0,-54.037860804199724,-58.49760531680067,-61.30457239023655,-62.352937435773086,-72.42923252127069,0,0,0
1,-42.985750779053305,-45.97011557552284,-45.67826657889953,-40.584120137684586,-53.22349484992343,0,1,0
1,-48.4265531463039,-51.15653741416394,-36.66619131931613,-35.182588063741136,-59.426410542098736,0,0,0
0,-48.29787584921759,-53.448614965203554,-88.73754374982992,-58.215061391120756,-74.91913897416657,0,0,0
0,-54.037860804199724,-58.49760531680067,-61.30457239023655,-62.352937435773086,-72.42923252127069,0,0,0
1,-42.985750779053305,-45.97011557552284,-45.67826657889953,-40.584120137684586,-53.22349484992343,0,1,0
1,-48.4265531463039,-51.15653741416394,-36.66619131931613,-35.182588063741136,-59.426410542098736,0,0,0
0,-48.29787584921759,-53.448614965203554,-88.73754374982992,-58.215061391120756,-74.91913897416657,0,0,0
1,-53.617431630969314,-56.52102476811444,-39.31207656129193,-41.73739528522461,-61.94531869655716,0,1,0
1,-48.4265531463039,-51.15653741416394,-36.66619131931613,-35.182588063741136,-59.426410542098736,0,0,0
0,-47.76614830555243,-50.4772774724681,-80.4380674544191,-40.11598239821645,-71.89756854187816,0,0,0
1,-49.19143685016759,-49.19143685016759,-54.18756399122492,-34.795334886258786,-65.44770604753506,0,0,0
0,-53.693528684423086,-56.64539312858041,-110.34971445720507,-53.7812471223493,-86.7984430215846,0,0,0
0,-48.38559752394778,-52.946033246070286,-66.94941336844559,-42.41708177768168,-65.00468563168174,0,1,0
1,-54.12197590623269,-59.57936342965021,-63.26336833529881,-40.67872804031165,-62.70377869842315,1,1,1
0,-51.64986890143096,-57.61290830903558,-105.2579079712863,-63.453024342053126,-83.22724129281686,0,0,0
0,-51.70953325571878,-57.41508217831736,-103.99489366656479,-93.22249477633896,-82.90800135568821,0,0,0
0,-49.85065791379464,-55.81692701280796,-94.58341900118383,-71.7932773467883,-78.22568361414979,0,0,0
0,-47.08343558893568,-51.88925852825486,-75.74397226375879,-57.193800437536716,-69.80662726806332,0,0,0
1,-43.80928715982516,-46.94715244739886,-28.14884811139093,-42.53953893778739,-52.25394159324244,0,0,0
0,-53.693528684423086,-56.64539312858041,-110.34971445720507,-53.7812471223493,-86.7984430215846,0,0,0
1,-51.953221361297295,-56.27100960029668,-50.138020508968026,-52.67654983201154,-66.9946275139877,0,0,0
0,-52.74651877952774,-58.222094744645474,-72.47380872753494,-53.139594889075404,-74.48866139778822,0,0,0
0,-51.70953325571878,-57.41508217831736,-103.99489366656479,-93.22249477633896,-82.90800135568821,0,0,0
0,-49.85065791379464,-55.81692701280796,-94.58341900118383,-71.7932773467883,-78.22568361414979,0,0,0
0,-47.08343558893568,-51.88925852825486,-75.74397226375879,-57.193800437536716,-69.80662726806332,0,0,0
1,-43.80928715982516,-46.94715244739886,-28.14884811139093,-42.53953893778739,-52.25394159324244,0,0,0
0,-56.099604489048005,-59.20260557922774,-94.57804234607615,-51.26192038296713,-84.47301719287086,0,0,0
1,-48.67698352002016,-53.01296020071976,-73.51064508733839,-49.22097138044606,-70.73017704622167,0,0,0
0,-51.70953325571878,-57.41508217831736,-103.99489366656479,-93.22249477633896,-82.90800135568821,0,0,0
0,-49.85065791379464,-55.81692701280796,-94.58341900118383,-71.7932773467883,-78.22568361414979,0,0,0
0,-47.08343558893568,-51.88925852825486,-75.74397226375879,-57.193800437536716,-69.80662726806332,0,0,0
1,-43.80928715982516,-46.94715244739886,-28.14884811139093,-42.53953893778739,-52.25394159324244,0,0,0
1,-49.16124609909758,-52.282435630977545,-44.98516939458862,-43.23405100364862,-59.19106101467444,0,1,0
0,-50.41085976021388,-54.38781889700449,-55.86171204191234,-35.89892780014232,-67.16937337278759,0,0,0
0,-49.85065791379464,-55.81692701280796,-94.58341900118383,-73.47574601002471,-78.22568361414979,0,0,0
0,-47.08343558893568,-51.88925852825486,-75.74397226375879,-57.193800437536716,-69.80662726806332,0,0,0
1,-43.80928715982516,-46.94715244739886,-28.14884811139093,-42.53953893778739,-52.25394159324244,0,0,0
1,-51.12317992552138,-53.88535191349235,-54.39397491947743,-37.74913977578891,-67.4413724013646,0,0,0
0,-49.85065791379464,-55.81692701280796,-94.58341900118383,-71.7932773467883,-78.22568361414979,0,0,0
0,-47.08343558893568,-51.88925852825486,-75.74397226375879,-57.193800437536716,-69.80662726806332,0,0,0
1,-43.80928715982516,-46.94715244739886,-28.14884811139093,-42.53953893778739,-52.25394159324244,0,0,0
1,-51.12317992552138,-53.88535191349235,-54.39397491947743,-37.74913977578891,-67.4413724013646,0,0,0
0,-49.85065791379464,-55.81692701280796,-94.58341900118383,-71.7932773467883,-78.22568361414979,0,0,0
1,-49.40942551626761,-52.69419916837878,-30.10495960042334,-37.86195526061372,-54.975177493594884,0,1,0
1,-51.12317992552138,-53.88535191349235,-54.39397491947743,-37.74913977578891,-67.4413724013646,0,0,0
0,-49.12477446455092,-52.5635548086971,-44.985169394588624,-42.30180568550497,-62.6203252829275,0,0,0
1,-51.70645075653803,-51.70645075653803,-36.45978039106362,-37.74226863728993,-62.64438487385712,0,0,0
1,-46.1921384762755,-48.99491476318219,-48.52584038489556,-45.96632947589594,-60.74989059174417,0,0,0
0,-47.340753339944044,-51.03564241899619,-69.62088132501691,-51.43265290564549,-68.22701773744912,0,0,0
0,-48.984709389883214,-53.374815181680106,-88.04176210948916,-59.10554794665327,-75.39723802272997,0,0,0
1,-42.21085456674382,-45.2196525332122,-27.25738579442732,-40.668269506383346,-39.990862596672834,1,1,1
1,-47.79159389068709,-50.244575953760936,-44.98250025409646,-35.71309539389974,-57.8206080641163,0,0,1
0,-48.984709389883214,-53.374815181680106,-88.04176210948916,-60.506287381852815,-75.39723802272997,0,0,0
1,-42.21085456674382,-45.2196525332122,-27.25738579442732,-40.668269506383346,-39.990862596672834,1,1,1
1,-47.79159389068709,-50.244575953760936,-44.98250025409646,-35.71309539389974,-57.8206080641163,0,0,1
0,-48.545620206685975,-51.35152992466651,-62.71028385425779,-45.97724234455313,-67.3587053629633,0,0,0
1,-49.66764315290033,-49.66764315290033,-35.7666832067527,-32.97361873982064,-60.39764811492614,0,0,0
1,-44.7041769911016,-47.56902576155959,-46.24818369931012,-43.008265820572916,-55.1128961980949,0,0,1
0,-46.803303679661575,-50.76183503576993,-49.498845455672246,-51.16433688531349,-58.18722141356352,0,0,1
0,-48.77472693622942,-53.983216513010895,-88.73754374982992,-58.58382551627294,-75.3959900611784,0,0,0
0,-50.89553303225547,-55.359514123732346,-57.04587579189857,-55.71086961019265,-68.00929576982504,0,0,0
1,-44.551212043028414,-47.53557683949795,-27.254087360246935,-42.48940203776917,-52.7274382511025,0,0,0
1,-48.4265531463039,-51.168742143352894,-36.66619131931613,-35.12514805761477,-59.426410542098736,0,0,0
0,-48.77472693622942,-53.983216513010895,-88.73754374982992,-58.58382551627294,-75.3959900611784,0,0,0
0,-50.89553303225547,-55.359514123732346,-57.04587579189857,-57.65872698384344,-68.00929576982504,0,0,0
1,-44.551212043028414,-47.53557683949795,-27.254087360246935,-42.48940203776917,-52.7274382511025,0,0,0
1,-48.4265531463039,-51.168742143352894,-36.66619131931613,-35.12514805761477,-59.426410542098736,0,0,0
0,-48.77472693622942,-53.983216513010895,-88.73754374982992,-58.58382551627294,-75.3959900611784,0,0,0
1,-53.919298276374164,-56.842054456144766,-46.94128088362103,-36.13938212433988,-68.00168254146047,0,0,0
1,-48.4265531463039,-51.168742143352894,-36.66619131931613,-35.12514805761477,-59.426410542098736,0,0,0
0,-47.03628209201208,-49.791789605719714,-44.982500254096465,-39.322608381199686,-60.53103216824102,0,0,0
1,-48.46157063662724,-48.46157063662724,-44.97712359898881,-34.332713542949406,-61.95470771632389,0,0,0
0,-56.51414535362316,-59.812187965391104,-102.20392323703777,-74.9682256060488,-87.17532232473448,0,0,0
1,-54.666193406574614,-58.90694642040192,-40.036117799768306,-42.17600922282757,-56.27982103810592,1,1,1
0,-50.70822349573919,-56.052905481389715,-100.79822708855423,-65.82382133373983,-80.94769162230546,0,0,0
0,-52.53668004293843,-58.163699812145275,-116.77093347282798,-99.6162760299005,-87.56796008478682,0,0,0
0,-52.17604286821808,-58.2787391954128,-109.51660456962426,-67.86201823544702,-85.03102423910536,0,0,0
0,-46.11874981630916,-52.20830749702555,-108.94668744921367,-54.9367541304928,-78.80275605107326,0,0,0
0,-48.661323194673294,-53.767721032522616,-61.10889171361371,-46.062643624584396,-66.99399070875741,0,0,0
1,-50.26477794130286,-54.696312543401504,-49.91142851841481,-39.668030210438744,-61.772470594027574,0,1,0
0,-49.116091219142305,-51.99074895405359,-92.30038566049073,-70.37501245073544,-76.80620691728953,0,0,0
0,-51.558645654970555,-54.557491652819564,-82.52002814784402,-60.00679176468661,-76.31465409932376,0,0,0
1,-47.54407579656791,-51.768632527824266,-46.572421094940964,-46.00125001116783,-58.05006622225047,0,0,1
0,-52.53668004293843,-58.163699812145275,-116.77093347282798,-99.6162760299005,-87.56796008478682,0,0,0
0,-52.17604286821808,-58.2787391954128,-109.51660456962426,-67.86201823544702,-85.03102423910536,0,0,0
0,-46.11874981630916,-52.20830749702555,-108.94668744921367,-54.9367541304928,-78.80275605107326,0,0,0
0,-48.661323194673294,-53.767721032522616,-61.10889171361371,-46.062643624584396,-66.99399070875741,0,0,0
1,-50.26477794130286,-54.696312543401504,-49.91142851841481,-39.668030210438744,-61.772470594027574,0,1,0
0,-49.116091219142305,-51.99074895405359,-92.30038566049073,-70.37501245073544,-76.80620691728953,0,0,0
1,-46.424885349966324,-49.40753506524438,-35.774729002352515,-37.36077805680677,-57.15730405067208,0,0,0
0,-49.61567330351769,-53.6711649427905,-47.54273396663983,-50.19967471136586,-63.87849349350964,0,0,0
0,-52.17604286821808,-58.2787391954128,-109.51660456962426,-67.86201823544702,-85.03102423910536,0,0,0
0,-46.11874981630916,-52.20830749702555,-108.94668744921367,-54.942745676964535,-78.80275605107326,0,0,0
0,-48.661323194673294,-53.767721032522616,-61.10889171361371,-46.062643624584396,-66.99399070875741,0,0,0
1,-50.26477794130286,-54.696312543401504,-49.91142851841481,-39.668030210438744,-61.772470594027574,0,1,0
0,-49.116091219142305,-51.99074895405359,-92.30038566049073,-70.37501245073544,-76.80620691728953,0,0,0
1,-49.43365158584082,-52.24723620913532,-47.634378067931955,-35.87564755579585,-63.72396500622041,0,0,0
0,-52.17604286821808,-58.2787391954128,-109.51660456962426,-67.86201823544702,-85.03102423910536,0,0,0
0,-46.11874981630916,-52.20830749702555,-108.94668744921367,-54.9367541304928,-78.80275605107326,0,0,0
0,-48.661323194673294,-53.767721032522616,-61.10889171361371,-46.062643624584396,-66.99399070875741,0,0,0
1,-50.26477794130286,-54.696312543401504,-49.91142851841481,-39.668030210438744,-61.772470594027574,0,1,0
0,-49.116091219142305,-51.99074895405359,-92.30038566049073,-70.37501245073544,-76.80620691728953,0,0,0
1,-49.43365158584082,-52.24723620913532,-47.634378067931955,-35.87564755579585,-63.72396500622041,0,0,0
0,-52.17604286821808,-58.2787391954128,-109.51660456962426,-67.86201823544702,-85.03102423910536,0,0,0
0,-46.11874981630916,-52.20830749702555,-108.94668744921367,-54.9367541304928,-78.80275605107326,0,0,0
1,-51.314049544375266,-55.414908492596176,-61.99766957454747,-52.1982513453393,-69.9133504167395,0,0,0
0,-52.263217870572696,-55.17652009114846,-91.73046854008014,-47.688354416045826,-79.78235843259674,0,0,0
1,-49.43365158584082,-52.24723620913532,-47.634378067931955,-34.94751111087877,-63.72396500622041,0,0,0
0,-52.17604286821808,-58.2787391954128,-109.51660456962426,-67.86201823544702,-85.03102423910536,0,0,0
0,-44.87050011607694,-49.54000990390749,-60.611475205925636,-44.18897056543687,-63.05394267785463,0,0,0
1,-49.22079697697165,-51.80342354366969,-27.25738579442732,-49.66902729333456,-53.93227681250011,0,0,1
1,-49.43365158584082,-52.24723620913532,-47.634378067931955,-35.87564755579585,-63.72396500622041,0,0,0
0,-52.17604286821808,-58.2787391954128,-109.51660456962426,-67.86201823544702,-85.03102423910536,0,0,0
1,-46.41083060827722,-49.562108014584894,-39.31539999265945,-41.68037984366792,-58.20545060607506,0,0,0
1,-49.43365158584082,-52.24723620913532,-47.634378067931955,-36.13310439946347,-63.72396500622041,0,0,0
0,-50.834899866449845,-54.01581420637185,-73.30958775560792,-39.4033374092637,-72.82777619313222,0,0,0
1,-50.952061182523,-50.952061182523,-45.67022078329972,-37.65269747683193,-64.65312741751292,0,0,0
1,-47.09391018855185,-49.89062661223396,-53.50251260251382,-44.959186056107185,-63.144663969305995,0,0,0
0,-47.03547147994038,-51.007362763778715,-58.70928584790838,-55.939419386737896,-61.182521331513165,0,0,1
0,-48.44815280040755,-53.69367246745837,-75.8383238796664,-54.84232816135647,-71.19964996430747,0,0,0
0,-54.253112996522425,-58.71062956619549,-66.94941336844559,-66.70892485837192,-74.3379370070561,0,0,0
1,-42.98575077905329,-45.98938427822701,-46.569728895863136,-40.604252188873694,-53.4909335450125,0,1,0
1,-48.02564861675407,-50.75563288461411,-74.2010500725715,-37.04690614173793,-66.8202277357258,0,0,1
0,-48.44815280040755,-53.69367246745837,-75.8383238796664,-54.84232816135647,-71.19964996430747,0,0,0
0,-54.253112996522425,-58.71062956619549,-66.94941336844559,-62.99428112558916,-74.3379370070561,0,0,0
1,-42.98575077905329,-45.98938427822701,-46.569728895863136,-40.604252188873694,-53.4909335450125,0,1,0
1,-48.02564861675407,-50.75563288461411,-74.2010500725715,-37.04690614173793,-66.8202277357258,0,0,1
0,-48.44815280040755,-53.69367246745837,-75.8383238796664,-54.84232816135647,-71.19964996430747,0,0,0
1,-53.74857123491649,-56.64993642913373,-45.67826657889954,-37.423433390000056,-63.986315305786626,0,1,0
1,-48.02564861675407,-50.75563288461411,-74.2010500725715,-37.04690614173793,-66.8202277357258,0,0,1
0,-48.09874677477666,-50.90465649275719,-80.4380674544191,-40.25426953673227,-72.23016701110238,0,0,0
1,-49.763598095842106,-49.763598095842106,-53.089018364777665,-34.37045372848266,-65.6903036052754,0,0,0
1,-48.62750025123395,-51.630877392615645,-29.213497283459734,-46.61316813906306,-51.898487992931315,0,2,0
0,-48.03390038927042,-52.279356944852296,-70.51501278247265,-50.42186847021666,-69.18840422401222,0,0,0
0,-49.56723163274117,-55.146398527098654,-98.84211559952182,-66.79348977516383,-79.21986631259772,0,0,0
1,-40.62072830271727,-46.5664136065667,-71.78338068371617,-47.60313943542489,-58.69000660503239,0,1,0
0,-47.68417488980621,-52.75144095143376,-108.6224731121685,-97.80879762392688,-80.27091682345676,0,0,0
0,-46.24068723843545,-51.10761888053189,-60.04155808551505,-54.83648981223971,-64.25315466408996,0,0,0
1,-41.72958780703165,-44.673113591208136,-28.145549677210543,-42.161938195519504,-44.68019126685426,0,2,0
1,-50.25126170181708,-53.28193110857931,-45.876631711552236,-36.29021292238491,-60.548515312483026,0,0,1
0,-49.56723163274117,-55.146398527098654,-98.84211559952182,-66.79348977516383,-79.21986631259772,0,0,0
1,-40.62072830271727,-46.5664136065667,-71.78338068371617,-47.60313943542489,-58.69000660503239,0,1,0
0,-47.68417488980621,-52.75144095143376,-108.6224731121685,-97.80879762392688,-80.27091682345676,0,0,0
0,-46.24068723843545,-51.10761888053189,-60.04155808551505,-57.693186330681776,-64.25315466408996,0,0,0
1,-41.72958780703165,-44.673113591208136,-28.145549677210543,-42.161938195519504,-44.68019126685426,0,2,0
1,-50.25126170181708,-53.28193110857931,-45.876631711552236,-36.29021292238491,-60.548515312483026,0,0,1
0,-49.74759915375256,-55.36336396150071,-82.37734630408198,-58.658620564461614,-74.46080304497715,0,0,0
0,-50.615000676496095,-56.25059508222749,-66.95209782447544,-46.6692924894923,-70.70063002383873,0,0,0
0,-46.24068723843545,-51.10761888053189,-60.04155808551505,-57.693186330681776,-64.25315466408996,0,0,0
1,-41.72958780703165,-44.673113591208136,-28.145549677210543,-42.161938195519504,-44.68019126685426,0,2,0
1,-50.25126170181708,-53.28193110857931,-45.876631711552236,-36.29021292238491,-60.548515312483026,0,0,1
0,-49.74759915375256,-55.36336396150071,-82.37734630408198,-58.658620564461614,-74.46080304497715,0,0,0
0,-50.615000676496095,-56.25059508222749,-66.95209782447544,-46.6692924894923,-70.70063002383873,0,0,0
1,-47.86251271033599,-51.14524827861608,-38.04908725375756,-38.401984421535715,-53.78417744312271,0,2,0
1,-50.25126170181708,-53.28193110857931,-45.876631711552236,-36.29021292238491,-60.548515312483026,0,0,1
0,-49.74759915375256,-55.36336396150071,-82.37734630408198,-58.658620564461614,-74.46080304497715,0,0,0
0,-50.56272947759347,-53.74534182025102,-84.47613963687644,-61.053479949021835,-75.90557136865641,0,0,0
1,-51.894376664591555,-54.65744962578343,-57.73628077713168,-42.023327383347144,-69.21526089773106,0,0,0
0,-50.56272947759347,-53.74534182025102,-84.47613963687644,-61.053479949021835,-75.90557136865641,0,0,0
1,-51.35740145334332,-51.35740145334332,-54.18756399122492,-54.65876595279891,-67.6136706507108,0,0,0
1,-49.208350714670786,-52.34487034779471,-45.87663171155222,-48.13336349520217,-52.574132519737276,1,1,1
0,-47.47758191752851,-51.59123290953002,-56.753174358875945,-51.36204867844484,-64.50353422519129,0,0,0
0,-48.52734182292204,-54.177200097163684,-97.25755609824729,-50.42033224408283,-77.70460865239622,0,0,0
0,-52.10582880834161,-58.14593625864404,-62.894485488033084,-61.43957195555206,-67.50843855195181,0,1,0
0,-47.0765320853484,-53.13961339492871,-102.03878217753235,-49.50874012091928,-77.6881667386081,0,0,0
0,-49.252837269060834,-54.48626840443486,-80.42123481504956,-42.007800990140865,-62.982000005176516,1,1,1
1,-51.03126852063664,-55.60367248435714,-55.78286148717706,-39.182513200180274,-67.76612696678976,0,0,0
0,-45.76595506301673,-48.61011388082872,-74.20105007257152,-44.9312566878084,-64.56053418198847,0,0,1
1,-48.578716107067166,-51.45046008309037,-45.876631711552236,-34.6002900207506,-62.341705620532835,0,0,0
0,-48.52734182292204,-54.177200097163684,-97.25755609824729,-50.42033224408283,-77.70460865239622,0,0,0
0,-52.10582880834161,-58.14593625864404,-62.894485488033084,-61.23677768849775,-67.50843855195181,0,1,0
0,-47.0765320853484,-53.13961339492871,-102.03878217753235,-49.50874012091928,-77.6881667386081,0,0,0
0,-49.252837269060834,-54.48626840443486,-80.42123481504956,-42.007800990140865,-62.982000005176516,1,1,1
1,-51.03126852063664,-55.60367248435714,-55.78286148717706,-39.182513200180274,-67.76612696678976,0,0,0
0,-45.76595506301673,-48.61011388082872,-74.20105007257152,-44.84794573899693,-64.56053418198847,0,0,1
1,-48.578716107067166,-51.45046008309037,-45.876631711552236,-34.6002900207506,-62.341705620532835,0,0,0
0,-48.52734182292204,-54.177200097163684,-97.25755609824729,-50.42033224408283,-77.70460865239622,0,0,0
0,-52.10582880834161,-58.14593625864404,-62.894485488033084,-70.95819528822871,-67.50843855195181,0,1,0
0,-47.0765320853484,-53.13961339492871,-102.03878217753235,-49.50874012091928,-77.6881667386081,0,0,0
1,-52.13460107363332,-56.38105198666295,-37.36198070270484,-53.55853905392003,-59.877459381645046,0,1,0
0,-52.18128752078583,-55.169495410689976,-83.41149046480763,-52.95263991475579,-77.20473466022811,0,0,0
1,-48.578716107067166,-51.45046008309037,-45.876631711552236,-34.6002900207506,-62.341705620532835,0,0,0
0,-48.52734182292204,-54.177200097163684,-97.25755609824729,-50.42033224408283,-77.70460865239622,0,0,0
0,-52.10582880834161,-58.14593625864404,-62.894485488033084,-70.95819528822871,-67.50843855195181,0,1,0
0,-46.06812281636281,-50.802080212096385,-41.62067730104283,-42.38847045125411,-58.55432600667566,0,0,0
1,-46.82944944611953,-49.49170428533281,-28.14884811139093,-48.49405152324293,-55.27410387953681,0,0,0
1,-48.578716107067166,-51.45046008309037,-45.876631711552236,-34.6002900207506,-62.341705620532835,0,0,0
0,-48.52734182292204,-54.177200097163684,-97.25755609824729,-50.42033224408283,-77.70460865239622,0,0,0
0,-52.10582880834161,-58.14593625864404,-62.894485488033084,-61.43957195555206,-67.50843855195181,0,1,0
1,-47.3629796525345,-50.51274097445172,-46.56972889586315,-43.641320502329854,-61.33389832129345,0,0,0
1,-48.578716107067166,-51.45046008309037,-45.876631711552236,-34.6002900207506,-62.341705620532835,0,0,0
0,-48.52734182292204,-54.177200097163684,-97.25755609824729,-50.42033224408283,-77.70460865239622,0,0,0
1,-51.03183109292928,-54.15876212424946,-46.56972889586314,-41.590154100698925,-54.60554205328904,1,1,1
1,-48.578716107067166,-51.45046008309037,-45.876631711552236,-34.6002900207506,-62.341705620532835,0,0,0
0,-50.76187464162606,-53.51738215533369,-64.0964782228796,-41.008947133258964,-66.52508220569021,0,0,1
1,-52.18716318624122,-52.18716318624122,-45.67022078329972,-35.74441033345869,-62.4224935184314,0,0,1
0,-48.66702085667915,-51.83756510971218,-111.41436362927388,-65.45252781190696,-82.09132994546131,0,0,0
1,-52.153374431428624,-56.26096853757448,-47.83543539966245,-39.0880864212002,-66.50400505132735,0,0,0
0,-50.763810448844204,-56.10906504922745,-111.61810541703422,-64.51655248862679,-84.24924207395446,0,0,0
0,-49.14624546717858,-54.79997707845732,-112.31387174183729,-53.70584513963853,-82.84040698972976,0,0,0
0,-48.058313072767305,-53.93342169641293,-95.84643330590532,-57.48722607654857,-76.8122430645389,0,0,0
0,-50.593666386850614,-55.13607993171345,-47.835435399662444,-58.21056673697601,-64.94429700674935,0,0,0
1,-44.135440752503186,-47.14230804136299,-29.210198849279347,-43.16316313691744,-40.47396715834699,1,1,2
0,-52.88674984700578,-55.77800159409227,-83.78304245256551,-55.89092819077503,-78.02166258277543,0,0,0
1,-49.15879317133124,-53.245667439840105,-72.61918277037479,-51.445149542044284,-67.47881209964396,0,0,1
0,-49.14624546717858,-54.79997707845732,-112.31387174183729,-53.70584513963853,-82.84040698972976,0,0,0
0,-48.058313072767305,-53.93342169641293,-95.84643330590532,-57.48722607654857,-76.8122430645389,0,0,0
0,-50.593666386850614,-55.13607993171345,-47.835435399662444,-52.04576890603574,-64.94429700674935,0,0,0
1,-44.135440752503186,-47.14230804136299,-29.210198849279347,-43.16316313691744,-40.47396715834699,1,1,2
1,-45.356399355808584,-48.22693126525809,-53.50251260251383,-40.45038804040757,-61.407153136562734,0,0,0
0,-47.199903217219564,-51.169277329775554,-93.59493592782042,-44.227983229596305,-75.27838399556569,0,0,0
0,-48.058313072767305,-53.93342169641293,-95.84643330590532,-57.48722607654857,-76.8122430645389,0,0,0
0,-50.593666386850614,-55.13607993171345,-47.835435399662444,-52.04576890603574,-64.94429700674935,0,0,0
1,-44.135440752503186,-47.14230804136299,-29.210198849279347,-43.16316313691744,-40.47396715834699,1,1,2
1,-48.62733336722062,-51.380365120717244,-47.139646016273744,-37.24204129008896,-59.30349126930302,0,0,1
0,-48.058313072767305,-53.93342169641293,-95.84643330590532,-57.48722607654857,-76.8122430645389,0,0,0
0,-50.593666386850614,-55.13607993171345,-47.835435399662444,-52.04576890603574,-64.94429700674935,0,0,0
1,-44.135440752503186,-47.14230804136299,-29.210198849279347,-43.16316313691744,-40.47396715834699,1,1,2
1,-48.62733336722062,-51.380365120717244,-47.139646016273744,-37.24204129008896,-59.30349126930302,0,0,1
0,-48.058313072767305,-53.93342169641293,-95.84643330590532,-57.48722607654857,-76.8122430645389,0,0,0
1,-52.143361894749376,-55.167543058089336,-36.66619131931613,-40.57877528074369,-63.14321929054421,0,0,0
1,-48.62733336722062,-51.380365120717244,-47.139646016273744,-35.30732700247861,-59.30349126930302,0,0,1
0,-48.726830300783966,-52.07445016956245,-84.67450476952911,-39.850770966882145,-74.1291817316427,0,0,0
1,-50.84164498772699,-50.84164498772699,-44.977123598988804,-36.07455917621036,-64.33478206742363,0,0,0
0,-49.83974096128467,-52.971148931483505,-103.09538555400137,-68.72731907678254,-80.76835662748508,0,0,0
1,-52.939415198304665,-57.022418764625854,-36.467194954373724,-39.26268497676376,-63.87957368461678,0,0,0
0,-50.70822349573919,-55.839353501630825,-98.84211559952182,-65.99397033477335,-80.36085817559574,0,0,0
0,-52.146840315298185,-57.474486806770955,-106.6663616231361,-93.81325042548026,-84.14674880223902,0,0,0
0,-49.83662543382532,-54.58197512147726,-80.41855035901972,-63.070690381126056,-73.96219054153123,0,0,0
1,-43.30968057999608,-46.312630405252634,-40.00519874278997,-41.23266449011141,-44.9140324944339,1,1,1
0,-52.79298265420088,-55.63407920454377,-93.68658002911256,-54.56244999941003,-80.89895666293464,0,0,0
1,-48.61488362913515,-52.63255513717809,-47.637070267009754,-47.735692075801616,-59.44026880643835,0,0,1
0,-52.146840315298185,-57.474486806770955,-106.6663616231361,-93.81325042548026,-84.14674880223902,0,0,0
0,-49.83662543382532,-54.58197512147726,-80.41855035901972,-63.070690381126056,-73.96219054153123,0,0,0
1,-43.30968057999608,-46.312630405252634,-40.00519874278997,-41.23266449011141,-44.9140324944339,1,1,1
1,-45.84661853050758,-48.62238302257221,-47.83274320058463,-39.72268585069278,-56.730705587883236,0,1,0
0,-48.34510227388263,-52.11678115727864,-42.40842666155016,-50.819454845977376,-57.60189436954795,0,0,1
0,-49.83662543382532,-54.58197512147726,-80.41855035901972,-64.37612101096883,-73.96219054153123,0,0,0
1,-43.30968057999608,-46.312630405252634,-40.00519874278997,-41.23266449011141,-44.9140324944339,1,1,1
1,-49.82985262507662,-52.35962449249432,-44.98250025409648,-36.713411097784245,-59.85886679850584,0,0,1
0,-49.83662543382532,-54.58197512147726,-80.41855035901972,-64.37612101096883,-73.96219054153123,0,0,0
1,-43.30968057999608,-46.312630405252634,-40.00519874278997,-41.23266449011141,-44.9140324944339,1,1,1
1,-49.82985262507662,-52.35962449249432,-44.98250025409648,-35.13671701193048,-59.85886679850584,0,0,1
0,-49.32538160223292,-52.58511913381426,-63.604415311713545,-43.47855240821912,-68.40670619574698,0,0,0
1,-51.95948079993535,-51.95948079993535,-45.670220783299726,-36.32206209484473,-65.66054703492527,0,0,0
1,-48.69631388625298,-51.414205029890454,-36.46782618666343,-46.40374982388414,-54.14360029891146,0,2,0
0,-48.575339510992265,-52.19798681042685,-67.66476983598449,-52.19091868192453,-65.40903455898788,0,0,1
0,-48.50779808796029,-52.754941615219465,-68.35786702029542,-68.1117751077856,-69.01515819404891,0,0,0
1,-42.50448401934115,-45.42213704087086,-46.56972889586314,-40.85941958037402,-50.98234124475954,0,2,0
1,-49.02618006173532,-51.434040212350254,-36.46515704617127,-36.66892175643017,-56.49999127278697,0,0,1
0,-48.50779808796029,-52.754941615219465,-68.35786702029542,-61.6120553980699,-69.01515819404891,0,0,0
1,-42.50448401934115,-45.42213704087086,-46.56972889586314,-40.85941958037402,-50.98234124475954,0,2,0
1,-49.02618006173532,-51.434040212350254,-36.46515704617127,-36.66892175643017,-56.49999127278697,0,0,1
0,-48.86862722341366,-51.63015859460224,-71.227627062183,-43.96587395760659,-70.23691534206856,0,0,0
1,-49.09548190722582,-49.09548190722582,-36.45978039106361,-32.43129612340854,-60.0334160245449,0,0,0
1,-47.936163307759834,-50.74224372850827,-28.14884811139093,-47.24188976291421,-45.98361003277793,1,1,1
0,-48.03801810984899,-52.07599153587811,-48.235831150950744,-55.48868898129242,-59.04303155233448,0,0,1
0,-51.3595624109085,-57.006306272279645,-80.79278680280747,-65.24097503876224,-75.59739845175073,0,0,0
0,-46.21762346788142,-52.19771215368176,-108.94668744921367,-54.126370055040866,-78.90162970264552,0,0,0
0,-50.2346092466709,-55.36647289625867,-62.00035403057733,-42.694162847207096,-68.8347154558441,0,0,0
1,-49.39044620773378,-53.780097225221525,-66.94941336844562,-44.64092410856705,-57.05073696932747,1,2,1
0,-47.4223461208456,-50.3161632585377,-82.71839328049671,-45.737504354508204,-72.23786410499461,0,0,0
1,-48.825421387724006,-51.62148779777482,-38.83779409897558,-37.94719884570634,-50.079551909017496,1,1,1
0,-51.3595624109085,-57.006306272279645,-80.79278680280747,-65.24097503876224,-75.59739845175073,0,0,0
0,-46.21762346788142,-52.19771215368176,-108.94668744921367,-54.445062126984894,-78.90162970264552,0,0,0
0,-50.2346092466709,-55.36647289625867,-62.00035403057733,-42.694162847207096,-68.8347154558441,0,0,0
1,-49.39044620773378,-53.780097225221525,-66.94941336844562,-44.64092410856705,-57.05073696932747,1,2,1
0,-47.4223461208456,-50.3161632585377,-82.71839328049671,-45.737504354508204,-72.23786410499461,0,0,0
1,-48.825421387724006,-51.62148779777482,-38.83779409897558,-37.94719884570634,-50.079551909017496,1,1,1
0,-51.3595624109085,-57.006306272279645,-80.79278680280747,-65.24097503876224,-75.59739845175073,0,0,0
0,-46.21762346788142,-52.19771215368176,-108.94668744921367,-54.126370055040866,-78.90162970264552,0,0,0
1,-53.443294858438485,-57.463165972534604,-59.40238303221928,-54.79853586235933,-67.79827386530455,0,1,0
0,-52.4225597032059,-55.32659856462305,-84.47613963687641,-56.305589969095145,-77.76540159426882,0,0,0
1,-48.825421387724006,-51.62148779777482,-38.83779409897558,-37.94719884570634,-50.079551909017496,1,1,1
0,-51.3595624109085,-57.006306272279645,-80.79278680280747,-65.24097503876224,-75.59739845175073,0,0,0
0,-43.24787916311272,-47.717835651345176,-52.78722918231134,-42.9313850480165,-55.618312015006396,0,1,0
1,-45.40356136887572,-47.93782032690124,-37.359288503627035,-48.48999912261444,-53.145612017164105,0,0,1
1,-48.825421387724006,-51.62148779777482,-38.83779409897558,-37.94719884570634,-50.079551909017496,1,1,1
0,-51.3595624109085,-57.006306272279645,-80.79278680280747,-65.24097503876224,-75.59739845175073,0,0,0
1,-47.43201082274181,-50.41635515490366,-56.15172127585714,-42.68115212797518,-64.27752720549896,0,0,0
1,-48.825421387724006,-51.62148779777482,-38.83779409897558,-37.94719884570634,-50.079551909017496,1,1,1
0,-50.26363263765054,-52.98240764170091,-75.26303010414817,-44.080479039176026,-72.842541668895,0,0,0
1,-50.247541225614604,-50.247541225614604,-45.67022078329972,-38.084591340672446,-63.94860746060452,0,0,0
1,-45.8189041008548,-48.62585544587148,-55.78016928809926,-45.28179071328617,-59.08721898448485,0,1,0
0,-52.27766018521609,-56.491584375935034,-106.66367716710623,-93.85437125128425,-84.27676333534797,0,0,0
0,-50.93614857141866,-56.577169173793024,-100.1051299042433,-68.47588726442774,-80.96768754269165,0,0,0
0,-47.132412996665714,-52.631116932547855,-107.1610936747943,-67.1398608801111,-79.280741099104,0,0,0
1,-46.76843663042486,-50.80755683252457,-40.92758011673192,-36.92980070990429,-45.18376705424553,1,1,3
0,-46.627436626730116,-49.544039277675424,-66.9467211693678,-45.25134619778326,-66.71145297754046,0,0,0
1,-49.5028059492857,-52.47482312402634,-46.941280883621026,-38.40685837876337,-60.11945431157228,0,0,1
0,-50.93614857141866,-56.577169173793024,-100.1051299042433,-68.47588726442774,-80.96768754269165,0,0,0
0,-47.132412996665714,-52.631116932547855,-107.1610936747943,-67.1398608801111,-79.280741099104,0,0,0
1,-46.76843663042486,-50.80755683252457,-40.92758011673192,-36.92980070990429,-45.18376705424553,1,1,3
0,-46.627436626730116,-49.544039277675424,-66.9467211693678,-45.25134619778326,-66.71145297754046,0,0,0
1,-49.5028059492857,-52.47482312402634,-46.941280883621026,-38.40685837876337,-60.11945431157228,0,0,1
0,-50.93614857141866,-56.577169173793024,-100.1051299042433,-68.47588726442774,-80.96768754269165,0,0,0
0,-46.29761328462488,-50.76636583605255,-93.39657079516775,-46.38835272741484,-74.31658452317521,0,0,0
1,-46.31186721109415,-48.80976250148759,-27.25738579442732,-38.478651205201864,-51.02334704662262,0,1,0
1,-49.5028059492857,-52.47482312402634,-46.941280883621026,-38.40685837876337,-60.11945431157228,0,0,1
0,-50.93614857141866,-56.577169173793024,-100.1051299042433,-68.47588726442774,-80.96768754269165,0,0,0
1,-46.12400372768013,-49.05153136740152,-36.46782618666343,-40.98570496394422,-53.59861568087943,0,1,0
1,-49.5028059492857,-52.47482312402634,-46.941280883621026,-38.40685837876337,-60.11945431157228,0,0,1
0,-49.21803280126852,-51.884813083851625,-72.61382143080483,-43.205801004959845,-71.00217923050997,0,0,0
1,-49.96957630280527,-49.96957630280527,-36.45978039106361,-37.54144931081727,-60.90751042012435,0,0,0
0,-49.8061022860982,-53.056583307879755,-100.44617688065803,-69.58399709838518,-79.9399553502956,0,0,0
1,-52.73884259304389,-56.90680531440011,-39.116428624904174,-40.4866421859205,-58.98070973717459,0,0,2
0,-51.067117770530345,-56.45940803905829,-114.9853396984086,-65.33144111110346,-85.56271968005292,0,0,0
0,-50.82880195372397,-56.56110837503183,-118.15712784144979,-53.87973656993607,-86.2759403061589,0,0,0
0,-49.10580957322256,-54.98933083775211,-103.10076220910902,-60.53743021643692,-80.03603823595526,0,0,0
0,-47.38305480575089,-51.98311171578336,-57.73897297620948,-55.84316380907451,-64.70474669861373,0,0,0
1,-43.80928715982516,-46.87063358400501,-28.14884811139093,-42.51835788531702,-48.78820569044271,0,1,0
0,-51.90163901856683,-54.85325938086369,-92.62193085704375,-55.65350266718843,-79.68821827567996,0,0,0
1,-48.01187113180251,-52.16494047123688,-63.607107510791366,-44.40931959826457,-67.09400338503991,0,0,0
0,-50.82880195372397,-56.56110837503183,-118.15712784144979,-55.16978113716689,-86.2759403061589,0,0,0
0,-49.10580957322256,-54.98933083775211,-103.10076220910902,-60.53743021643692,-80.03603823595526,0,0,0
0,-47.38305480575089,-51.98311171578336,-57.73897297620948,-55.84316380907451,-64.70474669861373,0,0,0
1,-43.80928715982516,-46.87063358400501,-28.14884811139093,-42.51835788531702,-48.78820569044271,0,1,0
1,-44.121340926817176,-47.05806790719218,-46.24818369931011,-39.61235335902426,-54.53006013381048,0,1,0
0,-49.13256247314777,-53.156625384289136,-77.13016663238061,-50.358974677749146,-72.27161246286195,0,0,0
0,-49.10580957322256,-54.98933083775211,-103.10076220910902,-60.53743021643692,-80.03603823595526,0,0,0
0,-47.38305480575089,-51.98311171578336,-57.73897297620948,-57.4449649767367,-64.70474669861373,0,0,0
1,-43.80928715982516,-46.87063358400501,-28.14884811139093,-42.51835788531702,-48.78820569044271,0,1,0
1,-48.07608882480518,-50.88380937688718,-47.13964601627373,-34.9231304311142,-58.75224672688757,0,0,1
0,-49.10580957322256,-54.98933083775211,-103.10076220910902,-60.53743021643692,-80.03603823595526,0,0,0
0,-47.38305480575089,-51.98311171578336,-57.73897297620948,-57.4449649767367,-64.70474669861373,0,0,0
1,-43.80928715982516,-46.87063358400501,-28.14884811139093,-42.51835788531702,-48.78820569044271,0,1,0
1,-48.07608882480518,-50.88380937688718,-47.13964601627373,-34.20958021617895,-58.75224672688757,0,0,1
0,-49.10580957322256,-54.98933083775211,-103.10076220910902,-60.53743021643692,-80.03603823595526,0,0,0
1,-49.793157321458345,-52.85198931978454,-35.774729002352515,-39.692652561456434,-60.5255760221641,0,0,0
1,-48.07608882480518,-50.88380937688718,-47.13964601627373,-34.363696277460804,-58.75224672688757,0,0,1
0,-49.003788660899055,-52.312416145552,-45.87663171155223,-39.98600757783468,-62.766778174364724,0,0,0
1,-49.882628120676344,-49.882628120676344,-81.81888516793329,-35.74781160012493,-74.42829367105634,0,0,0
1,-46.754482809240244,-49.5893004675392,-45.87663171155222,-46.129944096820324,-57.051736419906184,0,1,0
0,-45.68026064240228,-49.865106598631755,-70.51501278247267,-50.32253799316,-63.36902857434435,0,0,1
0,-49.51332152283266,-55.23876604716268,-100.79822708855423,-71.88560185005878,-79.75278964939892,0,0,0
0,-48.150974351060924,-53.749763921151335,-110.00866748079032,-56.1046242904542,-81.15357459529801,0,0,0
1,-49.31085499700127,-53.34843960356186,-47.83543539966244,-40.13785665150602,-63.6614856169,0,0,0
0,-48.83278416775738,-51.72670460863282,-91.92883367273282,-45.18005759022328,-76.41143426957723,0,0,0
1,-47.43297786579595,-50.40303667320578,-44.98516939458862,-37.067085931672615,-57.462792781372805,0,0,1
0,-49.51332152283266,-55.23876604716268,-100.79822708855423,-70.33433456601989,-79.75278964939892,0,0,0
0,-48.150974351060924,-53.749763921151335,-110.00866748079032,-56.1046242904542,-81.15357459529801,0,0,0
1,-49.31085499700127,-53.34843960356186,-47.83543539966244,-39.440613920813256,-63.6614856169,0,0,0
0,-48.83278416775738,-51.72670460863282,-91.92883367273282,-45.18005759022328,-76.41143426957723,0,0,0
1,-47.43297786579595,-50.40303667320578,-44.98516939458862,-37.067085931672615,-57.462792781372805,0,0,1
0,-49.51332152283266,-55.23876604716268,-100.79822708855423,-70.33433456601989,-79.75278964939892,0,0,0
0,-46.0664652104502,-50.56173700984114,-89.62899075125581,-51.72495874469139,-72.95516243582694,0,0,0
1,-45.48186289949127,-48.03383534998125,-27.25738579442732,-39.99678942971716,-48.16601719447891,0,0,2
1,-47.43297786579595,-50.40303667320578,-44.98516939458862,-37.067085931672615,-57.462792781372805,0,0,1
0,-49.51332152283266,-55.23876604716268,-100.79822708855423,-71.88560185005878,-79.75278964939892,0,0,0
1,-47.34020603199842,-50.34986567531877,-46.56972889586316,-42.70011136282427,-61.31112470075737,0,0,0
1,-47.43297786579595,-50.40303667320578,-44.98516939458862,-37.067085931672615,-57.462792781372805,0,0,1
0,-49.010432651396094,-51.771964022584676,-63.4033810385687,-42.747020399211046,-68.0314469629667,0,0,0
1,-48.98109017640548,-48.98109017640548,-54.18756399122492,-36.16130763975877,-65.23735937377296,0,0,0
1,-44.96309217450804,-47.65126864992765,-62.30750455261361,-45.156602035513586,-60.189607637492394,0,1,0
0,-47.28847544644849,-50.91039484357223,-51.89309772485557,-50.61489863032932,-62.85640476390516,0,0,0
0,-46.47074456635317,-50.76546650242494,-76.92913235923578,-60.339400535998806,-69.5494842741239,0,0,0
1,-45.74197490616666,-48.667152389239554,-46.56972889586316,-45.87548888637013,-49.31568586652643,1,1,1
1,-47.08311256504351,-49.48868960310788,-29.21082814296757,-35.94640846955393,-50.35329956459323,0,0,2
0,-46.47074456635317,-50.76546650242494,-76.92913235923578,-60.339400535998806,-69.5494842741239,0,0,0
1,-45.74197490616666,-48.667152389239554,-46.56972889586316,-45.87548888637013,-49.31568586652643,1,1,1
1,-47.08311256504351,-49.48868960310788,-29.21082814296757,-35.94640846955393,-50.35329956459323,0,0,2
0,-48.51191910817168,-51.28840866272058,-71.92072424649392,-44.33363303152981,-70.08813638211986,0,0,0
1,-49.66764315290033,-49.66764315290033,-35.7666832067527,-32.97361873982064,-60.39764811492614,0,0,0
0,-51.88678229824515,-55.10473157628765,-92.62193085704372,-77.17710442992635,-76.20762565255855,0,0,1
1,-49.993280095688185,-54.145861387727194,-55.782861487177065,-40.35792466598957,-66.7281385418413,0,0,0
0,-48.26277553663774,-53.55651306364996,-95.64806817325261,-52.68276908475864,-76.95719598861352,0,0,0
0,-49.146245467178574,-54.8430012989196,-117.46403065713888,-52.94861917706961,-84.38545466432024,0,0,0
0,-51.340204017162016,-57.456833610926815,-97.43366194767202,-55.60992245096563,-80.57030260146362,0,0,0
0,-48.01771187004798,-53.93268340334186,-77.45315008564538,-58.68202578653244,-71.2536568957416,0,0,0
0,-53.270161833825966,-58.85265007824712,-104.33152463191126,-52.8546548296308,-84.56961922339934,0,0,0
1,-53.9453293751469,-58.00918282060858,-38.13392844175103,-38.70459892238132,-54.98830019927303,1,1,1
0,-48.75679835705661,-51.75414558691324,-74.20105007257152,-64.34609942932167,-71.01711337882807,0,0,0
0,-54.34629677760741,-57.28409092082678,-93.68658002911255,-65.43188573360588,-82.45227078634117,0,0,0
1,-47.30752678620091,-51.38570711789097,-54.198301985902546,-46.68606361293651,-60.101281479171945,0,0,1
0,-49.146245467178574,-54.8430012989196,-117.46403065713888,-52.94861917706961,-84.38545466432024,0,0,0
0,-51.340204017162016,-57.456833610926815,-97.43366194767202,-53.87171949911339,-80.57030260146362,0,0,0
0,-48.01771187004798,-53.93268340334186,-77.45315008564538,-59.1626667935599,-71.2536568957416,0,0,0
0,-53.270161833825966,-58.85265007824712,-104.33152463191126,-52.8546548296308,-84.56961922339934,0,0,0
1,-53.9453293751469,-58.00918282060858,-38.13392844175103,-38.70459892238132,-54.98830019927303,1,1,1
0,-48.75679835705661,-51.75414558691324,-74.20105007257152,-64.34609942932167,-71.01711337882807,0,0,0
1,-51.348591682388374,-54.2119848652588,-63.406050179060855,-42.63737502017774,-70.37040673610663,0,0,0
0,-46.9882760654235,-51.01828223082753,-102.80537632005654,-44.65076918475482,-77.82988896144046,0,0,0
0,-51.340204017162016,-57.456833610926815,-97.43366194767202,-55.60992245096563,-80.57030260146362,0,0,0
0,-48.01771187004798,-53.93268340334186,-77.45315008564538,-58.68202578653244,-71.2536568957416,0,0,0
0,-53.270161833825966,-58.85265007824712,-104.33152463191126,-52.8546548296308,-84.56961922339934,0,0,0
1,-53.9453293751469,-58.00918282060858,-38.13392844175103,-38.70459892238132,-54.98830019927303,1,1,1
0,-48.75679835705661,-51.75414558691324,-74.20105007257152,-64.34609942932167,-71.01711337882807,0,0,0
1,-46.81247896556991,-49.6276979821543,-47.832743200584645,-37.79476187116753,-57.696566022945575,0,0,1
0,-51.340204017162016,-57.456833610926815,-97.43366194767202,-55.60992245096563,-80.57030260146362,0,0,0
0,-48.01771187004798,-53.93268340334186,-77.45315008564538,-58.68202578653244,-71.2536568957416,0,0,0
0,-53.270161833825966,-58.85265007824712,-104.33152463191126,-52.8546548296308,-84.56961922339934,0,0,0
1,-53.9453293751469,-58.00918282060858,-38.13392844175103,-38.70459892238132,-54.98830019927303,1,1,1
0,-48.75679835705661,-51.75414558691324,-74.20105007257152,-64.34609942932167,-71.01711337882807,0,0,0
1,-46.81247896556991,-49.6276979821543,-47.832743200584645,-37.79476187116753,-57.696566022945575,0,0,1
0,-51.340204017162016,-57.456833610926815,-97.43366194767202,-53.87171949911339,-80.57030260146362,0,0,0
0,-48.01771187004798,-53.93268340334186,-77.45315008564538,-59.1626667935599,-71.2536568957416,0,0,0
0,-45.28394276324768,-49.829678828239786,-78.89020232042984,-49.99280734607699,-68.95100345937664,0,0,0
1,-45.77757710923172,-48.3558183986228,-27.25738579442732,-45.51839257090557,-50.489056944760186,0,0,1
1,-46.81247896556991,-49.6276979821543,-47.832743200584645,-37.79476187116753,-57.696566022945575,0,0,1
0,-51.340204017162016,-57.456833610926815,-97.43366194767202,-55.60992245096563,-80.57030260146362,0,0,0
0,-48.01771187004798,-53.93268340334186,-77.45315008564538,-58.68202578653244,-71.2536568957416,0,0,0
1,-46.49146685401705,-49.55159076293855,-55.86275329372269,-42.934111909073536,-59.78455693933413,0,1,0
1,-46.81247896556991,-49.6276979821543,-47.832743200584645,-36.242992744606056,-57.696566022945575,0,0,1
0,-51.340204017162016,-57.456833610926815,-97.43366194767202,-55.60992245096563,-80.57030260146362,0,0,0
1,-48.78614745853817,-51.79432320843921,-47.832743200584645,-39.032215598905495,-59.67023451591383,0,1,0
1,-46.81247896556991,-49.6276979821543,-47.832743200584645,-36.242992744606056,-57.696566022945575,0,0,1
0,-49.42441565011019,-52.74261535545705,-47.63437806793195,-38.25743650014421,-60.248993167690045,0,0,1
1,-51.62584479013536,-51.62584479013536,-36.45978039106361,-34.294200898582226,-52.16657119905526,1,1,1
1,-45.45913061468152,-48.48858313178975,-47.63437806793194,-45.209837488568375,-56.283708132261374,0,1,0
0,-47.99695687895366,-52.125637344392985,-52.09413199800045,-51.814468888468596,-63.62519647835379,0,0,0
0,-53.62027708093838,-59.31224202117319,-93.78695987897078,-69.42584656035186,-81.7563650446296,0,0,0
0,-46.650061453406195,-52.823892816660845,-110.9027989382461,-61.041563138451565,-79.92090113488001,0,0,0
1,-48.86926453804664,-54.25343117529665,-58.29545248321426,-44.52830399188317,-66.35790028301092,0,0,0
0,-48.97691979157056,-54.60652125598569,-90.20426146818842,-52.66694247014541,-76.03819823202709,0,0,0
0,-51.930106863753906,-57.28973016892635,-90.69632437935451,-77.71713529202549,-79.13900417756025,0,0,0
0,-50.515453140093605,-55.30362032697764,-70.51501278247267,-58.59606045687617,-71.6699569748354,0,0,0
1,-42.56997948852808,-45.58256054550744,-38.04908725375756,-41.97115858291494,-53.984705664655344,0,0,0
1,-49.09809106849231,-52.010429174872264,-28.14884811139093,-34.44673559628353,-57.542745501909586,0,0,0
0,-53.62027708093838,-59.31224202117319,-93.78695987897078,-69.42584656035186,-81.7563650446296,0,0,0
0,-46.650061453406195,-52.823892816660845,-110.9027989382461,-61.041563138451565,-79.92090113488001,0,0,0
1,-48.86926453804664,-54.25343117529665,-58.29545248321426,-44.52830399188317,-66.35790028301092,0,0,0
0,-48.97691979157056,-54.60652125598569,-90.20426146818842,-53.50621714309377,-76.03819823202709,0,0,0
0,-51.930106863753906,-57.28973016892635,-90.69632437935451,-77.71713529202549,-79.13900417756025,0,0,0
0,-50.515453140093605,-55.30362032697764,-70.51501278247267,-60.106075618035845,-71.6699569748354,0,0,0
1,-42.56997948852808,-45.58256054550744,-38.04908725375756,-41.97115858291494,-53.984705664655344,0,0,0
1,-49.09809106849231,-52.010429174872264,-28.14884811139093,-34.44673559628353,-57.542745501909586,0,0,0
0,-53.62027708093838,-59.31224202117319,-93.78695987897078,-79.68607749543796,-81.7563650446296,0,0,0
0,-44.886229937881865,-50.79115229351118,-99.79630640178502,-50.44973300159324,-74.82512185841736,0,0,0
1,-43.478732592523436,-48.83891822617221,-62.00302317106947,-45.853589954200686,-62.07963954384428,0,0,0
0,-51.930106863753906,-57.28973016892635,-90.69632437935451,-71.46371657010295,-79.13900417756025,0,0,0
0,-50.515453140093605,-55.30362032697764,-70.51501278247267,-60.106075618035845,-71.6699569748354,0,0,0
1,-42.56997948852808,-45.58256054550744,-38.04908725375756,-41.97115858291494,-53.984705664655344,0,0,0
1,-49.09809106849231,-52.010429174872264,-28.14884811139093,-34.44673559628353,-57.542745501909586,0,0,0
0,-53.62027708093838,-59.31224202117319,-93.78695987897078,-69.42584656035186,-81.7563650446296,0,0,0
1,-46.49690641501826,-52.37784776704634,-62.20138830372217,-48.62255363572464,-61.69158700333518,0,1,0
0,-48.640215393307145,-53.77485802832643,-82.37734630408198,-63.48627917988312,-73.35341928453174,0,0,0
0,-50.515453140093605,-55.30362032697764,-70.51501278247267,-60.106075618035845,-71.6699569748354,0,0,0
1,-42.56997948852808,-45.58256054550744,-38.04908725375756,-41.97115858291494,-53.984705664655344,0,0,0
1,-49.09809106849231,-52.010429174872264,-28.14884811139093,-34.44673559628353,-57.542745501909586,0,0,0
0,-52.35879150547791,-57.888312813523434,-114.6137877106507,-69.31119006578417,-86.74292781867311,0,0,0
0,-49.8146833594571,-55.47008171285569,-64.99598633544304,-46.110256025187304,-69.31347926009,0,0,0
0,-50.515453140093605,-55.30362032697764,-70.51501278247267,-60.106075618035845,-71.6699569748354,0,0,0
1,-42.56997948852808,-45.58256054550744,-38.04908725375756,-41.97115858291494,-53.984705664655344,0,0,0
1,-49.09809106849231,-52.010429174872264,-28.14884811139093,-34.44673559628353,-57.542745501909586,0,0,0
0,-52.35879150547791,-57.888312813523434,-114.6137877106507,-69.31119006578417,-86.74292781867311,0,0,0
0,-49.8146833594571,-55.47008171285569,-64.99598633544304,-45.28461810091094,-69.31347926009,0,0,0
1,-48.767634073181945,-52.037568878543105,-39.31539999265945,-35.040087158749046,-57.09651816818005,0,1,0
1,-49.09809106849231,-52.010429174872264,-28.14884811139093,-34.44673559628353,-57.542745501909586,0,0,0
0,-52.35879150547791,-57.888312813523434,-114.6137877106507,-53.529552695747434,-86.74292781867311,0,0,0
0,-49.07107287165389,-52.19898247018535,-57.73628077713168,-49.256264027654396,-66.39195710479339,0,0,0
1,-53.17471829690866,-55.92775005040528,-94.57804234607616,-56.469176728239944,-81.5481310007315,0,0,0
0,-49.07107287165389,-52.19898247018535,-57.73628077713168,-49.256264027654396,-66.39195710479339,0,0,0
1,-50.0488229732518,-50.0488229732518,-63.398004383461036,-43.417653879746474,-69.06822428829011,0,0,0
0,-51.863251819291946,-55.067828983330884,-92.62193085704372,-77.74627291924713,-79.64983107640506,0,0,0
1,-52.423294005892835,-56.51121410232113,-32.41023690880672,-38.63707428944124,-62.14636507853485,0,0,0
0,-51.03116899991685,-56.15864996672701,-83.98683422907663,-50.2507814503442,-72.76148336584012,0,0,1
0,-52.26269331931251,-57.67943697491377,-123.5378138274211,-54.00273761853421,-89.32403746753884,0,0,0
0,-46.6129513198586,-51.41767917080843,-83.88073784639387,-62.18380266450357,-71.77717267377676,0,0,0
1,-43.07622348940845,-46.073033680243256,-39.31539999265945,-42.80628852586262,-54.87084348720629,0,0,0
0,-54.501093628565386,-57.37422657617404,-92.62193085704374,-64.71268372066172,-82.2876728856785,0,0,0
1,-47.875754337362665,-51.863636019754686,-66.65671193542299,-47.47185158656222,-64.40703201518984,0,0,1
0,-52.26269331931251,-57.67943697491377,-123.5378138274211,-54.00273761853421,-89.32403746753884,0,0,0
0,-46.6129513198586,-51.41767917080843,-83.88073784639387,-62.18380266450357,-71.77717267377676,0,0,0
1,-43.07622348940845,-46.073033680243256,-39.31539999265945,-42.80628852586262,-54.87084348720629,0,0,0
1,-49.25225231669099,-52.025346850263375,-55.08707210378835,-40.6724498781899,-65.7783739478275,0,0,0
0,-47.76661570722874,-51.55629663592498,-61.103538117091695,-54.88966735399674,-66.09767714235625,0,0,0
0,-46.6129513198586,-51.41767917080843,-83.88073784639387,-62.18380266450357,-71.77717267377676,0,0,0
1,-43.07622348940845,-46.073033680243256,-39.31539999265945,-42.80628852586262,-54.87084348720629,0,0,0
1,-48.06035237138387,-50.635246151260475,-44.982500254096465,-34.066279204423445,-58.08936654481308,0,0,1
0,-46.6129513198586,-51.41767917080843,-83.88073784639387,-62.18380266450357,-71.77717267377676,0,0,0
1,-43.07622348940845,-46.073033680243256,-39.31539999265945,-42.80628852586262,-54.87084348720629,0,0,0
1,-48.06035237138387,-50.635246151260475,-44.982500254096465,-34.066279204423445,-58.08936654481308,0,0,1
0,-47.939757862497174,-51.16028963963064,-71.92339338698608,-44.25663237412626,-69.516775878593,0,0,0
1,-51.38731955426083,-51.38731955426083,-36.45978039106362,-35.779739478432646,-62.325253671579915,0,0,0
0,-52.901514755182674,-56.115348629297515,-112.30582594623748,-75.86509104763283,-86.59326253905391,0,0,0
1,-52.47054519243302,-56.51585499675861,-38.624995007426335,-38.685370019391556,-60.592307791861195,0,1,0
0,-51.47602520208656,-56.62962376577191,-88.93857802297478,-63.12223955455606,-74.69186270617926,0,1,0
0,-50.44805754356595,-56.36389653031435,-128.6305825384074,-55.829634259462765,-89.03723230508817,0,0,0
0,-48.483587283399324,-54.78602942700543,-110.9027989382461,-68.8355584248315,-81.75442696487315,0,0,0
0,-48.902922285796315,-54.49989037897119,-107.1610936747943,-67.1964750756403,-81.0512503882346,0,0,0
1,-51.276228175960235,-55.274734382732746,-40.00789094186778,-40.84857259280114,-46.272608550209796,1,2,4
0,-51.07568226630761,-53.96878191463765,-82.52002814784403,-72.27848672640349,-75.83169071066082,0,0,0
0,-54.89293729832485,-57.69634008667214,-101.83237124927984,-58.74225318651898,-85.4426486731088,0,0,0
1,-47.41992380144575,-51.42580394103216,-55.089764302866165,-48.75424241680983,-63.946853092305595,0,0,0
0,-50.44805754356595,-56.36389653031435,-128.6305825384074,-55.829634259462765,-89.03723230508817,0,0,0
0,-48.483587283399324,-54.78602942700543,-110.9027989382461,-68.8355584248315,-81.75442696487315,0,0,0
0,-48.902922285796315,-54.49989037897119,-107.1610936747943,-67.1964750756403,-81.0512503882346,0,0,0
1,-51.276228175960235,-55.274734382732746,-40.00789094186778,-40.84857259280114,-46.272608550209796,1,2,4
0,-51.07568226630761,-53.96878191463765,-82.52002814784403,-72.27848672640349,-75.83169071066082,0,0,0
1,-48.7561628281301,-51.520135951738204,-55.08707210378835,-41.90771804427878,-61.81654855646688,0,1,0
0,-46.62759910411535,-50.865228378126034,-69.62355046550906,-56.42632607713545,-64.04892834096835,0,0,1
0,-48.483587283399324,-54.78602942700543,-110.9027989382461,-68.8355584248315,-81.75442696487315,0,0,0
0,-48.902922285796315,-54.49989037897119,-107.1610936747943,-67.1964750756403,-81.0512503882346,0,0,0
1,-51.276228175960235,-55.274734382732746,-40.00789094186778,-40.84857259280114,-46.272608550209796,1,2,4
0,-51.07568226630761,-53.96878191463765,-82.52002814784403,-72.27848672640349,-75.83169071066082,0,0,0
1,-47.65178416588364,-50.64750642391603,-56.15172127585715,-38.92381805590252,-61.03156464584105,0,0,1
0,-48.483587283399324,-54.78602942700543,-110.9027989382461,-68.8355584248315,-81.75442696487315,0,0,0
0,-48.902922285796315,-54.49989037897119,-107.1610936747943,-67.1964750756403,-81.0512503882346,0,0,0
1,-51.276228175960235,-55.274734382732746,-40.00789094186778,-40.84857259280114,-46.272608550209796,1,2,4
0,-51.07568226630761,-53.96878191463765,-82.52002814784403,-72.27848672640349,-75.83169071066082,0,0,0
1,-47.65178416588364,-50.64750642391603,-56.15172127585715,-38.92381805590252,-61.03156464584105,0,0,1
0,-48.483587283399324,-54.78602942700543,-110.9027989382461,-69.80409258084505,-81.75442696487315,0,0,0
0,-46.43765498475151,-50.966008645229756,-85.37029415291784,-50.38670022108032,-72.04874323062685,0,0,0
1,-48.60658803974291,-51.08686186499255,-94.57804234607615,-51.055604684290536,-76.98000074356575,0,0,0
1,-47.65178416588364,-50.64750642391603,-56.15172127585715,-38.59384305961762,-61.03156464584105,0,0,1
0,-48.483587283399324,-54.78602942700543,-110.9027989382461,-68.8355584248315,-81.75442696487315,0,0,0
1,-44.362598753955446,-47.37272003291082,-45.678266578899546,-41.88142122445487,-54.60034282482558,0,1,0
1,-47.65178416588364,-50.64750642391603,-56.15172127585715,-38.92381805590252,-61.03156464584105,0,0,1
0,-48.42646041993579,-51.73930810851918,-72.61649057129698,-41.854513896322494,-70.21140759132489,0,0,0
1,-49.772593423074134,-49.772593423074134,-54.18756399122492,-38.73395565822666,-66.02886262044161,0,0,0
0,-49.61284038656327,-52.74653146931267,-91.23573648842192,-70.59941651878832,-76.98356133308985,0,0,0
1,-53.07103340933735,-57.151889886698115,-47.26216985069724,-38.00004979748964,-67.24968436454652,0,0,0
0,-52.30459154922755,-57.62454518931282,-106.6663616231361,-62.9837991028902,-84.30450003616838,0,0,0
0,-52.61284617353168,-58.233837880403605,-143.48586390885256,-53.736234859252555,-95.65860534618744,0,0,0
0,-47.98610363204197,-54.17093501119605,-99.04314987266666,-59.808931348764595,-77.69904859384197,0,0,0
0,-54.918836875429676,-60.85631476279311,-80.62226908819441,-65.93134325361862,-79.105517601888,0,0,0
0,-46.60001657602132,-52.20224123881535,-108.05255599175791,-56.31432256305439,-79.01578337354869,0,0,0
1,-47.73324188994214,-51.90893335569992,-49.4449233246571,-40.96828892062145,-59.10098298453954,0,1,0
0,-45.94364445548574,-49.01064245610238,-47.06116251334098,-44.61727858485105,-54.568931766147486,0,0,2
0,-52.03964971260176,-54.90416383090316,-84.67450476952911,-58.2486735364832,-77.44200114346049,0,0,0
1,-51.362237282140626,-55.472175331550744,-73.3122799546857,-53.3316047314075,-73.35592126854634,0,0,0
0,-52.61284617353168,-58.233837880403605,-143.48586390885256,-53.736234859252555,-95.65860534618744,0,0,0
0,-47.98610363204197,-54.17093501119605,-99.04314987266666,-59.808931348764595,-77.69904859384197,0,0,0
0,-54.918836875429676,-60.85631476279311,-80.62226908819441,-65.93134325361862,-79.105517601888,0,0,0
0,-46.60001657602132,-52.20224123881535,-108.05255599175791,-56.31432256305439,-79.01578337354869,0,0,0
1,-47.73324188994214,-51.90893335569992,-49.4449233246571,-40.96828892062145,-59.10098298453954,0,1,0
0,-45.94364445548574,-49.01064245610238,-47.06116251334098,-44.61727858485105,-54.568931766147486,0,0,2
1,-44.96477005377455,-47.85836574412531,-53.70087773516651,-42.85259060175662,-57.609297471524776,0,1,0
0,-51.38822878136354,-55.374752939840754,-56.753174358875945,-54.81753378460855,-64.9484451862266,0,0,1
0,-47.98610363204197,-54.17093501119605,-99.04314987266666,-59.808931348764595,-77.69904859384197,0,0,0
0,-54.918836875429676,-60.85631476279311,-80.62226908819441,-65.93134325361862,-79.105517601888,0,0,0
0,-46.60001657602132,-52.20224123881535,-108.05255599175791,-56.31432256305439,-79.01578337354869,0,0,0
1,-47.73324188994214,-51.90893335569992,-49.4449233246571,-40.96828892062145,-59.10098298453954,0,1,0
0,-45.94364445548574,-49.01064245610238,-47.06116251334098,-44.61727858485105,-54.568931766147486,0,0,2
1,-53.83161390529605,-56.60179570471391,-45.876631711552236,-41.409332146657555,-62.10154197542117,0,0,2
0,-47.98610363204197,-54.17093501119605,-99.04314987266666,-59.808931348764595,-77.69904859384197,0,0,0
0,-54.918836875429676,-60.85631476279311,-80.62226908819441,-65.93134325361862,-79.105517601888,0,0,0
0,-46.60001657602132,-52.20224123881535,-108.05255599175791,-56.31432256305439,-79.01578337354869,0,0,0
1,-47.73324188994214,-51.90893335569992,-49.4449233246571,-40.96828892062145,-59.10098298453954,0,1,0
0,-45.94364445548574,-49.01064245610238,-47.06116251334098,-44.61727858485105,-54.568931766147486,0,0,2
1,-53.83161390529605,-56.60179570471391,-45.876631711552236,-41.409332146657555,-62.10154197542117,0,0,2
0,-47.98610363204197,-54.17093501119605,-99.04314987266666,-61.048040734856976,-77.69904859384197,0,0,0
0,-54.918836875429676,-60.85631476279311,-80.62226908819441,-74.7272989897008,-79.105517601888,0,0,0
0,-47.2922380105322,-51.825848240629604,-103.49847350436745,-48.22728594314375,-78.34178006184243,0,0,0
1,-48.605951458260826,-51.263410542495734,-54.19560978682475,-42.09587676664328,-61.398898491508525,0,0,1
1,-53.83161390529605,-56.60179570471391,-45.876631711552236,-38.62249988628107,-62.10154197542117,0,0,2
0,-47.98610363204197,-54.17093501119605,-99.04314987266666,-61.048040734856976,-77.69904859384197,0,0,0
0,-54.918836875429676,-60.85631476279311,-80.62226908819441,-74.7272989897008,-79.105517601888,0,0,0
1,-48.65570700767043,-51.67108485624495,-56.844818460168064,-41.26635903312025,-62.243416642921126,0,1,0
1,-53.83161390529605,-56.60179570471391,-45.876631711552236,-41.409332146657555,-62.10154197542117,0,0,2
0,-47.98610363204197,-54.17093501119605,-99.04314987266666,-59.808931348764595,-77.69904859384197,0,0,0
1,-49.392971201265574,-52.38186114213754,-57.04318359282075,-40.83167679864696,-63.040190376312076,0,0,1
1,-53.83161390529605,-56.60179570471391,-45.876631711552236,-41.409332146657555,-62.10154197542117,0,0,2
0,-49.02743007701773,-52.28503030431186,-65.36216166809326,-38.91865766439572,-68.63607857744572,0,0,0
1,-50.84593260802417,-50.84593260802417,-45.67022078329972,-33.37791350002836,-64.54699884301408,0,0,0
1,-44.29472952823019,-47.191530505968444,-37.359288503627035,-42.74118381392496,-52.036780176518576,0,0,1
0,-49.76951235679952,-53.81207429640227,-58.709285847908355,-52.40291746735791,-63.91656220837229,0,0,1
0,-47.986103632041974,-53.613689697028526,-97.25755609824729,-60.27604649692535,-77.16337046151617,0,0,0
0,-48.065149949240016,-53.92161169608092,-58.66071731341524,-58.68367079784956,-65.66336514326458,0,0,0
0,-47.86950928601883,-53.520340355449854,-96.53953049021622,-51.12137388988535,-76.8313684330837,0,0,0
1,-48.51861307895083,-52.705103671482895,-49.939655376315336,-39.01598683528083,-63.50050969184543,0,0,0
0,-47.23590287999745,-50.224262607571895,-81.82693096353309,-44.73547434027888,-71.78398216905737,0,0,0
1,-53.105572156279415,-55.906227079903864,-57.04318359282077,-39.37667283026084,-66.75279133132592,0,0,1
0,-47.986103632041974,-53.613689697028526,-97.25755609824729,-60.27604649692535,-77.16337046151617,0,0,0
0,-48.065149949240016,-53.92161169608092,-58.66071731341524,-56.653621546857096,-65.66336514326458,0,0,0
0,-47.86950928601883,-53.520340355449854,-96.53953049021622,-51.12137388988535,-76.8313684330837,0,0,0
1,-48.51861307895083,-52.705103671482895,-49.939655376315336,-39.01598683528083,-63.50050969184543,0,0,0
0,-47.23590287999745,-50.224262607571895,-81.82693096353309,-44.73547434027888,-71.78398216905737,0,0,0
1,-53.105572156279415,-55.906227079903864,-57.04318359282077,-39.37667283026084,-66.75279133132592,0,0,1
0,-47.986103632041974,-53.613689697028526,-97.25755609824729,-60.27604649692535,-77.16337046151617,0,0,0
0,-48.065149949240016,-53.92161169608092,-58.66071731341524,-56.653621546857096,-65.66336514326458,0,0,0
0,-48.240357872124285,-52.817985826993535,-86.28668489360157,-55.109036534341,-74.12636334020476,0,0,0
1,-46.68381519370939,-49.31415441078563,-39.31539999265945,-46.29973901822496,-58.47843519150723,0,0,0
1,-53.105572156279415,-55.906227079903864,-57.04318359282077,-39.37667283026084,-66.75279133132592,0,0,1
0,-47.986103632041974,-53.613689697028526,-97.25755609824729,-60.27604649692535,-77.16337046151617,0,0,0
0,-48.065149949240016,-53.92161169608092,-58.66071731341524,-56.653621546857096,-65.66336514326458,0,0,0
1,-48.25172717479057,-51.27320375420399,-38.42393767569584,-44.514970131269386,-56.313172574699585,0,1,0
1,-53.105572156279415,-55.906227079903864,-57.04318359282077,-39.37667283026084,-66.75279133132592,0,0,1
0,-47.986103632041974,-53.613689697028526,-97.25755609824729,-60.27604649692535,-77.16337046151617,0,0,0
1,-49.392971201265574,-52.320498840986964,-54.19560978682475,-41.05905334586167,-65.651654137313,0,0,0
1,-53.105572156279415,-55.906227079903864,-57.04318359282077,-39.37667283026084,-66.75279133132592,0,0,1
0,-49.757296290558074,-52.42407657314118,-54.8860378306435,-39.61323602149953,-66.22310763975112,0,0,0
1,-51.039221002604805,-51.039221002604805,-54.18756399122491,-33.80980680832182,-63.82975429717255,0,0,1
1,-47.659707214203216,-50.569442065921805,-45.67826657889954,-45.04530829386546,-55.87012574453253,0,2,0
0,-47.153031280346916,-51.279491322584256,-87.03370420892763,-52.33307840060751,-73.2631425430252,0,0,0
0,-49.44020604590154,-54.850465085305,-95.64539903276045,-59.539777958716634,-78.13382575572967,0,0,0
0,-50.895533032255464,-55.41697676985977,-57.04587579189856,-51.95720552257501,-64.54355986702531,0,1,0
1,-44.551212043028414,-47.62080947347092,-28.145549677210543,-42.62329931866762,-40.57034369725157,1,2,1
1,-48.60332623079291,-51.487879257051944,-45.87663171155224,-38.40538466330868,-58.90057984145886,0,0,1
0,-49.44020604590154,-54.850465085305,-95.64539903276045,-59.539777958716634,-78.13382575572967,0,0,0
0,-50.895533032255464,-55.41697676985977,-57.04587579189856,-51.95720552257501,-64.54355986702531,0,1,0
1,-44.551212043028414,-47.62080947347092,-28.145549677210543,-42.62329931866762,-40.57034369725157,1,2,1
1,-48.60332623079291,-51.487879257051944,-45.87663171155224,-38.40538466330868,-58.90057984145886,0,0,1
0,-49.44020604590154,-54.850465085305,-95.64539903276045,-59.539777958716634,-78.13382575572967,0,0,0
1,-53.919298276374164,-56.884590638522646,-45.87663171155223,-41.4455428883558,-64.21655188704011,0,1,0
1,-48.60332623079291,-51.487879257051944,-45.87663171155224,-38.40538466330868,-58.90057984145886,0,0,1
0,-49.00378866089906,-51.809698378879595,-44.98250025409646,-39.75451853243352,-62.498538737128,0,0,0
1,-49.404982070950965,-49.404982070950965,-63.398004383461036,-34.125331874312884,-68.42438338598927,0,0,0
0,-49.19252031753088,-52.29797408826615,-93.88494516176524,-49.772610273935875,-73.89226796326072,0,1,0
1,-53.263344999247444,-57.262602031651724,-38.426629874773646,-40.93833457435907,-64.79133396167954,0,0,0
0,-52.053114590836415,-57.149239072757325,-114.96041127468847,-65.11352813972492,-86.54123797324296,0,0,0
0,-51.56790382807951,-57.33310201133045,-91.78882096946295,-74.33962034098462,-79.1045501189184,0,0,0
0,-54.66270634456841,-60.92688415091739,-110.20970175393518,-86.29689500942101,-87.72561687074896,0,0,0
0,-48.09412194687097,-53.919149716175085,-117.26566552448621,-51.950636849984384,-83.27382160421683,0,0,0
0,-46.85207193107109,-51.86535181576912,-78.65631494423533,-46.775726272397065,-66.98323051154196,0,1,0
1,-47.23921846716702,-51.6653575202518,-57.04587579189857,-44.3323876894589,-64.3529812047366,0,0,0
0,-46.82139722905481,-49.68491306432107,-48.525840384895574,-44.5262459716122,-55.88608790118293,0,0,2
0,-51.44088761522972,-54.22380228857463,-91.92883367273282,-54.55124826586989,-79.01953771704956,0,0,0
1,-50.06114122319243,-53.981510040688434,-39.31809219173726,-47.38029729371682,-58.39083297791388,0,0,1
0,-51.56790382807951,-57.33310201133045,-91.78882096946295,-74.33962034098462,-79.1045501189184,0,0,0
0,-54.66270634456841,-60.92688415091739,-110.20970175393518,-86.29689500942101,-87.72561687074896,0,0,0
0,-48.09412194687097,-53.919149716175085,-117.26566552448621,-51.950636849984384,-83.27382160421683,0,0,0
0,-46.85207193107109,-51.86535181576912,-78.65631494423533,-46.775726272397065,-66.98323051154196,0,1,0
1,-47.23921846716702,-51.6653575202518,-57.04587579189857,-44.3323876894589,-64.3529812047366,0,0,0
0,-46.82139722905481,-49.68491306432107,-48.525840384895574,-44.5262459716122,-55.88608790118293,0,0,2
1,-46.457204305364094,-49.16123076380074,-39.31539999265945,-38.70679858703066,-47.854616594762746,1,1,1
0,-48.475097139733904,-52.645445211801594,-59.150095768551445,-52.54882727328647,-62.75438996749961,0,0,1
0,-54.66270634456841,-60.92688415091739,-110.20970175393518,-86.29689500942101,-87.72561687074896,0,0,0
0,-48.09412194687097,-53.919149716175085,-117.26566552448621,-51.950636849984384,-83.27382160421683,0,0,0
0,-46.85207193107109,-51.86535181576912,-78.65631494423533,-46.775726272397065,-66.98323051154196,0,1,0
1,-47.23921846716702,-51.6653575202518,-57.04587579189857,-44.3323876894589,-64.3529812047366,0,0,0
0,-46.82139722905481,-49.68491306432107,-48.525840384895574,-44.5262459716122,-55.88608790118293,0,0,2
1,-48.82658082869107,-51.7805865416994,-44.985169394588624,-35.8900310375326,-56.829070203727106,0,0,2
0,-54.66270634456841,-60.92688415091739,-110.20970175393518,-74.7994257799138,-87.72561687074896,0,0,0
0,-48.09412194687097,-53.919149716175085,-117.26566552448621,-51.950636849984384,-83.27382160421683,0,0,0
0,-46.85207193107109,-51.86535181576912,-78.65631494423533,-46.775726272397065,-66.98323051154196,0,1,0
1,-47.23921846716702,-51.6653575202518,-57.04587579189857,-44.3323876894589,-64.3529812047366,0,0,0
0,-46.82139722905481,-49.68491306432107,-48.525840384895574,-44.5262459716122,-55.88608790118293,0,0,2
1,-48.82658082869107,-51.7805865416994,-44.985169394588624,-35.07146470394342,-56.829070203727106,0,0,2
0,-54.66270634456841,-60.92688415091739,-110.20970175393518,-74.7994257799138,-87.72561687074896,0,0,0
0,-48.09412194687097,-53.919149716175085,-117.26566552448621,-51.950636849984384,-83.27382160421683,0,0,0
1,-48.7273616890682,-52.703889394337175,-66.25631618413468,-49.61813899085436,-68.60425654430861,0,0,0
0,-48.763043086834536,-51.70356998384872,-82.7183932804967,-56.476866627645634,-73.57856107098354,0,0,0
1,-48.82658082869107,-51.7805865416994,-44.985169394588624,-35.07146470394342,-56.829070203727106,0,0,2
0,-54.66270634456841,-60.92688415091739,-110.20970175393518,-74.7994257799138,-87.72561687074896,0,0,0
0,-46.83269953791139,-51.240233728095454,-49.93965537631533,-48.546172633122524,-58.348860248006254,0,1,0
1,-45.899599809049185,-48.39051535824756,-37.359288503627035,-50.23348500091345,-53.64165045733757,0,0,1
1,-48.82658082869107,-51.7805865416994,-44.985169394588624,-35.07146470394342,-56.829070203727106,0,0,2
0,-54.66270634456841,-60.92688415091739,-110.20970175393518,-74.7994257799138,-87.72561687074896,0,0,0
1,-47.75616391857473,-50.6780859526882,-46.569728895863165,-44.070724655096754,-56.234021143993125,0,2,0
1,-48.82658082869107,-51.7805865416994,-44.985169394588624,-35.07146470394342,-56.829070203727106,0,0,2
0,-52.03514463813167,-55.294882169713006,-64.99060968033538,-41.37632040146775,-71.53232754223228,0,0,0
1,-52.55074843104696,-52.55074843104696,-45.67022078329972,-36.21989614464262,-66.25181466603688,0,0,0
0,-48.29349601928999,-51.272007031849554,-111.04281164151597,-49.5476989173715,-81.60633951174478,0,0,0
0,-49.04367005667926,-53.48525180139366,-54.89139917021347,-42.14338901886966,-62.045353904943575,0,1,0
1,-52.099670984173684,-57.3966041091666,-69.25468293378103,-43.77948733923273,-72.87607586430799,0,0,0
0,-48.57258127322939,-54.237289716257656,-89.63434434777787,-60.88732119155062,-71.99714867476303,0,1,0
0,-53.423132279267804,-58.814690554493005,-108.6224731121685,-95.59737942812868,-86.00987421291836,0,0,0
0,-45.982179601199554,-50.71301470030847,-71.20810996678358,-56.519085095974,-67.34461259123464,0,0,0
1,-42.79095172225492,-45.814795474992,-36.46782618666344,-41.242697933021674,-53.731299578253946,0,0,0
0,-48.29349601928999,-51.272007031849554,-111.04281164151597,-49.5476989173715,-81.60633951174478,0,0,0
1,-50.648158825890825,-54.74900878558555,-61.30457239023655,-55.64508386353297,-69.03953054296178,0,0,0
0,-50.4710027685683,-55.63795464007924,-65.56590345585361,-57.651429524961515,-70.14077380532439,0,0,0
0,-53.423132279267804,-58.814690554493005,-108.6224731121685,-95.59737942812868,-86.00987421291836,0,0,0
0,-45.982179601199554,-50.71301470030847,-71.20810996678358,-56.519085095974,-67.34461259123464,0,0,0
1,-42.79095172225492,-45.814795474992,-36.46782618666344,-41.242697933021674,-53.731299578253946,0,0,0
0,-55.47177412424883,-58.33071706796526,-100.94090893231625,-51.33001344328364,-85.75404680394371,0,0,0
1,-49.14446011411885,-53.11532882033161,-65.36485386717108,-51.49429767975927,-65.28818037147045,0,0,1
0,-53.423132279267804,-58.814690554493005,-108.6224731121685,-95.59737942812868,-86.00987421291836,0,0,0
0,-45.982179601199554,-50.71301470030847,-71.20810996678358,-56.519085095974,-67.34461259123464,0,0,0
1,-42.79095172225492,-45.814795474992,-36.46782618666344,-41.242697933021674,-53.731299578253946,0,0,0
1,-47.362955734911175,-50.09191742514563,-46.94128088362103,-43.21040891060078,-57.97960409719776,0,1,0
0,-48.9491213230818,-52.59888848967504,-27.840744044528815,-36.89129538127932,-50.36987273084099,0,0,3
0,-45.982179601199554,-50.71301470030847,-71.20810996678358,-56.519085095974,-67.34461259123464,0,0,0
1,-42.79095172225492,-45.814795474992,-36.46782618666344,-41.242697933021674,-53.731299578253946,0,0,0
1,-48.97637062796113,-51.38423077857607,-54.19294064633259,-38.45124942642337,-65.2342528218609,0,0,0
0,-45.982179601199554,-50.71301470030847,-71.20810996678358,-56.519085095974,-67.34461259123464,0,0,0
1,-42.79095172225492,-45.814795474992,-36.46782618666344,-41.242697933021674,-53.731299578253946,0,0,0
1,-48.97637062796113,-51.38423077857607,-54.19294064633259,-38.45124942642337,-65.2342528218609,0,0,0
0,-48.753220356558415,-51.99844329959674,-73.50795288826059,-45.194824765519215,-70.80560622303659,0,0,0
1,-51.00396321735202,-51.00396321735202,-45.67022078329973,-34.18914576514757,-61.23929354954222,0,1,0
1,-43.37925573431635,-46.18422504453897,-46.56972889586314,-42.28118502410016,-53.884438500275564,0,1,0
0,-49.23351478852727,-53.31669110874534,-113.97192820132507,-48.89966006495016,-83.4250932489248,0,0,0
0,-53.901956549355795,-59.56470234191435,-109.31557029647942,-69.59745871006224,-86.69662763829962,0,0,0
0,-48.967715420747794,-54.843679239250996,-110.01133662128248,-69.95147634652515,-81.97111640713254,0,0,0
0,-49.452952168745,-54.88196543238714,-69.8624001157711,-46.535010448286414,-70.41167220347633,0,0,0
0,-49.68948914018631,-55.21130833675257,-88.93857802297477,-49.654195719163056,-72.90532664427901,0,0,1
1,-49.91660038018662,-54.298770271951824,-41.62067730104283,-42.602068745620976,-56.90974212715892,0,0,2
0,-48.347464897445136,-51.221772716718874,-94.57804234607615,-47.79427614092582,-76.72087760126797,0,0,0
1,-47.791593890687096,-50.632863194926855,-47.83274320058463,-36.61053437665708,-58.675680948062755,0,0,1
0,-53.901956549355795,-59.56470234191435,-109.31557029647942,-80.42036411842716,-86.69662763829962,0,0,0
0,-48.967715420747794,-54.843679239250996,-110.01133662128248,-69.95147634652515,-81.97111640713254,0,0,0
0,-49.452952168745,-54.88196543238714,-69.8624001157711,-46.68799545837025,-70.41167220347633,0,0,0
0,-49.68948914018631,-55.21130833675257,-88.93857802297477,-49.654195719163056,-72.90532664427901,0,0,1
1,-49.91660038018662,-54.298770271951824,-41.62067730104283,-42.602068745620976,-56.90974212715892,0,0,2
0,-48.347464897445136,-51.221772716718874,-94.57804234607615,-47.79427614092582,-76.72087760126797,0,0,0
1,-47.791593890687096,-50.632863194926855,-47.83274320058463,-36.61053437665708,-58.675680948062755,0,0,1
0,-53.901956549355795,-59.56470234191435,-109.31557029647942,-80.42036411842716,-86.69662763829962,0,0,0
0,-48.967715420747794,-54.843679239250996,-110.01133662128248,-70.01857816017993,-81.97111640713254,0,0,0
0,-49.452952168745,-54.88196543238714,-69.8624001157711,-46.68799545837025,-70.41167220347633,0,0,0
1,-46.69416069589512,-51.18271410918895,-66.94941336844559,-48.574687325374555,-66.7789847064288,0,0,0
0,-44.36157002890705,-47.222690633464246,-48.52584038489556,-46.478788348514136,-55.45358624157599,0,0,1
1,-47.791593890687096,-50.632863194926855,-47.83274320058463,-36.61053437665708,-58.675680948062755,0,0,1
0,-53.901956549355795,-59.56470234191435,-109.31557029647942,-80.42036411842716,-86.69662763829962,0,0,0
0,-48.967715420747794,-54.843679239250996,-110.01133662128248,-70.01857816017993,-81.97111640713254,0,0,0
1,-50.114529232569836,-54.17593620864226,-59.40238303221928,-52.12179565388219,-64.4695082394359,0,1,0
0,-48.24615305129415,-51.21365717737997,-46.569728895863165,-48.543241100104886,-62.2170717200531,0,0,0
1,-47.791593890687096,-50.632863194926855,-47.83274320058463,-36.61053437665708,-58.675680948062755,0,0,1
0,-53.901956549355795,-59.56470234191435,-109.31557029647942,-80.42036411842716,-86.69662763829962,0,0,0
0,-45.93640799649195,-50.428490527741246,-61.226088887303796,-43.36215296594598,-58.811173219342535,0,2,0
1,-45.96892238428564,-48.50928007315006,-63.19896686957721,-46.87520869656518,-61.462876542359076,0,1,0
1,-47.791593890687096,-50.632863194926855,-47.83274320058463,-36.61053437665708,-58.675680948062755,0,0,1
0,-53.901956549355795,-59.56470234191435,-109.31557029647942,-69.59745871006224,-86.69662763829962,0,0,0
1,-47.35244366694664,-50.32347691098793,-56.15172127585714,-44.80379950220003,-64.19796004970378,0,0,0
1,-47.791593890687096,-50.632863194926855,-47.83274320058463,-36.61053437665708,-58.675680948062755,0,0,1
0,-50.79557574014034,-53.46235602272345,-73.30691861511572,-43.08864663305565,-72.78765132467505,0,0,0
1,-51.76961530196557,-51.76961530196557,-64.09110156777197,-38.314884298280305,-70.99694577229717,0,0,0
0,-48.29349601928998,-51.28305540075286,-110.15134932455237,-49.647326401760814,-81.3389008166557,0,0,0
0,-47.958374069540916,-52.53953114234386,-67.97978558495194,-43.242065903296805,-68.3523097450265,0,0,0
1,-48.882187078155496,-54.277406895553895,-47.63975472303961,-43.67989701728562,-59.70837759226765,0,1,0
0,-46.6328503424994,-52.61686279258814,-99.04314987266665,-51.013830982632726,-76.3457953042994,0,0,0
0,-49.677627660552965,-55.391409894236816,-115.1614455478333,-52.504068774989754,-84.22606132490296,0,0,0
0,-49.58266066023439,-55.38552050216096,-76.73245533712218,-56.68295755477435,-72.60239726137104,0,0,0
0,-50.515453140093605,-55.31561841755978,-68.55890129344026,-58.54530821097684,-71.08312352812568,0,0,0
1,-42.985750779053305,-46.1035733963969,-46.569728895863136,-40.74176306797902,-53.49093354501252,0,1,0
0,-48.29349601928998,-51.28305540075286,-110.15134932455237,-49.647326401760814,-81.3389008166557,0,0,0
1,-50.951280383336,-55.23304170288569,-46.94397308269884,-55.319387171497404,-65.03447230814565,0,0,0
0,-49.68036081185285,-55.13923948426404,-62.00035403057733,-55.06110416856113,-68.28046702102606,0,0,0
0,-49.677627660552965,-55.391409894236816,-115.1614455478333,-53.67720595521969,-84.22606132490296,0,0,0
0,-49.58266066023439,-55.38552050216096,-76.73245533712218,-56.68295755477435,-72.60239726137104,0,0,0
0,-50.515453140093605,-55.31561841755978,-68.55890129344026,-60.05532337213652,-71.08312352812568,0,0,0
1,-42.985750779053305,-46.1035733963969,-46.569728895863136,-40.74176306797902,-53.49093354501252,0,1,0
0,-53.69898900060129,-56.738843304172676,-74.28363407819494,-49.8959274067542,-75.98407922405977,0,0,0
1,-47.26757406926575,-51.61299424382823,-65.36485386717106,-49.90248478297638,-63.411294326617345,0,0,1
0,-49.677627660552965,-55.391409894236816,-115.1614455478333,-52.504068774989754,-84.22606132490296,0,0,0
0,-49.58266066023439,-55.38552050216096,-76.73245533712218,-56.68295755477435,-72.60239726137104,0,0,0
0,-50.515453140093605,-55.31561841755978,-68.55890129344026,-58.54530821097684,-71.08312352812568,0,0,0
1,-42.985750779053305,-46.1035733963969,-46.569728895863136,-40.74176306797902,-53.49093354501252,0,1,0
1,-49.29697963354875,-52.40049279213293,-45.87663171155222,-42.80981735725402,-59.594233244214685,0,1,0
0,-51.15367764544407,-55.12556892928241,-49.49884545567225,-37.92664221623934,-66.00333128214575,0,0,0
0,-49.58266066023439,-55.38552050216096,-76.73245533712218,-56.68295755477435,-72.60239726137104,0,0,0
0,-50.515453140093605,-55.31561841755978,-68.55890129344026,-60.05532337213652,-71.08312352812568,0,0,0
1,-42.985750779053305,-46.1035733963969,-46.569728895863136,-40.74176306797902,-53.49093354501252,0,1,0
1,-51.12317992552138,-53.85316419338142,-54.39397491947742,-37.85721447416707,-67.4413724013646,0,0,0
0,-49.58266066023439,-55.38552050216096,-76.73245533712218,-56.68295755477435,-72.60239726137104,0,0,0
0,-50.515453140093605,-55.31561841755978,-68.55890129344026,-60.05532337213652,-71.08312352812568,0,0,0
1,-42.985750779053305,-46.1035733963969,-46.569728895863136,-40.74176306797902,-53.49093354501252,0,1,0
1,-51.12317992552138,-53.85316419338142,-54.39397491947742,-37.85721447416707,-67.4413724013646,0,0,0
0,-49.58266066023439,-55.38552050216096,-76.73245533712218,-56.68295755477435,-72.60239726137104,0,0,0
1,-50.01091137848767,-53.25492528049802,-48.52584038489556,-35.823846733649965,-64.56866349395634,0,0,0
1,-51.12317992552138,-53.85316419338142,-54.39397491947742,-37.85721447416707,-67.4413724013646,0,0,0
0,-48.43162741522454,-51.79487730808083,-47.832743200584645,-41.59125433957884,-62.781450375399935,0,0,0
1,-51.099918160293804,-51.099918160293804,-45.67022078329972,-37.130815098048814,-64.80098439528372,0,0,0
1,-44.10197610240448,-46.91957418676986,-55.08707210378834,-43.46057644536155,-57.162361830741254,0,1,0
0,-47.51384604858375,-51.55529687766068,-76.238704315417,-49.782886000423495,-70.38545734320886,0,0,0
0,-48.67925068136835,-54.521327697408594,-76.73245533712219,-56.72526073371732,-71.69898728250502,0,0,0
0,-52.011883237031235,-57.92585540838368,-67.87115770565137,-64.39514414343063,-72.37323054872664,0,0,0
0,-47.20412603887252,-52.829522303766254,-78.11864970574399,-48.96841380729914,-70.63972095059572,0,0,0
1,-48.851372602633354,-52.98332322791198,-43.57678879007524,-39.399470478259516,-51.52720153125675,1,1,1
0,-46.627436626730116,-49.679261618973236,-66.0552588524042,-45.30373117869994,-66.44401428245138,0,0,0
1,-49.28925847598934,-52.08880228908797,-36.66619131931613,-35.736302878038565,-56.82337996898445,0,0,1
0,-48.67925068136835,-54.521327697408594,-76.73245533712219,-56.72526073371732,-71.69898728250502,0,0,0
0,-52.011883237031235,-57.92585540838368,-67.87115770565137,-64.39514414343063,-72.37323054872664,0,0,0
0,-47.20412603887252,-52.829522303766254,-78.11864970574399,-48.96841380729914,-70.63972095059572,0,0,0
1,-48.851372602633354,-52.98332322791198,-43.57678879007524,-39.399470478259516,-51.52720153125675,1,1,1
0,-46.627436626730116,-49.679261618973236,-66.0552588524042,-45.20451021177027,-66.44401428245138,0,0,0
1,-49.28925847598934,-52.08880228908797,-36.66619131931613,-35.736302878038565,-56.82337996898445,0,0,1
0,-48.67925068136835,-54.521327697408594,-76.73245533712219,-56.72526073371732,-71.69898728250502,0,0,0
0,-52.011883237031235,-57.92585540838368,-67.87115770565137,-64.39514414343063,-72.37323054872664,0,0,0
0,-47.06206958183163,-51.62697066294173,-92.62462305612154,-50.169529941346106,-74.84945649866809,0,0,0
1,-48.41988085200009,-51.010606565572445,-36.46782618666344,-36.61022071527873,-59.36022870799912,0,0,0
1,-49.28925847598934,-52.08880228908797,-36.66619131931613,-35.736302878038565,-56.82337996898445,0,0,1
0,-48.67925068136835,-54.521327697408594,-76.73245533712219,-56.72526073371732,-71.69898728250502,0,0,0
0,-52.011883237031235,-57.92585540838368,-67.87115770565137,-64.39514414343063,-72.37323054872664,0,0,0
1,-46.88846002488689,-49.91213619429071,-45.876631711552236,-41.76876409884002,-55.15838809501201,0,2,0
1,-49.28925847598934,-52.08880228908797,-36.66619131931613,-35.736302878038565,-56.82337996898445,0,0,1
0,-48.67925068136835,-54.521327697408594,-76.73245533712219,-55.86842228001675,-71.69898728250502,0,0,0
1,-50.47209737751074,-53.403828571906864,-37.15762493679396,-40.42132610449405,-58.1536489557492,0,1,0
1,-49.28925847598934,-52.08880228908797,-36.66619131931613,-35.736302878038565,-56.82337996898445,0,0,1
0,-49.02743007701773,-51.8877677607087,-63.4033810385687,-39.17041342185969,-68.04844438858834,0,0,0
1,-50.30935478906445,-50.30935478906445,-62.70490719915012,-33.181203982176726,-69.12082694880948,0,0,0
