{"alpha":1.0,"weight_attr":0,"objective":0,"children_norm":1,"norm_attributes":0,"root":{"concept_hash":"2124737650393583_1","count":4.0,"a_count":{"0":4.0,"1":4.0,"2":1.5,"3":3.0},"sum_n_logn":{"1":6.06842558824411,"2":1.9944920232821373,"3":4.2852188529675259},"av_count":{"0":{"1":1.0,"2":1.0,"0":0.0,"23":2.0},"1":{"6":2.0,"14":1.0,"0":0.0,"23":1.0},"2":{"14":1.0,"6":0.5,"0":0.0},"3":{"14":1.0,"1":1.5,"6":0.5,"0":0.0}},"children":[{"concept_hash":"2124756641114458_2","count":1.0,"a_count":{"3":0.0,"2":0.0,"1":1.0,"0":1.0},"sum_n_logn":{"3":0.0,"2":0.0,"1":1.3862943611198906},"av_count":{"3":{"0":0.0},"2":{"0":0.0},"1":{"23":1.0,"0":0.0},"0":{"23":1.0,"0":0.0}},"children":[]},{"concept_hash":"2124756641221875_7","count":3.0,"a_count":{"3":3.0,"2":1.5,"1":3.0,"0":3.0},"sum_n_logn":{"3":4.2852188529675259,"2":1.9944920232821373,"1":4.68213122712422},"av_count":{"3":{"6":0.5,"1":1.5,"14":1.0,"0":0.0},"2":{"14":1.0,"6":0.5,"0":0.0},"1":{"14":1.0,"6":2.0,"0":0.0},"0":{"1":1.0,"23":1.0,"2":1.0,"0":0.0}},"children":[{"concept_hash":"2124756641184750_5","count":1.0,"a_count":{"0":1.0,"1":1.0,"2":0.0,"3":1.5},"sum_n_logn":{"1":1.3862943611198906,"2":0.0,"3":1.9944920232821373},"av_count":{"0":{"0":0.0,"2":1.0},"1":{"0":0.0,"6":1.0},"2":{"0":0.0},"3":{"0":0.0,"14":1.0,"1":0.5}},"children":[]},{"concept_hash":"2124756641134708_3","count":1.0,"a_count":{"0":1.0,"1":1.0,"2":0.0,"3":1.5},"sum_n_logn":{"1":1.3862943611198906,"2":0.0,"3":1.9944920232821373},"av_count":{"0":{"0":0.0,"23":1.0},"1":{"0":0.0,"14":1.0},"2":{"0":0.0},"3":{"0":0.0,"1":1.0,"6":0.5}},"children":[]},{"concept_hash":"2124756641313041_9","count":1.0,"a_count":{"0":1.0,"1":1.0,"2":1.5,"3":0.0},"sum_n_logn":{"1":1.3862943611198906,"2":1.9944920232821373,"3":0.0},"av_count":{"0":{"0":0.0,"1":1.0},"1":{"0":0.0,"6":1.0},"2":{"0":0.0,"14":1.0,"6":0.5},"3":{"0":0.0}},"children":[]}]}]}}