is_gold,cnt_root_lp,sum_root_lp,sum_leaf_lp,sum_bl_lp,cur_score,chunk_pool_match,L_trans,R_trans
0,-52.92802522678417,-55.8905221004419,-102.20542806335453,-50.95896415178567,-83.58965364579053,0,0,0
0,-58.93160542262371,-63.32208334158969,-77.83049907243065,-61.38956310031326,-78.81501924155319,0,1,0
1,-53.52936225790093,-58.76249509003341,-50.48863499037898,-56.44212817316023,-65.2102168522149,0,1,0
0,-51.92601323315232,-57.63078677470658,-111.621983171509,-52.16684166622597,-85.41260818460502,0,0,0
0,-68.51487398977437,-74.14575998559853,-73.17078366632066,-65.65968038256351,-90.46610908967057,0,0,0
0,-72.854881575497,-78.65275121646042,-96.54093487557307,-99.34254398770875,-101.81716203816893,0,0,0
0,-59.6803816091034,-64.27081035152457,-61.999172871871544,-67.55396898743116,-74.81439756786514,0,1,0
1,-49.00660481563709,-51.95060809332575,-27.25898854475766,-46.64921401551207,-57.18430137906439,0,0,0
0,-52.92802522678417,-55.8905221004419,-102.20542806335453,-50.73803644782069,-83.58965364579053,0,0,0
1,-48.35460912176963,-52.415825616591505,-45.682364151287864,-51.357296455182656,-56.56625692381544,0,2,0
0,-51.23050426340314,-56.43941716428396,-58.25355176391931,-53.300061281167544,-65.24083388977921,0,0,1
0,-68.51487398977437,-74.14575998559853,-73.17078366632066,-65.65968038256351,-90.46610908967057,0,0,0
0,-72.854881575497,-78.65275121646042,-96.54093487557307,-99.34254398770875,-101.81716203816893,0,0,0
0,-59.6803816091034,-64.27081035152457,-61.999172871871544,-67.55396898743116,-74.81439756786514,0,1,0
1,-49.00660481563709,-51.95060809332575,-27.25898854475766,-46.64921401551207,-57.18430137906439,0,0,0
0,-50.89763368401246,-53.73712964062676,-81.62135248036623,-46.85757378853385,-75.38403942812232,0,0,0
1,-51.19552408024977,-55.23252064381999,-55.784266860487584,-54.33555477532584,-67.93080413839604,0,0,0
0,-68.51487398977437,-74.14575998559853,-73.17078366632066,-65.65968038256351,-90.46610908967057,0,0,0
0,-72.854881575497,-78.65275121646042,-96.54093487557307,-99.34254398770875,-101.81716203816893,0,0,0
0,-59.6803816091034,-64.27081035152457,-61.999172871871544,-67.49997375118606,-74.81439756786514,0,1,0
1,-49.00660481563709,-51.95060809332575,-27.25898854475766,-44.070789304524226,-57.18430137906439,0,0,0
1,-51.06934754195635,-53.88462356731899,-54.89021179745246,-53.55000851769665,-64.07067517839236,0,1,0
0,-68.77772751723845,-72.65034721678806,-57.429592547418224,-49.86519697788441,-86.00660528146392,0,0,0
0,-72.854881575497,-78.65275121646042,-96.54093487557307,-99.34254398770875,-101.81716203816893,0,0,0
0,-59.6803816091034,-64.27081035152457,-61.999172871871544,-67.49997375118606,-74.81439756786514,0,1,0
1,-49.00660481563709,-51.95060809332575,-27.25898854475766,-46.64921401551207,-57.18430137906439,0,0,0
1,-72.1099251396842,-74.76082430102623,-46.57123372217994,-50.50882960997312,-86.08129525633818,0,0,0
0,-72.854881575497,-78.65275121646042,-96.54093487557307,-99.34254398770875,-101.81716203816893,0,0,0
0,-59.6803816091034,-64.27081035152457,-61.999172871871544,-67.49997375118606,-74.81439756786514,0,1,0
1,-49.00660481563709,-51.95060809332575,-27.25898854475766,-46.64921401551207,-57.18430137906439,0,0,0
1,-72.1099251396842,-74.76082430102623,-46.57123372217994,-51.57863972026164,-86.08129525633818,0,0,0
0,-72.854881575497,-78.65275121646042,-96.54093487557307,-99.34254398770875,-101.81716203816893,0,0,0
1,-59.65616671176938,-62.67655805836089,-37.36089125395738,-49.40872970839196,-60.46722637955742,1,1,1
1,-72.1099251396842,-74.76082430102623,-46.57123372217994,-51.57863972026164,-86.08129525633818,0,0,0
0,-65.02029077804765,-68.35808685632676,-101.8339739996102,-76.53493917626838,-95.57048297793071,0,0,0
1,-60.73133306506061,-60.73133306506061,-54.88256013820034,-50.09360150905694,-77.19610110652071,0,0,0
0,-56.791657919275075,-59.91514410828731,-100.94241375863302,-53.66860416565475,-87.07438204686498,0,0,0
1,-52.808842581459416,-56.874949898430636,-77.77074705898688,-51.464200774729804,-76.14006669915548,0,0,0
0,-53.12101675027116,-58.41844960213292,-100.79953354989753,-57.248248329183994,-79.8951409124407,0,0,1
0,-69.07210795039546,-74.71172413478585,-60.593108992710164,-67.43383597304555,-83.78430474540879,0,0,1
0,-65.13964064511046,-71.34241354677887,-95.4787590726222,-92.21241497569596,-93.78326836689712,0,0,0
0,-53.032728269967436,-58.97862960594154,-79.36046339745553,-63.57466037051632,-76.8408672892041,0,0,0
0,-60.05982500470576,-65.71180242072556,-81.48728837247523,-59.5561996188672,-84.50601151644832,0,0,0
1,-54.728727127456494,-58.96596072462809,-46.57392439226502,-50.82231308232986,-68.700904445136,0,0,0
0,-48.901976811300294,-52.00322715863953,-94.57964509640647,-48.774573682745846,-77.27587034022224,0,0,0
0,-46.94148551654846,-49.78113292632974,-82.02680092250259,-49.144093182474556,-71.54952579329924,0,0,0
1,-52.967664743591286,-57.09889590020735,-46.57382646825147,-51.813689080176395,-63.474076781266994,0,0,1
0,-69.07210795039546,-74.71172413478585,-60.593108992710164,-67.43383597304555,-83.78430474540879,0,0,1
0,-65.13964064511046,-71.34241354677887,-95.4787590726222,-92.21241497569596,-93.78326836689712,0,0,0
0,-53.032728269967436,-58.97862960594154,-79.36046339745553,-62.92546829743558,-76.8408672892041,0,0,0
0,-60.05982500470576,-65.71180242072556,-81.48728837247523,-59.56157898417445,-84.50601151644832,0,0,0
1,-54.728727127456494,-58.96596072462809,-46.57392439226502,-50.82231308232986,-68.700904445136,0,0,0
0,-48.901976811300294,-52.00322715863953,-94.57964509640647,-49.32582918547794,-77.27587034022224,0,0,0
1,-44.51541543324368,-47.42018668266981,-37.360793329943824,-38.30202054390969,-52.2579175294271,0,1,0
0,-61.14577195644985,-65.21456294016065,-94.27135411636269,-61.28007965496759,-89.42717819135865,0,0,0
0,-65.13964064511046,-71.34241354677887,-95.4787590726222,-92.21241497569596,-93.78326836689712,0,0,0
0,-53.032728269967436,-58.97862960594154,-79.36046339745553,-62.92546829743558,-76.8408672892041,0,0,0
0,-60.05982500470576,-65.71180242072556,-81.48728837247523,-59.485315081437214,-84.50601151644832,0,0,0
1,-54.728727127456494,-58.96596072462809,-46.57392439226502,-50.82231308232986,-68.700904445136,0,0,0
0,-48.901976811300294,-52.00322715863953,-94.57964509640647,-49.32582918547794,-77.27587034022224,0,0,0
1,-68.29080117591201,-71.13313225243286,-66.05676367872098,-48.77445503411648,-88.1078302795283,0,0,0
0,-65.13964064511046,-71.34241354677887,-95.4787590726222,-92.21241497569596,-93.78326836689712,0,0,0
0,-53.032728269967436,-58.97862960594154,-79.36046339745553,-62.92546829743558,-76.8408672892041,0,0,0
0,-60.05982500470576,-65.71180242072556,-81.48728837247523,-59.485315081437214,-84.50601151644832,0,0,0
1,-54.728727127456494,-58.96596072462809,-46.57392439226502,-50.82231308232986,-68.700904445136,0,0,0
0,-48.901976811300294,-52.00322715863953,-94.57964509640647,-49.32582918547794,-77.27587034022224,0,0,0
1,-68.29080117591201,-71.13313225243286,-66.05676367872098,-47.295166045285896,-88.1078302795283,0,0,0
0,-65.13964064511046,-71.34241354677887,-95.4787590726222,-92.21241497569596,-93.78326836689712,0,0,0
0,-53.032728269967436,-58.97862960594154,-79.36046339745553,-62.92546829743558,-76.8408672892041,0,0,0
0,-47.66012526764261,-52.27511041792158,-76.16135705800578,-50.092732234883854,-70.50853238504435,0,0,0
1,-49.53094004918401,-52.19813625052595,-37.36089125395738,-49.7782527835182,-60.73920742537122,0,0,0
1,-68.29080117591201,-71.13313225243286,-66.05676367872098,-48.194870865203306,-88.1078302795283,0,0,0
0,-65.13964064511046,-71.34241354677887,-95.4787590726222,-92.21241497569596,-93.78326836689712,0,0,0
0,-53.032728269967436,-58.97862960594154,-79.36046339745553,-62.82915936885588,-76.8408672892041,0,0,0
1,-47.50443971977171,-50.54938747422102,-48.527443135225916,-44.359833930231666,-62.06267266033949,0,0,0
1,-68.29080117591201,-71.13313225243286,-66.05676367872098,-47.295166045285896,-88.1078302795283,0,0,0
0,-65.13964064511046,-71.34241354677887,-95.4787590726222,-92.21241497569596,-93.78326836689712,0,0,0
1,-54.499496639930896,-57.45418345031261,-45.679869329229895,-46.340924449635864,-64.73772153590015,0,1,0
1,-68.29080117591201,-71.13313225243286,-66.05676367872098,-47.295166045285896,-88.1078302795283,0,0,0
0,-65.69743414228085,-68.88363348033592,-83.41309321513795,-63.96278853750401,-87.25562620402252,0,0,1
1,-67.36096798686076,-67.36096798686076,-54.88256013820034,-50.41416250774052,-83.82573602832086,0,0,0
1,-46.97464759702694,-49.769681420937,-28.150352937707712,-44.04399378909405,-51.954017575539524,0,1,0
0,-60.671025527215264,-64.43084810379602,-70.31557965401258,-58.34917304754672,-81.76569942341904,0,0,0
0,-61.706735708935284,-66.11156912386532,-76.91264913484135,-65.70385275811213,-84.78053044938768,0,0,0
1,-48.64865860196196,-51.7071612299294,-28.150450861721268,-46.60510918611061,-57.09379386047834,0,0,0
1,-66.13478111759632,-68.61281104019295,-54.88773842833455,-48.19270908257891,-72.2038949376975,1,1,1
0,-61.706735708935284,-66.11156912386532,-76.91264913484135,-65.70385275811213,-84.78053044938768,0,0,0
1,-48.64865860196196,-51.7071612299294,-28.150450861721268,-44.07704010356009,-57.09379386047834,0,0,0
1,-66.13478111759632,-68.61281104019295,-54.88773842833455,-48.19270908257891,-72.2038949376975,1,1,1
0,-61.364740808820756,-64.22081660925065,-64.09817882057067,-47.926384194302365,-80.59419445499195,0,0,0
1,-61.039263201361344,-61.039263201361344,-36.46167935372811,-40.54789664442037,-71.97776700747977,0,0,0
0,-58.292896625970656,-61.46679161589528,-101.83387607559663,-55.95561662661793,-88.84305944864964,0,0,0
1,-52.808842581459416,-56.90830887165859,-74.5766996327177,-51.46733075631417,-75.18185247127472,0,0,0
0,-52.67708544920052,-57.84232777419463,-110.00997394213367,-70.32563261791131,-85.68007763184062,0,0,0
0,-69.40760201939405,-74.70797265366774,-88.74161727567898,-71.26256657826175,-92.56435129929802,0,0,1
0,-65.62557491461699,-70.51154871783187,-77.80668274493641,-80.67006437649493,-88.96757973809791,0,0,0
1,-47.49503998936504,-50.53470765008433,-39.31700274298979,-43.878689315122,-55.82440490946225,0,1,0
0,-49.41689137679256,-52.29463712878416,-82.5215329741608,-51.755237196940925,-74.17335126904081,0,0,0
1,-52.42494979320639,-56.4108129669205,-38.42803524808416,-52.8928731917995,-60.4876244648319,0,0,1
0,-69.40760201939405,-74.70797265366774,-88.74161727567898,-71.26256657826175,-92.56435129929802,0,0,1
0,-65.62557491461699,-70.51154871783187,-77.80668274493641,-80.67006437649493,-88.96757973809791,0,0,0
1,-47.49503998936504,-50.53470765008433,-39.31700274298979,-45.53433210594903,-55.82440490946225,0,1,0
1,-51.9671732424989,-54.73131587800543,-46.57123372217995,-44.878524748612826,-62.47280745635316,0,1,0
0,-69.67685597566057,-73.3661883057861,-56.84644266343848,-64.3713870000331,-86.73078877469212,0,0,0
0,-65.62557491461699,-70.51154871783187,-77.80668274493641,-78.0214553899563,-88.96757973809791,0,0,0
1,-47.49503998936504,-50.53470765008433,-39.31700274298979,-44.240448548480686,-55.82440490946225,0,1,0
1,-69.18538264039275,-71.65299443231068,-54.194641244023636,-49.530057123491446,-85.44377501359983,0,0,0
0,-65.62557491461699,-70.51154871783187,-77.80668274493641,-80.67006437649493,-88.96757973809791,0,0,0
1,-47.49503998936504,-50.53470765008433,-39.31700274298979,-43.878689315122,-55.82440490946225,0,1,0
1,-69.18538264039275,-71.65299443231068,-54.194641244023636,-49.530057123491446,-85.44377501359983,0,0,0
0,-67.53760790286464,-70.86277533030783,-74.20265282290183,-72.60800303742946,-86.33266784693546,0,0,1
1,-66.5589548877642,-66.5589548877642,-54.88256013820034,-45.02711342411963,-79.55798702642458,0,1,0
1,-49.21848239447153,-52.19328009354681,-37.360793329943824,-43.994632569636636,-56.960984490654944,0,0,1
0,-66.92651628080395,-71.02837089267739,-79.72685854801927,-62.68947432115231,-90.84457384520974,0,0,0
0,-68.66944084546971,-73.9192678010652,-105.2038152779873,-85.62462426807622,-100.2305854288659,0,0,0
0,-51.649311240282415,-56.129890203077586,-85.37179745024189,-61.37514987652997,-77.26085047535499,0,0,0
1,-44.35533346320002,-47.50559153398116,-48.527443135225916,-44.360566789410136,-58.91356640376779,0,0,0
1,-74.43900856469664,-77.34368742839655,-55.78167411441606,-52.51803095273348,-91.17351079902146,0,0,0
0,-68.66944084546971,-73.9192678010652,-105.2038152779873,-85.62462426807622,-100.2305854288659,0,0,0
0,-51.649311240282415,-56.129890203077586,-85.37179745024189,-61.37514987652997,-77.26085047535499,0,0,0
1,-44.35533346320002,-47.50559153398116,-48.527443135225916,-42.97576762654922,-58.91356640376779,0,0,0
1,-74.43900856469664,-77.34368742839655,-55.78167411441606,-52.51803095273348,-91.17351079902146,0,0,0
0,-68.66944084546971,-73.9192678010652,-105.2038152779873,-85.62462426807622,-100.2305854288659,0,0,0
1,-51.44906156738982,-54.463034351142994,-55.781772038429615,-43.089068138298394,-68.1835931789187,0,0,0
1,-74.43900856469664,-77.34368742839655,-55.78167411441606,-52.51803095273348,-91.17351079902146,0,0,0
0,-66.54455173693216,-69.31242163181452,-91.729499997279,-77.99368045940177,-94.06340173611586,0,0,0
1,-61.04075169558524,-61.04075169558524,-64.09300053043646,-42.59161648571741,-80.26865185471618,0,0,0
1,-49.670082549253195,-52.57485379867932,-46.57123372217995,-47.480636459889034,-60.17571676310745,0,0,1
0,-66.35489342524275,-70.4941216104683,-71.2095153400941,-62.89909589575,-84.25201212447125,0,0,1
0,-66.14830264778433,-71.97689163164927,-107.16240013613762,-102.83140844314906,-98.29702268862562,0,0,0
0,-54.202011670380216,-60.16495243177385,-73.17078366632066,-62.87760314074207,-76.15324677027641,0,0,0
0,-56.268509025787665,-62.31036439981967,-68.91208706798267,-56.18071111943386,-76.94213514618247,0,0,0
0,-55.9006230207566,-61.14709715722873,-71.21219880817034,-59.25283475962121,-66.86707495480852,1,1,1
1,-52.66393089064576,-57.23925023099639,-64.99480517673726,-57.728775646491236,-72.16237244366694,0,0,0
0,-51.64956879883939,-54.569050659232715,-75.46566712762333,-51.03960737361729,-74.2892689371264,0,0,0
1,-67.98228510970259,-70.83972064094401,-48.527345211212356,-47.37465465455248,-82.54048867306629,0,0,0
0,-66.14830264778433,-71.97689163164927,-107.16240013613762,-102.83140844314906,-98.29702268862562,0,0,0
0,-54.202011670380216,-60.16495243177385,-73.17078366632066,-62.87760314074207,-76.15324677027641,0,0,0
0,-56.268509025787665,-62.31036439981967,-68.91208706798267,-56.29615203844092,-76.94213514618247,0,0,0
0,-55.9006230207566,-61.14709715722873,-71.21219880817034,-57.290648331807745,-66.86707495480852,1,1,1
1,-52.66393089064576,-57.23925023099639,-64.99480517673726,-57.728775646491236,-72.16237244366694,0,0,0
0,-51.64956879883939,-54.569050659232715,-75.46566712762333,-51.03960737361729,-74.2892689371264,0,0,0
1,-67.98228510970259,-70.83972064094401,-48.527345211212356,-47.37465465455248,-82.54048867306629,0,0,0
0,-66.14830264778433,-71.97689163164927,-107.16240013613762,-102.83140844314906,-98.29702268862562,0,0,0
0,-54.202011670380216,-60.16495243177385,-73.17078366632066,-62.87760314074207,-76.15324677027641,0,0,0
0,-56.268509025787665,-62.31036439981967,-68.91208706798267,-58.4673578758487,-76.94213514618247,0,0,0
1,-49.31574811707843,-53.44955049746236,-68.56040459076432,-50.87948039541898,-66.41813359150801,0,1,0
0,-49.375570270024774,-52.48428343133341,-64.99221243066573,-49.90339430687821,-68.8732339992245,0,0,0
1,-67.98228510970259,-70.83972064094401,-48.527345211212356,-48.603915300069325,-82.54048867306629,0,0,0
0,-66.14830264778433,-71.97689163164927,-107.16240013613762,-102.83140844314906,-98.29702268862562,0,0,0
0,-54.202011670380216,-60.16495243177385,-73.17078366632066,-62.87760314074207,-76.15324677027641,0,0,0
0,-47.78756582624811,-52.31163010851741,-40.96492117599196,-45.546408071090404,-60.0770421790457,0,0,0
1,-51.96269497830411,-54.629891179646044,-46.5713316461935,-56.85905003627001,-62.46835856936243,0,0,1
1,-67.98228510970259,-70.83972064094401,-48.527345211212356,-48.41161937942344,-82.54048867306629,0,0,0
0,-66.14830264778433,-71.97689163164927,-107.16240013613762,-102.83140844314906,-98.29702268862562,0,0,0
0,-54.202011670380216,-60.16495243177385,-73.17078366632066,-62.87760314074207,-76.15324677027641,0,0,0
1,-48.06507477287704,-51.122532876104344,-46.5713316461935,-47.96932807964445,-62.03647426673509,0,0,0
1,-67.98228510970259,-70.83972064094401,-48.527345211212356,-48.41161937942344,-82.54048867306629,0,0,0
0,-66.14830264778433,-71.97689163164927,-107.16240013613762,-102.83140844314906,-98.29702268862562,0,0,0
1,-53.56939690469359,-56.526719162674134,-37.36089125395738,-46.919743956775015,-61.31192837808107,0,1,0
1,-67.98228510970259,-70.83972064094401,-48.527345211212356,-47.37465465455248,-82.54048867306629,0,0,0
0,-68.11644790876646,-70.94126362845708,-82.5190596050429,-69.44849245468592,-89.4064298874796,0,0,1
1,-66.37792797568669,-66.37792797568669,-54.88256013820034,-53.85056556501038,-72.44548830874761,1,1,1
1,-48.49767262643852,-51.391711271282325,-46.57123372217995,-44.58190979533488,-59.00330684029278,0,0,1
0,-66.68163883131565,-70.69404489392896,-66.64003293965435,-61.675471128116186,-86.67364871321196,0,0,0
0,-71.6780301555692,-77.21446827231604,-102.90370353779963,-88.39844404957879,-102.54914121690909,0,0,0
0,-57.20370759165871,-63.00229720688532,-82.38122405855675,-65.69521052847419,-81.91807480922574,0,0,0
0,-55.40849136088843,-61.02989255935938,-63.95786990496664,-54.92307353609614,-74.59585233237843,0,0,0
1,-50.09135634104631,-54.204477003182724,-39.008809686959545,-48.93325675735816,-58.32826334433444,0,0,1
0,-50.11323046202577,-53.08180842063152,-118.26484684067157,-51.68831132711351,-85.59268451422724,0,0,0
1,-70.76791445731727,-73.58314477175706,-48.527345211212356,-49.46986560249636,-85.32611802068098,0,0,0
0,-71.6780301555692,-77.21446827231604,-102.90370353779963,-88.39844404957879,-102.54914121690909,0,0,0
0,-57.20370759165871,-63.00229720688532,-82.38122405855675,-65.20023226794255,-81.91807480922574,0,0,0
0,-55.40849136088843,-61.02989255935938,-63.95786990496664,-55.95081715686049,-74.59585233237843,0,0,0
1,-50.09135634104631,-54.204477003182724,-39.008809686959545,-48.93325675735816,-58.32826334433444,0,0,1
0,-50.11323046202577,-53.08180842063152,-118.26484684067157,-51.68831132711351,-85.59268451422724,0,0,0
1,-70.76791445731727,-73.58314477175706,-48.527345211212356,-49.46986560249636,-85.32611802068098,0,0,0
0,-71.6780301555692,-77.21446827231604,-102.90370353779963,-88.39844404957879,-102.54914121690909,0,0,0
0,-57.20370759165871,-63.00229720688532,-82.38122405855675,-65.20023226794255,-81.91807480922574,0,0,0
0,-47.943251374119,-52.50453210120225,-77.57247985034775,-52.43970242127182,-71.21499532922333,0,0,0
1,-51.02914823983385,-53.63627232539925,-46.5713316461935,-50.179229983141475,-59.50748629035135,0,0,2
1,-70.76791445731727,-73.58314477175706,-48.527345211212356,-50.67691853016087,-85.32611802068098,0,0,0
0,-71.6780301555692,-77.21446827231604,-102.90370353779963,-88.39844404957879,-102.54914121690909,0,0,0
0,-57.20370759165871,-63.00229720688532,-82.38122405855675,-65.20023226794255,-81.91807480922574,0,0,0
1,-47.78756582624811,-50.84284997676035,-37.360891253957384,-42.88409178064201,-55.5300972996356,0,1,0
1,-70.76791445731727,-73.58314477175706,-48.527345211212356,-49.46986560249636,-85.32611802068098,0,0,0
0,-71.6780301555692,-77.21446827231604,-102.90370353779963,-88.39844404957879,-102.54914121690909,0,0,0
1,-56.57109282597209,-59.47016320969917,-39.31700274298979,-50.01675143954538,-57.96898594046985,1,1,1
1,-70.76791445731727,-73.58314477175706,-48.527345211212356,-49.46986560249636,-85.32611802068098,0,0,0
0,-65.66629078715262,-68.32562872505456,-75.2647307018392,-61.72405485651935,-88.24570999770438,0,0,0
1,-66.09821498694751,-66.09821498694751,-54.88256013820034,-50.11166688822348,-72.16577532000844,1,1,1
1,-52.189598555697124,-55.27842804227075,-45.67977140521635,-47.116011956477095,-62.427794074462305,0,0,1
0,-70.89353874709194,-75.01557007922761,-47.32768983821852,-64.44297225424083,-81.62610979575777,0,0,1
0,-68.88074881869473,-74.49731194341871,-108.05386245310123,-85.33283131551971,-101.2969075546251,0,0,0
0,-52.31504572098873,-58.32360769477558,-83.27268637552037,-63.151332673633675,-77.29685163364483,0,0,0
0,-54.91897468416763,-61.03538507512287,-103.9961022805474,-54.11531290361885,-86.11780536833186,0,0,0
0,-58.41270596867696,-63.578197318720584,-91.58919108167497,-59.037168330112394,-85.88946329317945,0,0,0
1,-50.228594859255836,-54.7557473672017,-69.25350177507525,-54.40657607674263,-67.53890948897869,0,1,0
0,-47.25208276412137,-50.06053774786393,-119.36339246711881,-48.07479777192968,-79.59536460145729,0,0,1
1,-74.47983039255092,-77.37540181749667,-46.57123372217995,-51.42603508341703,-84.98546460640519,0,0,1
0,-68.88074881869473,-74.49731194341871,-108.05386245310123,-85.33283131551971,-101.2969075546251,0,0,0
0,-52.31504572098873,-58.32360769477558,-83.27268637552037,-62.94003143667597,-77.29685163364483,0,0,0
0,-54.91897468416763,-61.03538507512287,-103.9961022805474,-54.11531290361885,-86.11780536833186,0,0,0
0,-58.41270596867696,-63.578197318720584,-91.58919108167497,-59.037168330112394,-85.88946329317945,0,0,0
1,-50.228594859255836,-54.7557473672017,-69.25350177507525,-54.40657607674263,-67.53890948897869,0,1,0
0,-47.25208276412137,-50.06053774786393,-119.36339246711881,-48.07479777192968,-79.59536460145729,0,0,1
1,-74.47983039255092,-77.37540181749667,-46.57123372217995,-51.42603508341703,-84.98546460640519,0,0,1
0,-68.88074881869473,-74.49731194341871,-108.05386245310123,-85.33283131551971,-101.2969075546251,0,0,0
0,-52.31504572098873,-58.32360769477558,-83.27268637552037,-62.94003143667597,-77.29685163364483,0,0,0
0,-54.91897468416763,-61.03538507512287,-103.9961022805474,-54.35900725729466,-86.11780536833186,0,0,0
1,-52.1790014252318,-56.35944777244899,-57.740476273533545,-52.31466536441836,-69.50114430729187,0,0,0
0,-50.57698620982818,-53.53719730323429,-94.57964509640647,-55.28291142768301,-72.01940793315066,0,0,3
1,-74.47983039255092,-77.37540181749667,-46.57123372217995,-51.42603508341703,-84.98546460640519,0,0,1
0,-68.88074881869473,-74.49731194341871,-108.05386245310123,-85.33283131551971,-101.2969075546251,0,0,0
0,-52.31504572098873,-58.32360769477558,-83.27268637552037,-62.94003143667597,-77.29685163364483,0,0,0
0,-44.79659301078356,-49.563955841934245,-55.784364784501136,-42.42590920080098,-61.5319024461339,0,0,0
1,-50.65449622301307,-53.2680011556905,-83.41309321513795,-56.43296452218923,-75.67842418755446,0,0,0
1,-74.47983039255092,-77.37540181749667,-46.57123372217995,-51.42603508341703,-84.98546460640519,0,0,1
0,-68.88074881869473,-74.49731194341871,-108.05386245310123,-85.33283131551971,-101.2969075546251,0,0,0
0,-52.31504572098873,-58.32360769477558,-83.27268637552037,-62.86933065153541,-77.29685163364483,0,0,0
1,-45.89045624600275,-49.09087766261368,-46.5713316461935,-48.132206855807794,-56.39611983706107,0,1,0
1,-74.47983039255092,-77.37540181749667,-46.57123372217995,-51.42603508341703,-84.98546460640519,0,0,1
0,-68.88074881869473,-74.49731194341871,-108.05386245310123,-85.33283131551971,-101.2969075546251,0,0,0
1,-51.97374021360469,-55.05652443400614,-57.73788352746203,-46.64709633181238,-69.2951052718433,0,0,0
1,-74.47983039255092,-77.37540181749667,-46.57123372217995,-51.42603508341703,-84.98546460640519,0,0,1
0,-70.63836574943628,-73.33960742704653,-91.729499997279,-71.15280201654406,-98.15721574861998,0,0,0
1,-65.60241853651686,-65.60241853651686,-73.30344092267256,-57.77011399264426,-84.12771491051892,0,1,0
1,-50.47731382249436,-53.2110733227183,-46.57123372217994,-48.49527862059459,-64.44868393914834,0,0,0
0,-66.74793570867533,-70.8193872250897,-56.538130230454634,-61.142625546802265,-83.70937477781172,0,0,0
0,-63.568006070674784,-69.22330020762921,-87.67687017959659,-70.9537328483248,-89.87106712455376,0,0,0
0,-56.87914222561149,-62.41580364177925,-68.01815138190116,-58.28063876218935,-73.81885173738212,0,1,0
1,-51.96636853988913,-56.024771197886466,-37.3634840000289,-48.04178433856696,-59.70967783709807,0,0,1
0,-51.54834156280218,-54.41950830321377,-85.36920470417036,-52.216576056416216,-73.69336707125356,0,1,0
1,-71.11782919766763,-73.96756017587442,-46.57123372217995,-49.211404295344565,-85.08919931432162,0,0,0
0,-63.568006070674784,-69.22330020762921,-87.67687017959659,-70.9537328483248,-89.87106712455376,0,0,0
0,-56.87914222561149,-62.41580364177925,-68.01815138190116,-58.042393957400776,-73.81885173738212,0,1,0
1,-51.96636853988913,-56.024771197886466,-37.3634840000289,-48.04178433856696,-59.70967783709807,0,0,1
0,-51.54834156280218,-54.41950830321377,-85.36920470417036,-52.216576056416216,-73.69336707125356,0,1,0
1,-71.11782919766763,-73.96756017587442,-46.57123372217995,-49.211404295344565,-85.08919931432162,0,0,0
0,-63.568006070674784,-69.22330020762921,-87.67687017959659,-70.9537328483248,-89.87106712455376,0,0,0
0,-49.581904549483994,-54.04233755866906,-66.95091666576967,-49.94213681747199,-69.6671795492149,0,0,0
1,-51.26354480618789,-53.773189849685075,-36.46942893699378,-53.94206221658686,-62.20437348728602,0,0,0
1,-71.11782919766763,-73.96756017587442,-46.57123372217995,-49.211404295344565,-85.08919931432162,0,0,0
0,-63.568006070674784,-69.22330020762921,-87.67687017959659,-70.9537328483248,-89.87106712455376,0,0,0
1,-52.195328591623095,-55.107003986308015,-37.36089125395738,-46.29481332224893,-53.006388259411125,1,1,1
1,-71.11782919766763,-73.96756017587442,-46.57123372217995,-49.211404295344565,-85.08919931432162,0,0,0
0,-64.12831255849149,-66.84324621699972,-64.09817882057067,-59.096716805704666,-79.89203030186296,0,0,1
1,-60.014852829963786,-60.014852829963786,-45.672119745964224,-39.79143277011322,-73.71648875375305,0,0,0
0,-58.33979284259499,-61.58474946725762,-91.52489005691325,-55.608648856617805,-82.33152395686925,0,1,0
1,-51.690691042214475,-55.9094827702786,-46.57382646825146,-49.376003567267254,-62.19710307989019,0,0,1
0,-56.716633723356594,-62.09174483333818,-119.22041433436976,-69.22894106485339,-92.48275802366751,0,0,0
0,-74.39706082920472,-80.21480616874872,-82.38122405855678,-74.44506145347883,-99.11142804677175,0,0,0
0,-64.09053550370648,-70.39314889474738,-91.61557870230067,-84.95648921768343,-91.57520911439667,0,0,0
0,-60.04267727621817,-65.86540225875216,-107.36086319280386,-61.87456446963467,-92.25093623405934,0,0,0
1,-54.97392057543563,-59.22133358701595,-71.20961326410766,-56.37515899613166,-76.33680455466792,0,0,0
0,-49.332176851630805,-52.25593391889154,-85.36920470417034,-52.20272787052129,-74.94293826288191,0,0,0
0,-49.41689137679256,-52.41396256664911,-85.36910678015683,-51.833558013663,-75.02762341083961,0,0,0
1,-57.014442464744086,-61.21017442344568,-46.573826468251475,-55.35459120202451,-67.52085450241981,0,0,1
0,-74.39706082920472,-80.21480616874872,-82.38122405855678,-74.44506145347883,-99.11142804677175,0,0,0
0,-64.09053550370648,-70.39314889474738,-91.61557870230067,-84.95648921768343,-91.57520911439667,0,0,0
0,-60.04267727621817,-65.86540225875216,-107.36086319280386,-61.87456446963467,-92.25093623405934,0,0,0
1,-54.97392057543563,-59.22133358701595,-71.20961326410766,-56.52493479680522,-76.33680455466792,0,0,0
0,-49.332176851630805,-52.25593391889154,-85.36920470417034,-52.20272787052129,-74.94293826288191,0,0,0
1,-51.4103333806319,-54.38434480112591,-57.73778560344847,-44.224148446921994,-65.26593315886672,0,1,0
0,-69.34853697808218,-73.54862140887492,-66.97473299326391,-61.975652250589825,-85.97522097326163,0,0,1
0,-64.09053550370648,-70.39314889474738,-91.61557870230067,-84.95648921768343,-91.57520911439667,0,0,0
0,-60.04267727621817,-65.86540225875216,-107.36086319280386,-62.92233208085854,-92.25093623405934,0,0,0
1,-54.97392057543563,-59.22133358701595,-71.20961326410766,-56.34290536789209,-76.33680455466792,0,0,0
0,-49.332176851630805,-52.25593391889154,-85.36920470417034,-52.20272787052129,-74.94293826288191,0,0,0
1,-73.753432428193,-76.73179632077816,-54.89021179745246,-51.711158309410834,-90.22049596742873,0,0,0
0,-64.09053550370648,-70.39314889474738,-91.61557870230067,-84.95648921768343,-91.57520911439667,0,0,0
0,-60.04267727621817,-65.86540225875216,-107.36086319280386,-61.87456446963467,-92.25093623405934,0,0,0
1,-54.97392057543563,-59.22133358701595,-71.20961326410766,-56.52493479680522,-76.33680455466792,0,0,0
0,-49.332176851630805,-52.25593391889154,-85.36920470417034,-52.20272787052129,-74.94293826288191,0,0,0
1,-73.753432428193,-76.73179632077816,-54.89021179745246,-51.711158309410834,-90.22049596742873,0,0,0
0,-64.09053550370648,-70.39314889474738,-91.61557870230067,-84.95648921768343,-91.57520911439667,0,0,0
0,-48.23616531418506,-53.005128781686594,-66.95091666576967,-48.699376833761704,-68.32144031391596,0,0,0
1,-49.363801174638404,-52.050407810447034,-29.215100033790073,-52.77749304907506,-54.6625952819757,0,0,1
1,-73.753432428193,-76.73179632077816,-54.89021179745246,-51.711158309410834,-90.22049596742873,0,0,0
0,-64.09053550370648,-70.39314889474738,-91.61557870230067,-84.95648921768343,-91.57520911439667,0,0,0
1,-49.200967607964984,-52.40912469969483,-48.527443135225916,-45.00332510973025,-63.75920054853276,0,0,0
1,-73.753432428193,-76.73179632077816,-54.89021179745246,-51.711158309410834,-90.22049596742873,0,0,0
0,-71.32133155060195,-74.67491370818398,-84.47774238720676,-68.99599088579068,-96.66465426676399,0,0,0
1,-66.53299476955384,-66.53299476955384,-64.09300053043646,-49.35726438535698,-75.3636872202856,1,1,1
0,-58.932980617625034,-61.824426186686104,-91.52489005691326,-54.74969812701132,-82.9247117318993,0,1,0
0,-65.25141148802294,-69.61447392054988,-93.88904273415352,-64.57338829104974,-89.95238840546928,0,1,0
1,-54.26543854798157,-59.48339250475742,-63.95777198095308,-55.08791197421266,-69.98703423946777,0,1,0
0,-51.497748660839854,-57.25597325667759,-104.68919946485832,-70.94936005808859,-82.90450850029734,0,0,0
0,-68.03792694309513,-73.72451583395905,-69.83208325343838,-75.1096317253594,-85.52181601632692,0,0,1
0,-69.37464522596204,-75.19783712038975,-98.84351998487865,-97.62884613776252,-99.02770122142564,0,0,0
0,-57.73914743448567,-62.27125997192466,-73.31378325200974,-65.08670072765098,-79.73328241008859,0,0,0
1,-46.92317620048644,-50.01137856943771,-39.31700274298979,-45.22000289447848,-55.25254112058365,0,1,0
0,-58.932980617625034,-61.824426186686104,-91.52489005691326,-54.74969812701132,-82.9247117318993,0,1,0
1,-53.59859899411538,-57.70393940193866,-61.999074947857984,-55.6276703061255,-72.19832147847276,0,0,0
0,-53.05880033717167,-58.36724726050326,-110.00997394213364,-60.19302280152461,-82.59605661701204,0,0,1
0,-68.03792694309513,-73.72451583395905,-69.83208325343838,-74.61138198974098,-85.52181601632692,0,0,1
0,-69.37464522596204,-75.19783712038975,-98.84351998487865,-97.62884613776252,-99.02770122142564,0,0,0
0,-57.73914743448567,-62.27125997192466,-73.31378325200974,-65.08670072765098,-79.73328241008859,0,0,0
1,-46.92317620048644,-50.01137856943771,-39.31700274298979,-45.48779479748267,-55.25254112058365,0,1,0
0,-49.26593396937244,-52.14955383898815,-76.15866638792069,-46.70858442209158,-72.11353388574865,0,0,0
1,-53.546235966314185,-57.74206934069321,-66.95081874175611,-63.01875566141321,-73.63148158884101,0,0,0
0,-68.03792694309513,-73.72451583395905,-69.83208325343838,-68.773662748071,-85.52181601632692,0,0,1
0,-69.37464522596204,-75.19783712038975,-98.84351998487865,-97.62884613776252,-99.02770122142564,0,0,0
0,-57.73914743448567,-62.27125997192466,-73.31378325200974,-65.08670072765098,-79.73328241008859,0,0,0
1,-46.92317620048644,-50.01137856943771,-39.31700274298979,-43.72983738200095,-55.25254112058365,0,1,0
1,-48.018966616455415,-50.993079452626866,-55.088576930105155,-51.3382534234405,-61.07980379268724,0,1,0
0,-63.84098099807583,-67.88796077471618,-60.042963458825575,-47.073018261961025,-78.38813413292378,0,0,1
0,-69.37464522596204,-75.19783712038975,-98.84351998487865,-97.62884613776252,-99.02770122142564,0,0,0
0,-57.73914743448567,-62.27125997192466,-73.31378325200974,-65.08670072765098,-79.73328241008859,0,0,0
1,-46.92317620048644,-50.01137856943771,-39.31700274298979,-45.48779479748267,-55.25254112058365,0,1,0
1,-67.76718163650955,-70.59244087494231,-57.73778560344847,-48.78622649811083,-81.62278141474437,0,0,1
0,-69.37464522596204,-75.19783712038975,-98.84351998487865,-97.62884613776252,-99.02770122142564,0,0,0
0,-57.73914743448567,-62.27125997192466,-73.31378325200974,-65.08670072765098,-79.73328241008859,0,0,0
1,-46.92317620048644,-50.01137856943771,-39.31700274298979,-43.462045478996764,-55.25254112058365,0,1,0
1,-67.76718163650955,-70.59244087494231,-57.73778560344847,-48.78622649811083,-81.62278141474437,0,0,1
0,-69.37464522596204,-75.19783712038975,-98.84351998487865,-97.62884613776252,-99.02770122142564,0,0,0
1,-57.714932537151654,-60.78043889554864,-64.99221243066573,-47.25408021616132,-73.74686036355165,0,0,1
1,-67.76718163650955,-70.59244087494231,-57.73778560344847,-47.45107266403676,-81.62278141474437,0,0,1
0,-63.30730234141477,-66.55121630071228,-102.89862317167899,-77.58473387816186,-94.17688929291846,0,0,0
1,-67.9559911008392,-67.9559911008392,-73.30344092267255,-58.35901396528911,-89.94702337764096,0,0,0
1,-48.182172176058444,-50.92794957475423,-46.57123372217995,-45.23497888832687,-51.75633458431325,1,1,1
0,-66.17806918840914,-70.23319932180091,-69.25340385106169,-61.09264552815871,-86.95409034372764,0,0,0
0,-62.03296665976427,-67.72763264494188,-80.4225412763929,-69.78827804479936,-86.15972904268214,0,0,0
0,-55.53340299031257,-61.021115671739,-78.12005409110087,-57.77906329248528,-75.5036833148431,0,1,0
1,-50.66297106629469,-54.629958853364315,-41.622180598366896,-49.13130813719635,-59.68388934300503,0,0,1
0,-51.833892364738304,-54.77182470747733,-92.62353360737404,-53.11058364584264,-79.62095244695051,0,0,0
1,-63.461592306445894,-66.31954669166414,-55.78167411441606,-40.886620285941675,-80.19609454077072,0,0,0
0,-62.03296665976427,-67.72763264494188,-80.4225412763929,-69.78827804479936,-86.15972904268214,0,0,0
0,-55.53340299031257,-61.021115671739,-78.12005409110087,-57.77906329248528,-75.5036833148431,0,1,0
1,-50.66297106629469,-54.629958853364315,-41.622180598366896,-49.302729617966854,-59.68388934300503,0,0,1
0,-51.833892364738304,-54.77182470747733,-92.62353360737404,-53.11058364584264,-79.62095244695051,0,0,0
1,-63.461592306445894,-66.31954669166414,-55.78167411441606,-40.886620285941675,-80.19609454077072,0,0,0
0,-62.03296665976427,-67.72763264494188,-80.4225412763929,-69.78827804479936,-86.15972904268214,0,0,0
0,-48.23616531418507,-52.611206239523305,-67.7047800357367,-49.02602962355057,-68.54759932490609,0,0,0
1,-50.97323438120687,-53.4736159892345,-74.20265282290184,-52.90552673808523,-73.23403022807742,0,0,0
1,-63.461592306445894,-66.31954669166414,-55.78167411441606,-40.886620285941675,-80.19609454077072,0,0,0
0,-62.03296665976427,-67.72763264494188,-80.4225412763929,-69.78827804479936,-86.15972904268214,0,0,0
1,-50.849589356324174,-53.75802410262041,-45.67986932922989,-44.91256405497466,-61.087814252293406,0,1,0
1,-63.461592306445894,-66.31954669166414,-55.78167411441606,-40.886620285941675,-80.19609454077072,0,0,0
0,-65.60186245768048,-68.31252734077366,-64.09817882057067,-61.38502690573837,-84.83131610385168,0,0,0
1,-65.88491892191045,-65.88491892191045,-45.67211974596422,-46.43085642021975,-79.58655484569972,0,0,0
1,-45.827130711382516,-48.623457093038446,-36.46933101298023,-38.88166109080919,-56.76793001527658,0,0,0
0,-62.8458256950467,-66.88141718583753,-77.80658482092286,-59.40829333908898,-86.18780114132356,0,0,0
0,-65.17587635966414,-70.91959930247796,-95.64937463459592,-81.18639474540656,-93.87068875004292,0,0,0
0,-51.06054911309103,-56.917794207524,-68.02062475101907,-61.98299380069514,-71.46673653839675,0,0,0
0,-53.581145443053174,-59.49596090645438,-98.84599335399656,-57.79014513581048,-79.76920754645242,0,1,0
0,-53.85033415135614,-58.953532223326164,-76.16394260206845,-64.00005991466128,-76.69951693197667,0,0,0
1,-50.55556840162593,-55.057518141601115,-96.88482295178356,-70.53347951227208,-79.621015287161,0,0,0
0,-47.09764920971819,-49.930408052073936,-94.57964509640647,-47.463973862541536,-75.47154273864012,0,0,0
1,-68.39941801794023,-71.20854960154114,-30.106464426740125,-47.00897266907985,-73.96562144316255,0,0,1
0,-65.17587635966414,-70.91959930247796,-95.64937463459592,-81.18639474540656,-93.87068875004292,0,0,0
0,-51.06054911309103,-56.917794207524,-68.02062475101907,-61.94189232146516,-71.46673653839675,0,0,0
0,-53.581145443053174,-59.49596090645438,-98.84599335399656,-53.357603140374664,-79.76920754645242,0,1,0
0,-53.85033415135614,-58.953532223326164,-76.16394260206845,-64.00005991466128,-76.69951693197667,0,0,0
1,-50.55556840162593,-55.057518141601115,-96.88482295178356,-70.53347951227208,-79.621015287161,0,0,0
0,-47.09764920971819,-49.930408052073936,-94.57964509640647,-47.463973862541536,-75.47154273864012,0,0,0
1,-68.39941801794023,-71.20854960154114,-30.106464426740125,-46.674018332231476,-73.96562144316255,0,0,1
0,-65.17587635966414,-70.91959930247796,-95.64937463459592,-81.18639474540656,-93.87068875004292,0,0,0
0,-51.06054911309103,-56.917794207524,-68.02062475101907,-61.94189232146516,-71.46673653839675,0,0,0
0,-53.581145443053174,-59.49596090645438,-98.84599335399656,-53.357603140374664,-79.76920754645242,0,1,0
1,-47.733129566715604,-51.782087961515074,-69.25350177507525,-52.58302773549925,-68.50918009923818,0,0,0
0,-47.47424899833079,-50.50959255926398,-74.20265282290183,-47.84345007967809,-66.26930894240162,0,0,1
1,-68.39941801794023,-71.20854960154114,-30.106464426740125,-47.00897266907985,-73.96562144316255,0,0,1
0,-65.17587635966414,-70.91959930247796,-95.64937463459592,-81.18639474540656,-93.87068875004292,0,0,0
0,-51.06054911309103,-56.917794207524,-68.02062475101907,-61.94189232146516,-71.46673653839675,0,0,0
0,-46.91542820240552,-51.394920534002324,-39.319595489061314,-45.27585854987822,-55.245570946324186,0,1,0
1,-49.64935738257621,-52.23170959833369,-37.36089125395738,-54.65453156953838,-60.85762475876342,0,0,0
1,-68.39941801794023,-71.20854960154114,-30.106464426740125,-46.674018332231476,-73.96562144316255,0,0,1
0,-65.17587635966414,-70.91959930247796,-95.64937463459592,-81.18639474540656,-93.87068875004292,0,0,0
0,-51.06054911309103,-56.917794207524,-68.02062475101907,-62.59555673448572,-71.46673653839675,0,0,0
1,-47.192937149034464,-50.20582330158926,-64.99221243066573,-49.51702662596533,-66.69060087823418,0,0,0
1,-68.39941801794023,-71.20854960154114,-30.106464426740125,-47.00897266907985,-73.96562144316255,0,0,1
0,-65.17587635966414,-70.91959930247796,-95.64937463459592,-81.18639474540656,-93.87068875004292,0,0,0
1,-52.69319702542556,-55.56992233575769,-46.57133164619349,-46.77591989820225,-63.19886061648388,0,1,0
1,-68.39941801794023,-71.20854960154114,-30.106464426740125,-47.00897266907985,-73.96562144316255,0,0,1
0,-68.02558376497022,-70.86661748030015,-91.729499997279,-66.39076673456556,-95.54443376415392,0,0,0
1,-68.63406748236,-68.63406748236,-64.09300053043646,-56.063514838932576,-77.46475993309176,1,1,1
1,-51.65799512634181,-54.59957675352632,-40.00575434702522,-48.35366006436641,-58.16665998710882,0,2,0
0,-70.22606668161201,-73.98263637906977,-59.14902777274406,-63.30966554869,-84.50503911063551,0,0,1
0,-66.33398917686506,-70.71645542467466,-79.52602004624868,-83.52867337154763,-90.19179519073967,0,0,0
1,-47.49503998936504,-50.62764512590577,-37.36089125395738,-45.28694215395288,-51.7718355599528,0,1,1
1,-73.92517674973891,-76.48457069902315,-47.63340952513084,-50.73324830011537,-88.21519960727817,0,0,0
0,-66.33398917686506,-70.71645542467466,-79.52602004624868,-83.52867337154763,-90.19179519073967,0,0,0
1,-47.49503998936504,-50.62764512590577,-37.36089125395738,-45.28694215395288,-51.7718355599528,0,1,1
1,-73.92517674973891,-76.48457069902315,-47.63340952513084,-50.73324830011537,-88.21519960727817,0,0,0
0,-68.67160351837927,-71.48712835164912,-93.6856114863114,-75.07212049718908,-96.77728696427269,0,0,0
1,-63.13579179358279,-63.13579179358279,-64.09300053043646,-43.19391475287826,-82.36369195271372,0,0,0
0,-57.238518270004015,-60.470845338846274,-75.06012076147343,-53.922974176557844,-76.29081859564631,0,1,0
1,-57.07574504854622,-61.24682478904965,-59.15150114186198,-60.23070172928036,-71.35545948830509,0,0,1
0,-56.06693417614003,-61.236135722803915,-68.90951577485122,-62.92720238408763,-76.73978890859539,0,0,0
0,-69.3035178533128,-74.63652619995524,-91.58919108167495,-74.20021054048352,-96.78027517781528,0,0,0
0,-66.20865556402428,-71.0420221439492,-77.80668274493642,-79.40155571306211,-89.55066038750522,0,0,0
1,-48.64865860196196,-51.71599010413034,-29.215100033790073,-44.37707778537386,-53.947452709299256,0,1,0
0,-50.01661683746338,-52.90590392398269,-73.31109258192468,-53.09456320179725,-72.00994461204078,0,0,0
1,-53.83651859799647,-57.87980911110889,-37.36338607601535,-53.55046122536504,-61.57979851800135,0,0,1
0,-69.3035178533128,-74.63652619995524,-91.58919108167495,-75.79766548442423,-96.78027517781528,0,0,0
0,-66.20865556402428,-71.0420221439492,-77.80668274493642,-79.40155571306211,-89.55066038750522,0,0,0
1,-48.64865860196196,-51.71599010413034,-29.215100033790073,-44.5482525021407,-53.947452709299256,0,1,0
1,-48.854340325998955,-51.61583818512725,-45.87813653786903,-40.27828148765752,-59.15204538455993,0,1,0
0,-66.49569061897218,-70.24627944649797,-68.35946816498017,-66.83837803682023,-83.53779516566651,0,0,1
0,-66.20865556402428,-71.0420221439492,-77.80668274493642,-79.40155571306211,-89.55066038750522,0,0,0
1,-48.64865860196196,-51.71599010413034,-29.215100033790073,-44.02460759346507,-53.947452709299256,0,1,0
1,-70.50306754861836,-72.97186372216004,-45.677298036098435,-47.843241036048305,-84.2062569594479,0,0,0
0,-66.20865556402428,-71.0420221439492,-77.80668274493642,-79.40155571306211,-89.55066038750522,0,0,0
1,-48.64865860196196,-51.71599010413034,-29.215100033790073,-46.57746628658545,-53.947452709299256,0,1,0
1,-70.50306754861836,-72.97186372216004,-45.677298036098435,-47.843241036048305,-84.2062569594479,0,0,0
0,-66.06405800367565,-69.39142800702955,-66.05686160273454,-70.73689443475297,-85.88111648449602,0,0,0
1,-63.15004522534075,-63.15004522534075,-64.09300053043646,-42.090470474075296,-82.37794538447169,0,0,0
1,-45.613242340253024,-48.44389975294616,-39.31690481897624,-38.34937837735181,-53.942577883146164,0,0,1
0,-66.02289813589283,-69.91510928616079,-61.10513926177647,-67.45704292307782,-80.88870401162605,0,0,1
0,-67.76753396626478,-72.11664360092014,-79.52602004624868,-83.71099242428082,-91.62533998013939,0,0,0
1,-47.49503998936503,-50.46141505623112,-39.31700274298979,-45.4249101791241,-59.29014081226197,0,0,0
1,-74.47718610717455,-77.08760460345837,-54.88773842833455,-55.93259439200151,-87.47777173287518,0,0,1
0,-67.76753396626478,-72.11664360092014,-79.52602004624868,-83.71099242428082,-91.62533998013939,0,0,0
1,-47.49503998936503,-50.46141505623112,-39.31700274298979,-44.95239437184968,-59.29014081226197,0,0,0
1,-74.47718610717455,-77.08760460345837,-54.88773842833455,-55.93259439200151,-87.47777173287518,0,0,1
0,-72.22326836809681,-75.01157162698048,-64.09817882057067,-75.5223181662409,-91.452722014268,0,0,0
1,-69.32142339225899,-69.32142339225899,-45.672119745964224,-45.790685913720395,-79.55732341324854,0,1,0
1,-47.37618303792659,-50.22645077642718,-38.42544250201263,-40.27511306395916,-53.41075434518982,0,0,2
0,-64.7974759993278,-69.0807377622047,-68.36194153409808,-65.33845753099506,-85.30605845955722,0,0,0
0,-65.0015508600745,-70.7193037316775,-80.4225412763929,-70.42755669033387,-89.12831324299238,0,0,0
0,-61.98160428654714,-67.5526759645494,-87.33049448333696,-63.06205848586572,-88.18075263154823,0,0,0
1,-53.65889591182065,-57.80018006236288,-52.78873247963542,-52.45393329612575,-66.02977975291155,0,0,1
0,-52.03983437262798,-55.01627162364366,-120.22095832970398,-66.0498200837618,-88.10612187153917,0,0,0
1,-75.43323173447877,-78.43470084337154,-55.781674114416056,-52.64365154221687,-92.16773396880359,0,0,0
0,-65.0015508600745,-70.7193037316775,-80.4225412763929,-70.42755669033387,-89.12831324299238,0,0,0
0,-61.98160428654714,-67.5526759645494,-87.33049448333696,-63.06205848586572,-88.18075263154823,0,0,0
1,-53.65889591182065,-57.80018006236288,-52.78873247963542,-52.46692047004449,-66.02977975291155,0,0,1
0,-52.03983437262798,-55.01627162364366,-120.22095832970398,-52.524518148008156,-88.10612187153917,0,0,0
1,-75.43323173447877,-78.43470084337154,-55.781674114416056,-52.64365154221687,-92.16773396880359,0,0,0
0,-65.0015508600745,-70.7193037316775,-80.4225412763929,-70.42755669033387,-89.12831324299238,0,0,0
0,-49.581904549483994,-54.10336410697411,-70.89882746200588,-53.583795759809355,-70.85155278808575,0,0,0
1,-52.87455565290086,-55.455033427671395,-29.215100033790073,-54.20363837168588,-58.17334976023815,0,1,0
1,-75.43323173447877,-78.43470084337154,-55.781674114416056,-52.64365154221687,-92.16773396880359,0,0,0
0,-65.0015508600745,-70.7193037316775,-80.4225412763929,-70.42755669033387,-89.12831324299238,0,0,0
1,-51.52560213726319,-54.48625531898162,-46.5713316461935,-48.145368015934345,-62.03126572832151,0,0,1
1,-75.43323173447877,-78.43470084337154,-55.781674114416056,-52.64365154221687,-92.16773396880359,0,0,0
0,-66.8157439809167,-69.53202774362691,-64.09817882057067,-64.43253592884291,-82.57946172428817,0,0,1
1,-62.95815641270229,-62.95815641270229,-45.672119745964224,-43.83688026943799,-73.19405643369183,0,0,1
1,-52.40086563945935,-55.10034109743328,-38.04964285799281,-48.87583402881072,-47.33657416683554,2,2,2
0,-66.52318363398194,-70.72182849104824,-49.941060749625855,-61.78072155232321,-78.03976595606999,0,0,1
0,-62.73249882312193,-68.46231319149994,-89.63298166862899,-75.59723431041549,-89.62239332371063,0,0,0
0,-61.959029974701025,-67.39104158035984,-89.63307959264253,-63.27300472306355,-88.84895385249378,0,0,0
1,-53.66994574393724,-57.74937185374032,-39.319595489061314,-54.0431263818372,-62.00008848785591,0,0,1
0,-51.786561211475956,-54.70730095553762,-103.79008548864259,-62.282057904524194,-82.92358685806873,0,0,0
1,-70.60945925998358,-73.61092836887636,-46.57123372217994,-47.11558951945052,-81.11509347383785,0,0,1
0,-62.73249882312193,-68.46231319149994,-89.63298166862899,-77.66651534735075,-89.62239332371063,0,0,0
0,-61.959029974701025,-67.39104158035984,-89.63307959264253,-63.27300472306355,-88.84895385249378,0,0,0
1,-53.66994574393724,-57.74937185374032,-39.319595489061314,-54.0431263818372,-62.00008848785591,0,0,1
0,-51.786561211475956,-54.70730095553762,-103.79008548864259,-62.282057904524194,-82.92358685806873,0,0,0
1,-70.60945925998358,-73.61092836887636,-46.57123372217994,-47.11558951945052,-81.11509347383785,0,0,1
0,-62.73249882312193,-68.46231319149994,-89.63298166862899,-77.66651534735075,-89.62239332371063,0,0,0
0,-49.55933023763788,-53.94786476155262,-64.99480517673726,-50.54340867329868,-69.05777179065906,0,0,0
1,-52.87455565290086,-55.387040348164184,-30.106562350753677,-54.96403748656202,-58.44078845532723,0,1,0
1,-70.60945925998358,-73.61092836887636,-46.57123372217994,-47.11558951945052,-81.11509347383785,0,0,1
0,-62.73249882312193,-68.46231319149994,-89.63298166862899,-77.66651534735075,-89.62239332371063,0,0,0
1,-51.50302782541709,-54.32462093479208,-37.360891253957384,-47.35683032751694,-59.24555929880458,0,0,1
1,-70.60945925998358,-73.61092836887636,-46.57123372217994,-47.11558951945052,-81.11509347383785,0,0,1
0,-64.72227094914396,-67.45362838321937,-66.05429030960308,-59.036444671773246,-84.53855804202489,0,0,0
1,-62.8600396760853,-62.8600396760853,-54.88256013820034,-43.0770543253792,-79.3248077175454,0,0,0
1,-51.390391995594435,-54.35377222718356,-45.67977140521634,-48.71234133026077,-61.6285875143596,0,0,1
0,-67.29133936551845,-71.32496232408899,-68.59614442868676,-62.983958978256275,-87.87018269412448,0,0,0
0,-69.14660787325182,-74.37136530340756,-95.64690126547801,-85.52185260267987,-97.84067825289523,0,0,0
0,-56.22692060258899,-60.77351311199368,-80.42005365634375,-64.77326402752998,-80.35293669949212,0,0,0
1,-46.64005009401005,-49.73858885902425,-39.31700274298979,-45.19659796083289,-54.96941501410726,0,0,1
1,-67.57810691403793,-70.38526996541853,-55.78167411441606,-48.564066835579865,-84.31260914836275,0,0,0
0,-69.14660787325182,-74.37136530340756,-95.64690126547801,-85.52185260267987,-97.84067825289523,0,0,0
0,-56.22692060258899,-60.77351311199368,-80.42005365634375,-64.77326402752998,-80.35293669949212,0,0,0
1,-46.64005009401005,-49.73858885902425,-39.31700274298979,-45.19659796083289,-54.96941501410726,0,0,1
1,-67.57810691403793,-70.38526996541853,-55.78167411441606,-47.69961714873964,-84.31260914836275,0,0,0
0,-69.14660787325182,-74.37136530340756,-95.64690126547801,-85.52185260267987,-97.84067825289523,0,0,0
1,-56.44926942721405,-59.44710432211859,-64.99221243066573,-46.69058702660469,-75.94693315641376,0,0,0
1,-67.57810691403793,-70.38526996541853,-55.78167411441606,-47.69961714873964,-84.31260914836275,0,0,0
0,-64.01312945461478,-66.71437113222504,-82.51905960504288,-61.40426848957433,-88.76884733612765,0,0,0
1,-64.87712009392583,-64.87712009392583,-64.09300053043646,-55.945093196647534,-84.10502025305676,0,0,0
1,-49.58228583103676,-52.4259708342775,-36.46933101298023,-45.839841049717585,-50.125877426531645,1,1,1
0,-67.65194524074313,-71.58656661797319,-65.74857062269074,-62.23214099291118,-83.91078052475063,0,0,1
0,-72.67451008000187,-78.05288907283473,-105.20381527798729,-99.49374671355568,-104.23565466339805,0,0,0
0,-63.1958389967799,-67.62603023141355,-66.64013086366789,-68.409871181845,-79.72214235308054,0,1,0
1,-49.17532063645577,-52.14211393330644,-28.150450861721268,-47.52129682375899,-57.62045589497215,0,0,0
1,-72.6115345476487,-75.32443538667118,-45.67977140521634,-49.09201855167656,-82.84973006641388,0,0,1
0,-72.67451008000187,-78.05288907283473,-105.20381527798729,-99.49374671355568,-104.23565466339805,0,0,0
0,-63.1958389967799,-67.62603023141355,-66.64013086366789,-68.409871181845,-79.72214235308054,0,1,0
1,-49.17532063645577,-52.14211393330644,-28.150450861721268,-47.52129682375899,-57.62045589497215,0,0,0
1,-72.6115345476487,-75.32443538667118,-45.67977140521634,-49.09201855167656,-82.84973006641388,0,0,1
0,-72.67451008000187,-78.05288907283473,-105.20381527798729,-99.49374671355568,-104.23565466339805,0,0,0
1,-62.18832327701696,-65.15190833260861,-37.36089125395738,-50.34704607950374,-69.93085475040445,0,1,0
1,-72.6115345476487,-75.32443538667118,-45.67977140521634,-49.09201855167656,-82.84973006641388,0,0,1
0,-62.675487383470156,-65.47458844117283,-73.30861921280678,-59.038832289510054,-81.20233724451246,0,0,1
1,-62.37695978531713,-62.37695978531713,-36.46167935372811,-42.60432998285712,-62.91825588303638,1,1,1
1,-47.23779642393126,-50.004477547157165,-45.679771405216336,-44.9756428594556,-50.54452013709698,1,1,1
0,-64.68827683998863,-68.3464686089605,-54.89033117440607,-61.85504522283567,-81.15537619231046,0,0,0
0,-65.0015508600745,-69.11107120145127,-77.56990855721628,-69.42411463384894,-88.27252342723938,0,0,0
1,-47.49503998936503,-50.42827294140392,-37.36089125395738,-45.721349907175735,-55.23757146275252,0,1,0
1,-70.77186889508239,-73.20834012584669,-38.42296913289472,-51.001947680189375,-82.29875963495081,0,0,0
0,-65.0015508600745,-69.11107120145127,-77.56990855721628,-69.42411463384894,-88.27252342723938,0,0,0
1,-47.49503998936503,-50.42827294140392,-37.36089125395738,-45.721349907175735,-55.23757146275252,0,1,0
1,-70.77186889508239,-73.20834012584669,-38.42296913289472,-51.001947680189375,-82.29875963495081,0,0,0
0,-66.69392058215864,-69.3368347444934,-91.72949999727898,-60.24561282864625,-94.21277058134234,0,0,0
1,-64.8776843133797,-64.8776843133797,-45.672119745964224,-42.498245647998466,-78.57932023716897,0,0,0
1,-52.189598555697124,-55.22358174649642,-46.571233722179954,-49.26388434223121,-62.69523276955139,0,0,1
0,-68.25448528651556,-72.2079056962259,-48.219152155182115,-61.96339489204848,-79.25449503027048,0,0,1
0,-69.66592076990236,-74.97758094379644,-100.9451186796493,-96.8391539818899,-99.94945637379715,0,0,0
0,-59.25736205225818,-63.907087687199386,-69.25350177507525,-65.6998491665361,-76.56767668198104,0,1,0
1,-49.00660481563709,-52.0440260536575,-28.150450861721268,-46.74598561766143,-50.52026826855402,0,1,1
1,-71.60562010128976,-74.33258060381014,-36.46933101298023,-47.692465568730796,-79.0806835023841,0,0,1
0,-69.66592076990236,-74.97758094379644,-100.9451186796493,-96.8391539818899,-99.94945637379715,0,0,0
0,-59.25736205225818,-63.907087687199386,-69.25350177507525,-65.6998491665361,-76.56767668198104,0,1,0
1,-49.00660481563709,-52.0440260536575,-28.150450861721268,-46.74598561766143,-50.52026826855402,0,1,1
1,-71.60562010128976,-74.33258060381014,-36.46933101298023,-48.98714959011744,-79.0806835023841,0,0,1
0,-69.66592076990236,-74.97758094379644,-100.9451186796493,-96.8391539818899,-99.94945637379715,0,0,0
1,-58.34388531360123,-61.42666953400268,-39.31700274298979,-48.157265718017904,-57.71445288755816,1,2,1
1,-71.60562010128976,-74.33258060381014,-36.46933101298023,-47.692465568730796,-79.0806835023841,0,0,1
0,-64.88133277799885,-67.5825744556091,-73.30861921280678,-73.82280542021728,-86.87391854184088,0,0,0
1,-64.5828051798458,-64.5828051798458,-36.46167935372811,-57.55641058420269,-72.05557308316452,0,1,0
1,-51.98884931542544,-54.88561433600496,-27.25464296448217,-48.55198615942881,-43.68605787474845,2,2,2
0,-63.35465130283605,-67.26472789003205,-68.59614442868676,-58.268560597557844,-83.93349463144207,0,0,0
0,-68.07068071691552,-73.3813160861211,-112.11167056091783,-95.95917949814157,-101.70418188519086,0,0,0
0,-63.195838996779905,-67.6133853358997,-67.7047800357367,-69.47452035391382,-80.04153710470119,0,1,0
1,-49.17532063645577,-52.1305040247218,-27.25898854475766,-45.509942050402444,-57.35301719988307,0,0,0
1,-66.6044735687921,-69.31737440781458,-45.67977140521634,-44.95184081743875,-76.84266908755728,0,1,0
0,-68.07068071691552,-73.3813160861211,-112.11167056091783,-95.95917949814157,-101.70418188519086,0,0,0
0,-63.195838996779905,-67.6133853358997,-67.7047800357367,-69.47452035391382,-80.04153710470119,0,1,0
1,-49.17532063645577,-52.1305040247218,-27.25898854475766,-45.509942050402444,-57.35301719988307,0,0,0
1,-66.6044735687921,-69.31737440781458,-45.67977140521634,-46.11815840405451,-76.84266908755728,0,1,0
0,-68.07068071691552,-73.3813160861211,-112.11167056091783,-95.95917949814157,-101.70418188519086,0,0,0
1,-61.299061435694036,-64.25000159577182,-36.46942893699377,-51.13075000927354,-66.74682867345162,0,2,0
1,-66.6044735687921,-69.31737440781458,-45.67977140521634,-44.95184081743875,-76.84266908755728,0,1,0
0,-62.61528674139383,-65.34664417546924,-93.68561148631142,-73.60241188082645,-90.72097018728725,0,0,0
1,-66.92058850632714,-66.92058850632714,-36.46167935372811,-46.40768376862925,-77.85909231244557,0,0,0
0,-58.80058385201684,-62.00944969591554,-109.45975696655823,-55.99917889220224,-91.63851094198431,0,0,0
1,-51.917182565334066,-55.98218395470933,-51.897172238658264,-49.858093935062,-64.02059833413182,0,1,0
0,-51.624273984305006,-56.82973713075732,-99.214974048623,-56.897806087691116,-72.42996885275164,0,0,5
0,-70.03248622485532,-75.86443517996477,-94.78571187706207,-83.25769148374708,-98.46819978797394,0,0,0
0,-66.09039151330103,-72.37957095986562,-101.6935671599926,-85.53248704311046,-96.59846166129881,0,0,0
0,-55.575360796288294,-61.14942369769385,-98.15042280056775,-58.65733985083508,-85.02048763645863,0,0,0
1,-52.649663213406,-56.614304214123,-50.17536156822807,-53.085728375830676,-64.23653578107469,0,0,1
0,-50.77928698522384,-53.706241225400646,-83.98301033554851,-51.84638766452669,-72.50845418308867,0,1,0
0,-50.28526577412201,-53.12854662528969,-101.83387607559665,-54.22234218825256,-80.835428596801,0,0,0
1,-51.77321522856292,-55.79929922373523,-56.84891603255639,-52.44964046358663,-68.82789003832983,0,0,0
0,-70.03248622485532,-75.86443517996477,-94.78571187706207,-74.75654966336289,-98.46819978797394,0,0,0
0,-66.09039151330103,-72.37957095986562,-101.6935671599926,-85.53248704311046,-96.59846166129881,0,0,0
0,-55.575360796288294,-61.14942369769385,-98.15042280056775,-58.414391003870506,-85.02048763645863,0,0,0
1,-52.649663213406,-56.614304214123,-50.17536156822807,-53.085728375830676,-64.23653578107469,0,0,1
0,-50.77928698522384,-53.706241225400646,-83.98301033554851,-51.84638766452669,-72.50845418308867,0,1,0
1,-50.22376563017775,-53.02812908714249,-47.63588289424875,-43.9216323455546,-61.048794595652645,0,1,0
0,-68.96525060144873,-73.11939565008258,-78.46384424329779,-70.21120137136305,-92.50440387443807,0,0,0
0,-66.09039151330103,-72.37957095986562,-101.6935671599926,-85.53248704311046,-96.59846166129881,0,0,0
0,-55.575360796288294,-61.14942369769385,-98.15042280056775,-56.12943850043085,-85.02048763645863,0,0,0
1,-52.649663213406,-56.614304214123,-50.17536156822807,-53.085728375830676,-64.23653578107469,0,0,1
0,-50.77928698522384,-53.706241225400646,-83.98301033554851,-51.84638766452669,-72.50845418308867,0,1,0
1,-80.57234530985055,-83.50476982027682,-64.99211450665219,-60.082205555213676,-96.60424375904648,0,1,0
0,-66.09039151330103,-72.37957095986562,-101.6935671599926,-85.53248704311046,-96.59846166129881,0,0,0
0,-55.575360796288294,-61.14942369769385,-98.15042280056775,-58.414391003870506,-85.02048763645863,0,0,0
1,-52.649663213406,-56.614304214123,-50.17536156822807,-53.085728375830676,-64.23653578107469,0,0,1
0,-50.77928698522384,-53.706241225400646,-83.98301033554851,-51.84638766452669,-72.50845418308867,0,1,0
1,-80.57234530985055,-83.50476982027682,-64.99211450665219,-58.11864355854176,-96.60424375904648,0,1,0
0,-66.09039151330103,-72.37957095986562,-101.6935671599926,-85.53248704311046,-96.59846166129881,0,0,0
0,-47.65909050508854,-52.175223681121345,-59.38580196046419,-48.664733436286475,-65.4748310932278,0,0,0
1,-50.97796252165765,-53.47599734333266,-76.15876431193425,-51.93403869613236,-70.3598559124382,0,1,0
1,-80.57234530985055,-83.50476982027682,-64.99211450665219,-58.11864355854176,-96.60424375904648,0,1,0
0,-66.09039151330103,-72.37957095986562,-101.6935671599926,-85.53248704311046,-96.59846166129881,0,0,0
1,-47.503404957217654,-50.55293195420846,-37.36089125395738,-44.09537070237317,-58.71167233340486,0,0,0
1,-80.57234530985055,-83.50476982027682,-64.99211450665219,-60.082205555213676,-96.60424375904648,0,1,0
0,-66.65069800111775,-69.99368984790583,-82.52163089817434,-64.15674604612997,-91.40718727057005,0,0,0
1,-58.1189432860896,-58.1189432860896,-64.09300053043646,-40.20577186826902,-77.34684344522054,0,0,0
0,-54.77683220015937,-57.94562460743018,-90.34577899777507,-51.54646424753546,-78.41482999669216,0,0,1
1,-52.1533304338514,-56.319236343663945,-32.41164228211722,-50.78803773143593,-58.41108721568684,0,0,1
0,-54.13539968450947,-59.40687133050286,-117.26430284533735,-58.95040762135138,-89.31469053811068,0,0,0
0,-70.33041554513673,-75.65820640908996,-97.95205766791508,-70.49110213077726,-99.71603284551125,0,0,0
0,-65.5738279715518,-70.45975162632635,-87.01712313717253,-81.04010162863925,-91.67896491270355,0,0,0
1,-48.763068887619674,-51.84295444853358,-36.46942893699377,-45.83774323654595,-49.30668986031863,1,1,1
0,-47.74732467300647,-50.63143792883489,-64.99211450665219,-50.36095053104073,-67.24495902500212,0,0,0
1,-53.88326402851536,-57.962059038629846,-45.682364151287864,-53.45446717933529,-67.58797327390172,0,0,0
0,-70.33041554513673,-75.65820640908996,-97.95205766791508,-70.49110213077726,-99.71603284551125,0,0,0
0,-65.5738279715518,-70.45975162632635,-87.01712313717253,-81.04010162863925,-91.67896491270355,0,0,0
1,-48.763068887619674,-51.84295444853358,-36.46942893699377,-45.83774323654595,-49.30668986031863,1,1,1
1,-45.628335882609186,-48.42533823873955,-49.90926692638512,-38.669210372691296,-55.10805451718417,0,2,0
0,-66.0679206429782,-69.81732508888025,-70.31557965401258,-62.699814680062524,-87.16259453918197,0,0,0
0,-65.5738279715518,-70.45975162632635,-87.01712313717253,-81.04010162863925,-91.67896491270355,0,0,0
1,-48.763068887619674,-51.84295444853358,-36.46942893699377,-45.83774323654595,-49.30668986031863,1,1,1
1,-71.45244770594478,-73.92005949786271,-47.633409525130844,-49.105398705641214,-85.74247056348403,0,0,0
0,-65.5738279715518,-70.45975162632635,-87.01712313717253,-81.04010162863925,-91.67896491270355,0,0,0
1,-48.763068887619674,-51.84295444853358,-36.46942893699377,-45.83774323654595,-49.30668986031863,1,1,1
1,-71.45244770594478,-73.92005949786271,-47.633409525130844,-49.179489659194076,-85.74247056348403,0,0,0
0,-65.9685701719071,-69.2875524121419,-64.99221243066573,-62.63750547571895,-85.46623390110682,0,0,0
1,-60.82049611045093,-60.82049611045093,-64.09300053043646,-41.25654642498156,-80.04839626958187,0,0,0
1,-45.978604574540064,-48.89957570607383,-39.31690481897624,-39.53199705854571,-57.773676020232934,0,0,0
0,-60.75462023962106,-64.89816185438079,-59.38570403645065,-57.8705495024043,-75.10459554775653,0,0,1
0,-61.96654718834258,-67.65725200431474,-89.63298166862901,-70.32526124786966,-88.85644168893128,0,0,0
0,-57.49817484068373,-63.14056975532457,-76.16394260206843,-56.83691869458446,-76.88162171850453,0,1,0
1,-52.24572508533092,-56.41897641700805,-59.38580196046419,-52.5219061593505,-66.59572977067045,0,1,0
0,-47.85435505999958,-50.815750225915295,-83.41309321513793,-48.45809748068204,-69.41254712174124,0,1,0
1,-66.88713228607511,-69.74888124685073,-37.36079332994383,-44.51421787762104,-74.62963438225854,0,0,1
0,-61.96654718834258,-67.65725200431474,-89.63298166862901,-70.32526124786966,-88.85644168893128,0,0,0
0,-57.49817484068373,-63.14056975532457,-76.16394260206843,-57.41173642706093,-76.88162171850453,0,1,0
1,-52.24572508533092,-56.41897641700805,-59.38580196046419,-52.5219061593505,-66.59572977067045,0,1,0
0,-47.85435505999958,-50.815750225915295,-83.41309321513793,-48.45809748068204,-69.41254712174124,0,1,0
1,-66.88713228607511,-69.74888124685073,-37.36079332994383,-44.51421787762104,-74.62963438225854,0,0,1
0,-61.96654718834258,-67.65725200431474,-89.63298166862901,-70.32526124786966,-88.85644168893128,0,0,0
0,-49.581904549483994,-54.239254461298394,-69.25350177507525,-50.59273405443876,-70.35795508200657,0,0,0
1,-49.25572665902603,-51.862036576163405,-46.5713316461935,-51.08902982105027,-63.22712615288408,0,0,0
1,-66.88713228607511,-69.74888124685073,-37.36079332994383,-44.51421787762104,-74.62963438225854,0,0,1
0,-61.96654718834258,-67.65725200431474,-89.63298166862901,-70.32526124786966,-88.85644168893128,0,0,0
1,-52.195328591623095,-55.28573708889774,-36.46942893699377,-46.562520047450896,-52.73894956432205,1,1,1
1,-66.88713228607511,-69.74888124685073,-37.36079332994383,-44.51421787762104,-74.62963438225854,0,0,1
0,-67.21491097255083,-69.93119473526104,-73.30861921280678,-67.17530518016133,-85.74176083359313,0,0,1
1,-66.25784920950184,-66.25784920950184,-54.88256013820035,-49.78550984920129,-79.25688134816222,0,0,1
1,-45.61324234025303,-48.256351203054926,-37.36079332994383,-41.94092737447067,-46.424272630837,1,1,1
0,-61.03539962707708,-65.16061993690568,-60.04296345882558,-62.149461502219076,-79.04828866472477,0,0,0
0,-63.440913085370006,-69.10921717807652,-91.58909315766141,-83.06853367459959,-90.91764103266843,0,0,0
0,-62.591182503932885,-68.32597913614092,-103.99610228054739,-64.73556747878101,-93.7900131880971,0,0,0
0,-64.02768839251999,-69.00369441830748,-73.16831029720275,-60.911404322481026,-82.5124455788811,0,0,1
1,-50.782967530902724,-55.16411866223083,-48.53003588129744,-51.44941479503176,-61.87624239249222,0,0,1
0,-46.327600206088775,-49.142677794434434,-72.81645845428001,-47.09477531968298,-64.70680183957306,0,1,0
1,-69.38434527101532,-72.28310567365396,-55.78167411441606,-45.37117078760974,-82.65311160254042,0,0,1
0,-63.440913085370006,-69.10921717807652,-91.58909315766141,-83.06853367459959,-90.91764103266843,0,0,0
0,-62.591182503932885,-68.32597913614092,-103.99610228054739,-60.82617535343647,-93.7900131880971,0,0,0
0,-64.02768839251999,-69.00369441830748,-73.16831029720275,-62.299161712511584,-82.5124455788811,0,0,1
1,-50.782967530902724,-55.16411866223083,-48.53003588129744,-51.44941479503176,-61.87624239249222,0,0,1
0,-46.327600206088775,-49.142677794434434,-72.81645845428001,-46.312990774913324,-64.70680183957306,0,1,0
1,-69.38434527101532,-72.28310567365396,-55.78167411441606,-45.37117078760974,-82.65311160254042,0,0,1
0,-63.440913085370006,-69.10921717807652,-91.58909315766141,-83.06853367459959,-90.91764103266843,0,0,0
0,-62.591182503932885,-68.32597913614092,-103.99610228054739,-64.73556747878101,-93.7900131880971,0,0,0
1,-53.49573371379506,-57.493638899077446,-61.99917287187154,-54.53223035811096,-72.09548557535652,0,0,0
0,-47.39646092215516,-50.2075746576536,-57.73788352746203,-48.17518733800089,-64.71782598039377,0,0,0
1,-69.38434527101532,-72.28310567365396,-55.78167411441606,-45.37117078760974,-82.65311160254042,0,0,1
0,-63.440913085370006,-69.10921717807652,-91.58909315766141,-83.06853367459959,-90.91764103266843,0,0,0
0,-49.40364468976699,-53.81252004923745,-39.319595489061314,-47.11508136688848,-61.199523336485385,0,0,0
1,-48.89504130927136,-51.32290909872409,-39.3170027429898,-49.70625466405246,-60.690142132168305,0,0,0
1,-69.38434527101532,-72.28310567365396,-55.78167411441606,-45.37117078760974,-82.65311160254042,0,0,1
0,-63.440913085370006,-69.10921717807652,-91.58909315766141,-83.06853367459959,-90.91764103266843,0,0,0
1,-54.2991761530639,-57.138014116704696,-83.41309321513796,-52.69237415618047,-79.32310411760528,0,0,0
1,-69.38434527101532,-72.28310567365396,-55.78167411441606,-45.37117078760974,-82.65311160254042,0,0,1
0,-65.43068521139203,-68.20394638517574,-64.09817882057067,-59.91497991919497,-84.66013885756323,0,0,0
1,-65.39146195840269,-65.39146195840269,-45.672119745964224,-45.5451355519651,-79.09309788219196,0,0,0
0,-56.791657919275075,-59.97086845722458,-103.78998756462904,-53.63717743876427,-87.92865418866378,0,0,0
1,-52.65379797760934,-56.806487339177146,-45.682364151287864,-51.09713067187198,-62.89277132019597,0,0,1
0,-54.205901722412705,-59.49393249693719,-123.47906094395698,-58.4027235252213,-91.2496200055998,0,0,0
0,-68.54352232486049,-73.98891576765986,-62.004231785052134,-66.16663463474782,-87.14479186037613,0,0,0
0,-68.14449615549061,-73.86648054548704,-96.54093487557307,-85.18052306585051,-97.10677661816254,0,0,0
0,-58.81717871386358,-63.36517350465718,-60.043061382839134,-67.27005298314035,-73.3643612259156,0,1,0
1,-48.700904397314574,-51.68491537619676,-29.210852377528134,-46.41109260634096,-50.53268830497356,0,1,1
0,-48.76137922918455,-51.68760868356241,-74.2025548988883,-49.70164163096199,-71.02214569885103,0,0,0
1,-55.29439020235896,-59.41621928163776,-46.57382646825147,-55.047545037873405,-69.2665381428344,0,0,0
0,-68.54352232486049,-73.98891576765986,-62.004231785052134,-66.16663463474782,-87.14479186037613,0,0,0
0,-68.14449615549061,-73.86648054548704,-96.54093487557307,-85.18052306585051,-97.10677661816254,0,0,0
0,-58.81717871386358,-63.36517350465718,-60.043061382839134,-67.27005298314035,-73.3643612259156,0,1,0
1,-48.700904397314574,-51.68491537619676,-29.210852377528134,-46.41109260634096,-50.53268830497356,0,1,1
1,-46.00996773994549,-48.90533691203434,-27.258890620744108,-37.36757137923499,-48.69457348282817,0,2,0
0,-62.20671726855572,-66.08128551067549,-77.80658482092285,-59.70325288330359,-85.54869271483258,0,0,0
0,-68.14449615549061,-73.86648054548704,-96.54093487557307,-85.18052306585051,-97.10677661816254,0,0,0
0,-58.81717871386358,-63.36517350465718,-60.043061382839134,-67.27005298314035,-73.3643612259156,0,1,0
1,-48.700904397314574,-51.68491537619676,-29.210852377528134,-46.41109260634096,-50.53268830497356,0,1,1
1,-71.19815282707162,-73.84626116200145,-37.360793329943824,-49.814470708203444,-82.40639082605477,0,0,0
0,-68.14449615549061,-73.86648054548704,-96.54093487557307,-85.18052306585051,-97.10677661816254,0,0,0
0,-58.81717871386358,-63.36517350465718,-60.043061382839134,-67.27005298314035,-73.3643612259156,0,1,0
1,-48.700904397314574,-51.68491537619676,-29.210852377528134,-46.41109260634096,-50.53268830497356,0,1,1
1,-71.19815282707162,-73.84626116200145,-37.360793329943824,-49.814470708203444,-82.40639082605477,0,0,0
0,-68.14449615549061,-73.86648054548704,-96.54093487557307,-85.18052306585051,-97.10677661816254,0,0,0
1,-60.57456694939914,-63.61656516362172,-38.42554042602619,-50.41177731533232,-68.63649317440728,0,1,0
1,-71.19815282707162,-73.84626116200145,-37.360793329943824,-50.020741800969326,-82.40639082605477,0,0,0
0,-62.45487361994236,-65.66176550897966,-100.94251168264658,-74.26967461665286,-92.73762712473633,0,0,0
1,-62.831508207382925,-62.831508207382925,-36.46167935372811,-45.17936196224748,-70.30427611070164,0,1,0
0,-58.3261492770287,-61.56794128841615,-91.52489005691326,-55.32558608125242,-85.78361629410267,0,0,0
1,-50.91116453839266,-55.10339575065646,-47.63847564032027,-49.71630292508351,-65.20270723048874,0,0,0
0,-53.3039665484721,-58.72677398482429,-100.79953354989753,-57.529837342303075,-83.54382661344135,0,0,0
0,-73.05031982560982,-78.77680327447993,-62.004231785052134,-69.67596856626692,-88.18585345832574,0,0,1
0,-71.80919127060982,-77.6289767386966,-97.95205766791506,-88.80001852639587,-101.19480857098434,0,0,0
0,-56.226920602588976,-60.85178457052316,-77.57247985034773,-67.06244780428412,-79.4986645576933,0,0,0
1,-46.64005009401005,-49.737515898430885,-38.42554042602618,-45.15030230459435,-54.70197631901818,0,0,1
0,-51.87716992203256,-54.842941227106415,-93.68808485542932,-53.11728852085839,-79.98359537866135,0,0,0
1,-55.29439020235896,-59.48423034113804,-48.52993795728388,-55.135969055363184,-69.85337158954412,0,0,0
0,-73.05031982560982,-78.77680327447993,-62.004231785052134,-69.67596856626692,-88.18585345832574,0,0,1
0,-71.80919127060982,-77.6289767386966,-97.95205766791506,-88.80001852639587,-101.19480857098434,0,0,0
0,-56.226920602588976,-60.85178457052316,-77.57247985034773,-65.70330839514193,-79.4986645576933,0,0,0
1,-46.64005009401005,-49.737515898430885,-38.42554042602618,-45.15030230459435,-54.70197631901818,0,0,1
1,-49.12575843279351,-52.08913866438264,-36.46933101298022,-40.1993065394359,-54.57349629334703,0,2,0
0,-66.71351476930504,-70.74713772787557,-77.80658482092286,-62.87613381321245,-86.58975431278218,0,0,1
0,-71.80919127060982,-77.6289767386966,-97.95205766791506,-88.80001852639587,-101.19480857098434,0,0,0
0,-56.226920602588976,-60.85178457052316,-77.57247985034773,-67.06244780428412,-79.4986645576933,0,0,0
1,-46.64005009401005,-49.737515898430885,-38.42554042602618,-45.15030230459435,-54.70197631901818,0,0,1
1,-70.42664524472187,-73.23380829610247,-37.360793329943824,-49.86673566119937,-78.1691473409053,0,0,1
0,-71.80919127060982,-77.6289767386966,-97.95205766791506,-88.80001852639587,-101.19480857098434,0,0,0
0,-56.226920602588976,-60.85178457052316,-77.57247985034773,-65.70330839514193,-79.4986645576933,0,0,0
1,-46.64005009401005,-49.737515898430885,-38.42554042602618,-44.72660724400742,-54.70197631901818,0,0,1
1,-70.42664524472187,-73.23380829610247,-37.360793329943824,-49.89781227946698,-78.1691473409053,0,0,1
0,-71.80919127060982,-77.6289767386966,-97.95205766791506,-88.80001852639587,-101.19480857098434,0,0,0
1,-56.449269427214034,-59.52537578064807,-66.94832391969814,-47.900808811223065,-76.53376660312347,0,0,0
1,-70.42664524472187,-73.23380829610247,-37.360793329943824,-50.731185348039595,-78.1691473409053,0,0,1
0,-66.67571285197278,-69.97198256751408,-100.94251168264658,-78.11437849984586,-96.95846635676675,0,0,0
1,-64.6583530030154,-64.6583530030154,-45.672119745964224,-55.99916027171939,-78.35998892680468,0,0,0
1,-50.06529749846045,-53.05082780211806,-46.57123372217994,-47.042279260677894,-60.57093171231471,0,0,1
0,-66.58768147553184,-70.72236779862214,-74.95901101492686,-61.99088290036135,-89.0753847800099,0,0,0
0,-64.4020818142536,-69.66243996973832,-100.94511867964931,-82.58396643687423,-94.6856174181484,0,0,0
0,-51.84227884229084,-56.3356787235292,-80.42005365634377,-59.863226140765455,-75.96829493919397,0,0,0
1,-45.585113704466565,-48.72286142646971,-40.005852271038776,-43.577777553869765,-54.12113348297847,0,0,1
1,-70.20664664649706,-73.11961243137979,-55.78167411441607,-48.86588639106909,-86.94114888082188,0,0,0
0,-64.4020818142536,-69.66243996973832,-100.94511867964931,-82.58396643687423,-94.6856174181484,0,0,0
0,-51.84227884229084,-56.3356787235292,-80.42005365634377,-59.863226140765455,-75.96829493919397,0,0,0
1,-45.585113704466565,-48.72286142646971,-40.005852271038776,-42.5256112094179,-54.12113348297847,0,0,1
1,-70.20664664649706,-73.11961243137979,-55.78167411441607,-48.86588639106909,-86.94114888082188,0,0,0
0,-64.4020818142536,-69.66243996973832,-100.94511867964931,-82.58396643687423,-94.6856174181484,0,0,0
1,-53.028185239283985,-56.01558854395133,-63.606018062043894,-43.560783179110686,-72.10999065789716,0,0,0
1,-70.20664664649706,-73.11961243137979,-55.78167411441607,-48.86588639106909,-86.94114888082188,0,0,0
0,-62.84153643045565,-65.53577753798164,-100.93994038951512,-76.44341503087868,-93.12351854731018,0,0,0
1,-61.60509542032482,-61.60509542032482,-64.09300053043646,-44.3998968962898,-80.83299557945575,0,0,0
1,-45.182465299317826,-47.81044527329469,-45.679771405216336,-38.046129013353834,-53.39333527754218,0,0,2
0,-56.00337780270898,-60.18603342172584,-75.36379971306161,-55.524551486094076,-78.61251771662747,0,0,0
0,-59.07347109684752,-64.5386949638484,-85.39819932179883,-65.04478467664691,-84.69293089338717,0,0,0
1,-52.014785443598186,-57.576064251724375,-49.42655711144164,-51.56385226819906,-63.37701667423095,0,1,0
0,-59.42856966727881,-64.49721307262516,-91.58919108167497,-70.46651767895838,-86.9053269917813,0,0,0
0,-59.99409915272802,-64.78189997045146,-61.999172871871544,-67.24419777365716,-75.12811511148976,0,1,0
1,-48.89219452997937,-51.74218535579176,-28.150450861721268,-44.86484185815303,-53.87159388569602,0,1,0
1,-60.076134570549385,-62.97699753558212,-56.84632328648487,-40.17454579589719,-77.13003155649484,0,0,0
0,-59.07347109684752,-64.5386949638484,-85.39819932179883,-65.04478467664691,-84.69293089338717,0,0,0
1,-52.014785443598186,-57.576064251724375,-49.42655711144164,-51.56385226819906,-63.37701667423095,0,1,0
0,-59.42856966727881,-64.49721307262516,-91.58919108167497,-70.46651767895838,-86.9053269917813,0,0,0
0,-59.99409915272802,-64.78189997045146,-61.999172871871544,-67.24419777365716,-75.12811511148976,0,1,0
1,-48.89219452997937,-51.74218535579176,-28.150450861721268,-47.411731976303464,-53.87159388569602,0,1,0
1,-60.076134570549385,-62.97699753558212,-56.84632328648487,-40.17454579589719,-77.13003155649484,0,0,0
0,-65.58250370521166,-71.02876014503244,-78.11995616708731,-76.05590830792566,-85.55275465253813,0,0,1
0,-63.96392400833742,-69.40564863563688,-104.30585164911344,-76.60961696911933,-95.25567950307145,0,0,0
0,-59.99409915272802,-64.78189997045146,-61.999172871871544,-67.24419777365716,-75.12811511148976,0,1,0
1,-48.89219452997937,-51.74218535579176,-28.150450861721268,-47.06561342235942,-53.87159388569602,0,1,0
1,-60.076134570549385,-62.97699753558212,-56.84632328648487,-40.17454579589719,-77.13003155649484,0,0,0
0,-65.58250370521166,-71.02876014503244,-78.11995616708731,-76.05590830792566,-85.55275465253813,0,0,1
0,-63.96392400833742,-69.40564863563688,-104.30585164911344,-76.60961696911933,-95.25567950307145,0,0,0
1,-62.513189780099914,-65.74018422205167,-37.36089125395738,-49.84892810378883,-70.25572125348741,0,1,0
1,-60.076134570549385,-62.97699753558212,-56.84632328648487,-40.17454579589719,-77.13003155649484,0,0,0
0,-65.58250370521166,-71.02876014503244,-78.11995616708731,-76.05590830792566,-85.55275465253813,0,0,1
0,-64.18507331233116,-67.01637944334678,-100.94251168264658,-80.70210691889656,-94.46782681712513,0,0,0
1,-67.03351431863585,-69.76348699574642,-45.67977140521634,-60.603223630109454,-77.27170983740103,0,0,1
0,-64.18507331233116,-67.01637944334678,-100.94251168264658,-81.17811463834083,-94.46782681712513,0,0,0
1,-69.36977538483266,-69.36977538483266,-27.25123896149199,-50.16879059327911,-74.07941117048054,0,1,0
0,-55.83445533443989,-59.03917178381828,-100.73533044914939,-56.118546707972314,-86.05505446918471,0,0,0
1,-52.76435673561428,-56.85175491186912,-50.83252306658946,-53.919023669299996,-64.5483777527914,0,1,0
0,-54.24221042272187,-59.5595470067367,-126.09386879094649,-58.73010338008925,-92.07037106000581,0,0,0
0,-68.61251111855654,-74.54068230644938,-92.48312676775649,-70.52959627456244,-96.35744914888349,0,0,0
0,-63.948432461653226,-70.28917049181649,-101.69356715999261,-82.39295047990029,-94.45650260965101,0,0,0
0,-56.873197921096136,-62.55528895602282,-99.90816915694748,-59.78988911218142,-83.37991276538065,0,0,1
1,-52.65542843519829,-56.78683777718404,-50.832620990603004,-52.77334541851818,-64.43947882957947,0,0,1
0,-51.54834156280218,-54.53224162778726,-84.47774238720676,-52.303729480501836,-73.42592837616449,0,1,0
0,-49.64690135500158,-52.50783962406648,-91.9303384990496,-53.11437120616124,-77.22600290471647,0,0,0
1,-54.41390419829455,-58.50573629870566,-64.9947072527237,-53.56923835414023,-73.91231637411167,0,0,0
0,-68.61251111855654,-74.54068230644938,-92.48312676775649,-70.52959627456244,-96.35744914888349,0,0,0
0,-63.948432461653226,-70.28917049181649,-101.69356715999261,-82.39295047990029,-94.45650260965101,0,0,0
0,-56.873197921096136,-62.55528895602282,-99.90816915694748,-59.78988911218142,-83.37991276538065,0,0,1
1,-52.65542843519829,-56.78683777718404,-50.832620990603004,-52.77334541851818,-64.43947882957947,0,0,1
0,-51.54834156280218,-54.53224162778726,-84.47774238720676,-52.303729480501836,-73.42592837616449,0,1,0
1,-47.11309371691369,-49.97846591013485,-64.99211450665219,-40.07004912989525,-66.61072806890934,0,0,0
0,-64.52801455835662,-68.77335218444145,-80.41995573233018,-68.20116466791323,-88.65400127805567,0,0,0
0,-63.948432461653226,-70.28917049181649,-101.69356715999261,-82.39295047990029,-94.45650260965101,0,0,0
0,-56.873197921096136,-62.55528895602282,-99.90816915694748,-57.79262029377807,-83.37991276538065,0,0,1
1,-52.65542843519829,-56.78683777718404,-50.832620990603004,-52.77334541851818,-64.43947882957947,0,0,1
0,-51.54834156280218,-54.53224162778726,-84.47774238720676,-52.303729480501836,-73.42592837616449,0,1,0
1,-72.28118445540706,-75.30006217430194,-55.78167411441606,-51.13792239061961,-89.01568668973188,0,0,0
0,-63.948432461653226,-70.28917049181649,-101.69356715999261,-82.39295047990029,-94.45650260965101,0,0,0
0,-56.873197921096136,-62.55528895602282,-99.90816915694748,-59.78988911218142,-83.37991276538065,0,0,1
1,-52.65542843519829,-56.78683777718404,-50.832620990603004,-52.77334541851818,-64.43947882957947,0,0,1
0,-51.54834156280218,-54.53224162778726,-84.47774238720676,-52.303729480501836,-73.42592837616449,0,1,0
1,-72.28118445540706,-75.30006217430194,-55.78167411441606,-52.50609747101594,-89.01568668973188,0,0,0
0,-63.948432461653226,-70.28917049181649,-101.69356715999261,-82.39295047990029,-94.45650260965101,0,0,0
0,-47.65909050508856,-52.26495313303255,-60.04306138283913,-47.89303440482223,-65.6720089199403,0,0,0
1,-51.26354480618789,-53.84619653367349,-39.3170027429898,-54.83592798151728,-63.05864562908483,0,0,0
1,-72.28118445540706,-75.30006217430194,-55.78167411441606,-51.13792239061961,-89.01568668973188,0,0,0
0,-63.948432461653226,-70.28917049181649,-101.69356715999261,-79.89749824995573,-94.45650260965101,0,0,0
1,-49.602788092867755,-52.6598931063116,-64.99221243066573,-62.170632833222626,-69.10045182206747,0,0,0
1,-72.28118445540706,-75.30006217430194,-55.78167411441606,-52.50609747101594,-89.01568668973188,0,0,0
0,-64.50873894946994,-67.84653502774906,-83.41309321513795,-60.77492964326821,-89.53266691401133,0,0,0
1,-62.339782518120025,-62.339782518120025,-64.09300053043646,-43.97848395703948,-81.56768267725096,0,0,0
0,-58.33979284259499,-61.473076432396695,-91.52489005691325,-54.91631893926797,-82.33152395686925,0,1,0
1,-53.72038505831468,-57.7765828838409,-60.042963458825575,-52.494820497727545,-68.26753819316264,0,0,1
0,-50.068200022874166,-55.2623069927557,-91.58909315766141,-55.056991421994,-74.07919206737286,0,1,0
0,-65.27224279337217,-71.0162949165333,-83.27268637552038,-73.49173472003957,-90.25404870602829,0,0,0
0,-63.81683976190963,-70.09070638732123,-92.48312676775649,-81.19556016373991,-91.56177779223657,0,0,0
0,-55.51082867846645,-61.06695905921127,-82.37875068943885,-57.523443818467975,-76.75871798249838,0,1,0
1,-50.70018465686424,-54.68205288060071,-59.38580196046419,-50.50877093129366,-68.5159252450035,0,0,0
0,-47.29523556439047,-50.19189164095035,-83.41309321513795,-46.06518755084143,-68.85342762613213,0,1,0
0,-49.4387672457309,-52.273244533049535,-101.83387607559665,-53.54948661612929,-79.9889300684099,0,0,0
1,-48.75145677810921,-52.773647410680134,-55.784266860487584,-48.66332848370562,-65.48673683625549,0,0,0
0,-65.27224279337217,-71.0162949165333,-83.27268637552038,-75.35692929357486,-90.25404870602829,0,0,0
0,-63.81683976190963,-70.09070638732123,-92.48312676775649,-81.19556016373991,-91.56177779223657,0,0,0
0,-55.51082867846645,-61.06695905921127,-82.37875068943885,-58.63618716122074,-76.75871798249838,0,1,0
1,-50.70018465686424,-54.68205288060071,-59.38580196046419,-50.50877093129366,-68.5159252450035,0,0,0
0,-47.29523556439047,-50.19189164095035,-83.41309321513795,-46.06518755084143,-68.85342762613213,0,1,0
1,-47.78835388645081,-50.588823980814155,-27.258890620744108,-40.274081498196026,-52.50028516987431,0,1,0
0,-65.08586696014555,-69.21482228907759,-71.2095153400941,-62.13841476903301,-86.44872156217377,0,0,0
0,-63.81683976190963,-70.09070638732123,-92.48312676775649,-81.19556016373991,-91.56177779223657,0,0,0
0,-55.51082867846645,-61.06695905921127,-82.37875068943885,-57.523443818467975,-76.75871798249838,0,1,0
1,-50.70018465686424,-54.68205288060071,-59.38580196046419,-50.50877093129366,-68.5159252450035,0,0,0
0,-47.29523556439047,-50.19189164095035,-83.41309321513795,-46.06518755084143,-68.85342762613213,0,1,0
1,-70.50306754861836,-73.41030233934282,-47.63588289424875,-48.40160945595396,-84.79383241689298,0,0,0
0,-63.81683976190963,-70.09070638732123,-92.48312676775649,-81.19556016373991,-91.56177779223657,0,0,0
0,-55.51082867846645,-61.06695905921127,-82.37875068943885,-55.816307076726545,-76.75871798249838,0,1,0
1,-50.70018465686424,-54.68205288060071,-59.38580196046419,-50.50877093129366,-68.5159252450035,0,0,0
0,-47.29523556439047,-50.19189164095035,-83.41309321513795,-46.06518755084143,-68.85342762613213,0,1,0
1,-70.50306754861836,-73.41030233934282,-47.63588289424875,-48.37848422461699,-84.79383241689298,0,0,0
0,-63.81683976190963,-70.09070638732123,-92.48312676775649,-81.19556016373991,-91.56177779223657,0,0,0
0,-48.213591002338944,-52.715481705913206,-69.25350177507524,-49.01744840880548,-68.98964153486152,0,0,0
1,-47.35598302747655,-49.87124507217102,-37.360891253957384,-48.18832541374242,-55.098514500864034,0,0,1
1,-70.50306754861836,-73.41030233934282,-47.63588289424875,-48.40160945595396,-84.79383241689298,0,0,0
0,-63.81683976190963,-70.09070638732123,-92.48312676775649,-81.19556016373991,-91.56177779223657,0,0,0
1,-50.157288590118156,-53.192573114650415,-128.77219799200762,-95.47044379038314,-88.78894798772043,0,0,0
1,-70.50306754861836,-73.41030233934282,-47.63588289424875,-48.40160945595396,-84.79383241689298,0,0,0
0,-71.35890261161555,-74.67240784726312,-73.31119050593824,-67.06418718008315,-93.35225976339702,0,0,0
1,-69.46570609829926,-69.46570609829926,-54.88256013820034,-50.69110282160254,-85.93047413975937,0,0,0
1,-47.9895732220082,-50.9075321789518,-47.83424802690144,-45.330856310336614,-58.8741117272789,0,0,1
0,-62.917934414756445,-67.06894836474746,-61.99907494785799,-63.64028173797397,-78.05192099631412,0,0,1
0,-60.113727774651565,-65.90580429770955,-98.84342206086514,-69.52458934470317,-89.76675439291111,0,0,0
0,-55.40830811021475,-61.1284406077919,-73.16831029720275,-58.05509692360839,-73.89306529657586,0,1,0
1,-52.07969679662635,-56.24574012894205,-43.5782920873993,-51.309368762428996,-54.75597671444696,1,1,1
0,-49.64859793125271,-52.617455911137824,-84.47774238720675,-49.636458236735436,-71.52618474461501,0,1,0
1,-68.66042520011675,-71.52964649612365,-46.57123372217994,-48.30878581169456,-82.63179531677073,0,0,0
0,-60.113727774651565,-65.90580429770955,-98.84342206086514,-69.52458934470317,-89.76675439291111,0,0,0
0,-55.40830811021475,-61.1284406077919,-73.16831029720275,-58.05509692360839,-73.89306529657586,0,1,0
1,-52.07969679662635,-56.24574012894205,-43.5782920873993,-51.309368762428996,-54.75597671444696,1,1,1
0,-49.64859793125271,-52.617455911137824,-84.47774238720675,-49.636458236735436,-71.52618474461501,0,1,0
1,-68.66042520011675,-71.52964649612365,-46.57123372217994,-48.30878581169456,-82.63179531677073,0,0,0
0,-60.113727774651565,-65.90580429770955,-98.84342206086514,-69.52458934470317,-89.76675439291111,0,0,0
0,-47.65909050508854,-52.32546148763325,-56.84901395656994,-47.27869687818519,-64.71379469205952,0,0,0
1,-49.363801174638404,-51.969038131182415,-28.150450861721268,-52.667059698598976,-54.343200530355055,0,0,1
1,-68.66042520011675,-71.52964649612365,-46.57123372217994,-48.30878581169456,-82.63179531677073,0,0,0
0,-60.113727774651565,-65.90580429770955,-98.84342206086514,-69.52458934470317,-89.76675439291111,0,0,0
1,-50.272514547227644,-53.37807915400066,-38.42554042602618,-44.70032227000715,-58.33444077223577,0,1,0
1,-68.66042520011675,-71.52964649612365,-46.57123372217994,-48.30878581169456,-82.63179531677073,0,0,0
0,-65.96102433952535,-68.74932759840902,-73.30861921280678,-64.49438893764953,-84.48787420056766,0,0,1
1,-63.624700454057106,-63.624700454057106,-64.09300053043646,-46.29725317015995,-72.45539290478887,1,1,1
1,-51.78651639840285,-54.736174806846456,-39.31690481897624,-48.72275500749622,-53.18438013569654,1,1,1
0,-72.89979557974884,-77.04392864122966,-70.89872953799234,-66.28973809191574,-94.16941444114654,0,0,0
0,-69.01190993373534,-74.34341144379104,-95.64690126547802,-85.53789048962102,-97.70598031337875,0,0,0
0,-52.362538306046766,-56.847010109344765,-87.67438255954745,-60.50725391172815,-78.664853073911,0,0,0
1,-45.89081412278907,-48.992416687161466,-39.31700274298979,-43.76609459671391,-47.28870723728683,1,1,1
1,-77.59037094144438,-80.53732825475169,-57.73778560344847,-53.86626908322826,-94.91170662247892,0,0,0
0,-69.01190993373534,-74.34341144379104,-95.64690126547802,-85.53789048962102,-97.70598031337875,0,0,0
0,-52.362538306046766,-56.847010109344765,-87.67438255954745,-60.50725391172815,-78.664853073911,0,0,0
1,-45.89081412278907,-48.992416687161466,-39.31700274298979,-43.76609459671391,-47.28870723728683,1,1,1
1,-77.59037094144438,-80.53732825475169,-57.73778560344847,-53.86626908322826,-94.91170662247892,0,0,0
0,-69.01190993373534,-74.34341144379104,-95.64690126547802,-85.53789048962102,-97.70598031337875,0,0,0
1,-53.02818523928398,-55.96389942808183,-63.606018062043894,-43.43679928766456,-72.10999065789714,0,0,0
1,-77.59037094144438,-80.53732825475169,-57.73778560344847,-53.86626908322826,-94.91170662247892,0,0,0
0,-68.55796806415267,-71.26863294724585,-82.51905960504288,-78.42662543237087,-93.31368594566554,0,0,0
1,-63.06587066541475,-63.06587066541475,-45.67211974596422,-44.0172167166997,-73.3017706864043,0,1,0
0,-57.892622893007385,-61.12494996184965,-101.14077889128572,-54.60795853109544,-88.2348565603931,0,0,0
1,-51.15255927091376,-55.305962638121414,-40.73062035738974,-50.05256113786406,-63.37174537813068,0,0,0
0,-51.76515623591755,-56.990293673060755,-126.47474323757349,-56.59176303038488,-89.7075792071896,0,0,0
0,-66.4328475979762,-72.16677051761127,-100.802104843029,-73.08285871834875,-93.20774314808519,0,0,1
0,-63.93372242670192,-70.21347958678825,-83.27268637552037,-85.58033430814356,-88.91552833935803,0,0,0
0,-61.94291700876751,-67.95506167985945,-94.78566188831128,-60.232711942535666,-90.3786155752609,0,0,0
0,-56.472376150829476,-61.61071720514568,-62.001758415934226,-57.42245512644154,-71.60716777281003,0,0,1
1,-45.949007726384934,-50.41211751023705,-51.40253811101359,-46.42692933698395,-50.972561451289835,1,1,1
0,-48.61502227137594,-51.44734471398741,-101.83397399961017,-49.355446163217024,-79.16521447125899,0,0,0
0,-50.88026309434207,-53.7518738075656,-73.31109258192468,-54.543796431622155,-72.87359086891948,0,0,0
1,-53.26566103989771,-57.298121841162,-28.152945683779233,-52.53983070911665,-51.314337036632296,1,1,1
0,-66.4328475979762,-72.16677051761127,-100.802104843029,-73.08285871834875,-93.20774314808519,0,0,1
0,-63.93372242670192,-70.21347958678825,-83.27268637552037,-85.58033430814356,-88.91552833935803,0,0,0
0,-61.94291700876751,-67.95506167985945,-94.78566188831128,-60.232711942535666,-90.3786155752609,0,0,0
0,-56.472376150829476,-61.61071720514568,-62.001758415934226,-57.42245512644154,-71.60716777281003,0,0,1
1,-45.949007726384934,-50.41211751023705,-51.40253811101359,-46.42692933698395,-50.972561451289835,1,1,1
0,-48.61502227137594,-51.44734471398741,-101.83397399961017,-49.355446163217024,-79.16521447125899,0,0,0
1,-47.1109327136778,-49.86160086095798,-63.605895140843224,-39.592855283741656,-66.19270125593076,0,0,0
0,-61.854968799985826,-65.94373969924229,-77.57238192633419,-67.60407709435614,-81.66094747508636,0,0,1
0,-63.93372242670192,-70.21347958678825,-83.27268637552037,-85.58033430814356,-88.91552833935803,0,0,0
0,-61.94291700876751,-67.95506167985945,-94.78566188831128,-60.752956531927886,-90.3786155752609,0,0,0
0,-56.472376150829476,-61.61071720514568,-62.001758415934226,-57.42245512644154,-71.60716777281003,0,0,1
1,-45.949007726384934,-50.41211751023705,-51.40253811101359,-46.42692933698395,-50.972561451289835,1,1,1
0,-48.61502227137594,-51.44734471398741,-101.83397399961017,-49.355446163217024,-79.16521447125899,0,0,0
1,-68.78710452026978,-71.59408276554213,-56.846323286484875,-48.05142186429926,-82.37526560341551,0,0,1
0,-63.93372242670192,-70.21347958678825,-83.27268637552037,-85.58033430814356,-88.91552833935803,0,0,0
0,-61.94291700876751,-67.95506167985945,-94.78566188831128,-60.232711942535666,-90.3786155752609,0,0,0
0,-56.472376150829476,-61.61071720514568,-62.001758415934226,-57.42245512644154,-71.60716777281003,0,0,1
1,-45.949007726384934,-50.41211751023705,-51.40253811101359,-46.42692933698395,-50.972561451289835,1,1,1
0,-48.61502227137594,-51.44734471398741,-101.83397399961017,-48.71097371210131,-79.16521447125899,0,0,0
1,-68.78710452026978,-71.59408276554213,-56.846323286484875,-48.05142186429926,-82.37526560341551,0,0,1
0,-63.93372242670192,-70.21347958678825,-83.27268637552037,-85.58033430814356,-88.91552833935803,0,0,0
0,-61.94291700876751,-67.95506167985945,-94.78566188831128,-60.73162837331847,-90.3786155752609,0,0,0
1,-56.05483148417325,-60.14356041797731,-80.42005365634377,-71.55732534925448,-80.18084758107638,0,0,0
0,-50.351313594114565,-53.25361700219499,-94.57964509640647,-55.69847498203777,-68.32799941463733,0,0,7
1,-68.78710452026978,-71.59408276554213,-56.846323286484875,-48.05142186429926,-82.37526560341551,0,0,1
0,-63.93372242670192,-70.21347958678825,-83.27268637552037,-85.58033430814356,-88.91552833935803,0,0,0
0,-49.98071949886351,-54.61148903079037,-40.964921175991954,-47.96321308362259,-62.27019585166109,0,0,0
1,-49.89108433175824,-52.419006889790616,-37.36089125395738,-50.675615730917286,-61.09935170794546,0,0,0
1,-68.78710452026978,-71.59408276554213,-56.846323286484875,-48.05142186429926,-82.37526560341551,0,0,1
0,-63.93372242670192,-70.21347958678825,-83.27268637552037,-85.58033430814356,-88.91552833935803,0,0,0
1,-53.02733803550244,-56.097301191657614,-48.527443135225916,-51.726758038305725,-67.58557097607022,0,0,0
1,-68.78710452026978,-71.59408276554213,-56.846323286484875,-48.05142186429926,-82.37526560341551,0,0,1
0,-65.92349455272397,-69.29774648025132,-57.73788352746203,-62.26130576867499,-79.77912370816286,0,0,1
1,-65.49047487027278,-65.49047487027278,-45.672119745964224,-45.99249415823044,-75.72637489126232,0,0,1
1,-47.38154882170229,-50.021060334642456,-37.360793329943824,-45.388148970959364,-48.19257911228625,1,1,1
0,-62.364862407771895,-66.59102882563289,-60.37766351243514,-61.16697122582868,-80.47816146150244,0,0,0
0,-61.372243225499865,-66.72604079246057,-89.63298166862901,-73.3978290639893,-88.26213772608857,0,0,0
1,-50.87227418431226,-56.56158332857952,-88.2244301694185,-51.23043828334869,-77.33960323513782,0,0,0
0,-58.57321286950957,-63.469765411473595,-115.3082892803185,-72.07108036272277,-93.16569965360512,0,0,0
0,-54.61600996641528,-59.34121449344817,-89.63049404857988,-62.70780196225755,-81.50515818098924,0,0,0
1,-46.05952994360776,-49.04948434681563,-39.31700274298979,-44.046439771469586,-57.8546307665047,0,0,0
1,-67.04514104976147,-70.04958692941489,-46.57123372217995,-44.699223407063485,-81.01651116641546,0,0,0
0,-61.372243225499865,-66.72604079246057,-89.63298166862901,-73.3978290639893,-88.26213772608857,0,0,0
1,-50.87227418431226,-56.56158332857952,-88.2244301694185,-53.464055609870044,-77.33960323513782,0,0,0
0,-58.57321286950957,-63.469765411473595,-115.3082892803185,-72.04469548863558,-93.16569965360512,0,0,0
0,-54.61600996641528,-59.34121449344817,-89.63049404857988,-62.70780196225755,-81.50515818098924,0,0,0
1,-46.05952994360776,-49.04948434681563,-39.31700274298979,-44.046439771469586,-57.8546307665047,0,0,0
1,-67.04514104976147,-70.04958692941489,-46.57123372217995,-44.699223407063485,-81.01651116641546,0,0,0
0,-72.67464557065072,-78.20298297591667,-80.42254127639288,-83.08381490818502,-96.80140795356859,0,0,0
0,-65.1823033539171,-70.45380104717113,-96.88740849584627,-74.9420450123538,-94.24852590267099,0,0,0
0,-54.61600996641528,-59.34121449344817,-89.63049404857988,-62.70780196225755,-81.50515818098924,0,0,0
1,-46.05952994360776,-49.04948434681563,-39.31700274298979,-42.19262021238002,-57.8546307665047,0,0,0
1,-67.04514104976147,-70.04958692941489,-46.57123372217995,-44.699223407063485,-81.01651116641546,0,0,0
0,-72.67464557065072,-78.20298297591667,-80.42254127639288,-83.08381490818502,-96.80140795356859,0,0,0
0,-65.1823033539171,-70.45380104717113,-96.88740849584627,-74.9420450123538,-94.24852590267099,0,0,0
1,-57.45288059656768,-60.617278747828884,-47.635980818262304,-45.12365045080756,-71.74367484204637,0,0,0
1,-67.04514104976147,-70.04958692941489,-46.57123372217995,-44.699223407063485,-81.01651116641546,0,0,0
0,-72.67464557065072,-78.20298297591667,-80.42254127639288,-83.08381490818502,-96.80140795356859,0,0,0
0,-70.07784651092723,-72.88173241226332,-83.41309321513795,-83.03308898202111,-95.10177447546862,0,0,0
1,-70.86617216966656,-73.75159541259774,-64.10065218968857,-66.59703080159507,-90.09636782657313,0,0,0
0,-70.07784651092723,-72.88173241226332,-83.41309321513795,-82.99157945296902,-95.10177447546862,0,0,0
1,-68.55586122994822,-68.55586122994822,-64.09300053043646,-49.35806817168406,-87.78376138907916,0,0,0
1,-51.98884931542544,-54.99143967886638,-28.146105281445774,-48.66223082894876,-43.953496569837526,2,2,2
0,-72.0599349258528,-76.2759883929212,-69.25340385106169,-67.08439373432739,-92.8359560811713,0,0,0
0,-67.76753396626478,-73.5068140590348,-82.3786527654253,-84.92666290658362,-92.48112979589237,0,0,0
0,-57.3311221546102,-63.44921856348444,-74.06224598328427,-59.58415391593278,-79.54979594959548,0,0,0
1,-53.58263312772695,-59.004191696627345,-74.06224598328427,-61.59539197348684,-75.80130692271223,0,0,0
0,-59.098668944128725,-64.81254168622436,-108.9478960631963,-69.21621557825634,-91.7830377630876,0,0,0
0,-65.99459564229271,-71.53195881293927,-108.05396037711476,-76.55473802920022,-98.41078375542713,0,0,0
0,-59.99409915272802,-64.91894778558722,-61.999172871871544,-67.21749280546169,-75.12811511148976,0,1,0
1,-48.89219452997937,-51.84318805151421,-28.150450861721268,-46.11020753071627,-53.87159388569602,0,1,0
1,-74.33552491003752,-77.3544026289324,-46.57123372217995,-52.22913289841706,-88.3068950266915,0,0,0
0,-67.76753396626478,-73.5068140590348,-82.3786527654253,-84.92666290658362,-92.48112979589237,0,0,0
0,-57.3311221546102,-63.44921856348444,-74.06224598328427,-59.58415391593278,-79.54979594959548,0,0,0
1,-53.58263312772695,-59.004191696627345,-74.06224598328427,-61.03885981373659,-75.80130692271223,0,0,0
0,-59.098668944128725,-64.81254168622436,-108.9478960631963,-70.96226852781167,-91.7830377630876,0,0,0
0,-65.99459564229271,-71.53195881293927,-108.05396037711476,-76.37540104559777,-98.41078375542713,0,0,0
0,-59.99409915272802,-64.91894778558722,-61.999172871871544,-67.21749280546169,-75.12811511148976,0,1,0
1,-48.89219452997937,-51.84318805151421,-28.150450861721268,-43.90943596650988,-53.87159388569602,0,1,0
1,-74.33552491003752,-77.3544026289324,-46.57123372217995,-52.22913289841706,-88.3068950266915,0,0,0
0,-67.76753396626478,-73.5068140590348,-82.3786527654253,-84.92666290658362,-92.48112979589237,0,0,0
0,-51.28164729718027,-57.123331638376484,-78.12252746021876,-52.4420951265033,-74.71840553524589,0,0,0
1,-57.45749964198511,-62.84804202243385,-54.74990288184844,-59.60868866082607,-73.88247050653965,0,0,0
0,-65.99459564229271,-71.53195881293927,-108.05396037711476,-76.55473802920022,-98.41078375542713,0,0,0
0,-59.99409915272802,-64.91894778558722,-61.999172871871544,-67.21749280546169,-75.12811511148976,0,1,0
1,-48.89219452997937,-51.84318805151421,-28.150450861721268,-46.11020753071627,-53.87159388569602,0,1,0
1,-74.33552491003752,-77.3544026289324,-46.57123372217995,-52.22913289841706,-88.3068950266915,0,0,0
0,-67.76753396626478,-73.5068140590348,-82.3786527654253,-84.92666290658362,-92.48112979589237,0,0,0
1,-52.57614443255963,-58.38681258530419,-41.627239511547494,-49.90077906395609,-65.06431628602388,0,0,0
0,-59.70391148793265,-64.97489968755467,-110.0100718661472,-73.16397140635924,-92.7069330477768,0,0,0
0,-59.99409915272802,-64.91894778558722,-61.999172871871544,-67.21749280546169,-75.12811511148976,0,1,0
1,-48.89219452997937,-51.84318805151421,-28.150450861721268,-46.11020753071627,-53.87159388569602,0,1,0
1,-74.33552491003752,-77.3544026289324,-46.57123372217995,-52.22913289841706,-88.3068950266915,0,0,0
0,-70.41462650578718,-75.87595661697314,-66.0619419688552,-73.69538462601562,-90.23320909644374,0,0,0
0,-61.37837775241001,-67.06949172432785,-105.75137526780921,-71.51513784924296,-93.10379033275277,0,0,0
0,-59.99409915272802,-64.91894778558722,-61.999172871871544,-67.21749280546169,-75.12811511148976,0,1,0
1,-48.89219452997937,-51.84318805151421,-28.150450861721268,-46.11020753071627,-53.87159388569602,0,1,0
1,-74.33552491003752,-77.3544026289324,-46.57123372217995,-52.22913289841706,-88.3068950266915,0,0,0
0,-70.41462650578718,-75.87595661697314,-66.0619419688552,-73.69538462601562,-90.23320909644374,0,0,0
0,-61.37837775241001,-67.06949172432785,-105.75137526780921,-70.41604663838702,-93.10379033275277,0,0,0
1,-60.60794058316363,-63.971982840251144,-39.3170027429898,-46.44243761606638,-62.00583369766139,1,1,1
1,-74.33552491003752,-77.3544026289324,-46.57123372217995,-52.22913289841706,-88.3068950266915,0,0,0
0,-70.41462650578718,-75.87595661697314,-66.0619419688552,-73.69538462601562,-90.23320909644374,0,0,0
0,-66.97912036728866,-70.05981584292266,-74.20265282290184,-68.47144134252304,-85.77418031135949,0,0,1
1,-66.49815507442715,-69.22812775153771,-45.679771405216336,-54.569032516179355,-80.20208649599205,0,0,0
0,-66.97912036728866,-70.05981584292266,-74.20265282290184,-68.47144134252304,-85.77418031135949,0,0,1
1,-74.74936869571756,-74.74936869571756,-36.46167935372811,-54.87007143065573,-82.22213659903628,0,0,1
1,-44.37515246046177,-46.99463865302275,-55.08857693010515,-40.70275448326577,-57.435989636693584,0,1,0
0,-61.03539962707708,-65.08539882401445,-59.409618287958445,-62.46998790395379,-78.85828511346462,0,0,0
0,-63.440913085370006,-69.13188474947992,-89.632981668629,-83.32900759844094,-90.33080758595871,0,0,0
0,-61.36584219967099,-67.2432772028795,-94.78566188831128,-63.65175333967985,-89.80154076616438,0,0,0
1,-53.04579877994692,-58.295985568500164,-60.61702324421796,-57.27926597118736,-71.23090575321231,0,0,0
0,-54.1158738734993,-59.81534235640218,-118.15833645543242,-71.22300182814604,-89.56337481012902,0,0,0
0,-62.71170280017849,-67.9607129817797,-110.0100718661472,-71.41587442957878,-95.71472436002264,0,0,0
0,-55.19871864599843,-59.94090700271037,-71.20961326410766,-61.81587429731054,-76.56160262523073,0,0,0
1,-46.440103599821555,-49.482101814044135,-39.31700274298979,-43.22913281166058,-51.303732617119046,0,1,1
1,-67.50834125801798,-70.33188054776541,-39.31690481897624,-44.71076315306852,-75.83767680091113,0,0,1
0,-63.440913085370006,-69.13188474947992,-89.632981668629,-83.32900759844094,-90.33080758595871,0,0,0
0,-61.36584219967099,-67.2432772028795,-94.78566188831128,-63.65175333967985,-89.80154076616438,0,0,0
1,-53.04579877994692,-58.295985568500164,-60.61702324421796,-57.27926597118736,-71.23090575321231,0,0,0
0,-54.1158738734993,-59.81534235640218,-118.15833645543242,-71.22300182814604,-89.56337481012902,0,0,0
0,-62.71170280017849,-67.9607129817797,-110.0100718661472,-71.41587442957878,-95.71472436002264,0,0,0
0,-55.19871864599843,-59.94090700271037,-71.20961326410766,-61.81587429731054,-76.56160262523073,0,0,0
1,-46.440103599821555,-49.482101814044135,-39.31700274298979,-43.22913281166058,-51.303732617119046,0,1,1
1,-67.50834125801798,-70.33188054776541,-39.31690481897624,-44.71076315306852,-75.83767680091113,0,0,1
0,-63.440913085370006,-69.13188474947992,-89.632981668629,-81.25121339346872,-90.33080758595871,0,0,0
0,-51.757582269549104,-57.38945507327399,-81.31657488648797,-54.51633282084434,-76.1525547354955,0,0,0
1,-57.44945541980765,-62.75305837597293,-71.21467217728825,-59.04786666577908,-78.81385707299413,0,0,0
0,-62.71170280017849,-67.9607129817797,-110.0100718661472,-71.41587442957878,-95.71472436002264,0,0,0
0,-55.19871864599843,-59.94090700271037,-71.20961326410766,-61.81587429731054,-76.56160262523073,0,0,0
1,-46.440103599821555,-49.482101814044135,-39.31700274298979,-45.40759939565148,-51.303732617119046,0,1,1
1,-67.50834125801798,-70.33188054776541,-39.31690481897624,-44.71076315306852,-75.83767680091113,0,0,1
0,-63.440913085370006,-69.13188474947992,-89.632981668629,-83.32900759844094,-90.33080758595871,0,0,0
1,-50.902945304487815,-56.58823427582474,-67.84743789591387,-46.087435310260894,-67.79144077046226,0,1,0
0,-56.57962607119955,-61.46008836326153,-116.57130358503998,-104.08586458284547,-91.55101714671154,0,0,0
0,-55.19871864599843,-59.94090700271037,-71.20961326410766,-61.81587429731054,-76.56160262523073,0,0,0
1,-46.440103599821555,-49.482101814044135,-39.31700274298979,-45.40759939565148,-51.303732617119046,0,1,1
1,-67.50834125801798,-70.33188054776541,-39.31690481897624,-44.71076315306852,-75.83767680091113,0,0,1
0,-69.0438388951865,-74.66355107666634,-76.1638446780549,-76.21927193429532,-91.89299229860296,0,0,0
0,-60.421822018521624,-65.68397032575524,-114.80784021456313,-103.30992122116061,-94.86417408289057,0,0,0
0,-55.19871864599843,-59.94090700271037,-71.20961326410766,-61.81587429731054,-76.56160262523073,0,0,0
1,-46.440103599821555,-49.482101814044135,-39.31700274298979,-45.40759939565148,-51.303732617119046,0,1,1
1,-67.50834125801798,-70.33188054776541,-39.31690481897624,-44.71076315306852,-75.83767680091113,0,0,1
0,-69.0438388951865,-74.66355107666634,-76.1638446780549,-76.21927193429532,-91.89299229860296,0,0,0
0,-60.421822018521624,-65.68397032575524,-114.80784021456313,-106.26837501456818,-94.86417408289057,0,0,0
1,-56.70954315957493,-59.94573493971585,-54.89030972146601,-43.75730085919475,-73.17663607601473,0,0,0
1,-67.50834125801798,-70.33188054776541,-39.31690481897624,-44.71076315306852,-75.83767680091113,0,0,1
0,-69.0438388951865,-74.66355107666634,-76.1638446780549,-76.21927193429532,-91.89299229860296,0,0,0
0,-64.34883905522197,-67.18767701886277,-108.76069818645742,-104.5679983852604,-96.9770485111592,0,0,0
1,-69.18029260292441,-72.02674361062053,-64.99211450665219,-63.573848078687824,-88.67792695492007,0,0,0
0,-64.34883905522197,-67.18767701886277,-108.76069818645742,-101.39811661799982,-96.9770485111592,0,0,0
1,-68.17607293249438,-68.17607293249438,-73.30344092267255,-64.34295362368823,-86.70136930649642,0,1,0
1,-45.730691958700426,-48.32468040425271,-46.57123372217995,-42.51220337259617,-56.23632617255468,0,0,1
0,-60.28964306069241,-63.99474605826936,-68.35946816498017,-58.66974015224439,-80.79748351018647,0,0,0
0,-62.951366897394045,-67.32983413204317,-86.78034894945239,-69.36795206716187,-88.98547158222976,0,0,0
1,-47.472465677518926,-50.37083757893965,-30.10019028060189,-45.619643199920546,-42.63957915050059,1,3,1
1,-67.3324512118995,-69.75576155549231,-45.677298036098435,-44.517975958869364,-77.56990471992931,0,0,1
0,-62.951366897394045,-67.32983413204317,-86.78034894945239,-69.36795206716187,-88.98547158222976,0,0,0
1,-47.472465677518926,-50.37083757893965,-30.10019028060189,-45.619643199920546,-42.63957915050059,1,3,1
1,-67.3324512118995,-69.75576155549231,-45.677298036098435,-44.517975958869364,-77.56990471992931,0,0,1
0,-64.2803192362344,-67.15278989431252,-73.30861921280678,-60.272946741170124,-82.80716909727671,0,0,1
1,-62.06474202233709,-62.06474202233709,-36.46167935372811,-41.7720115984506,-62.60603812005634,1,1,1
0,-56.42764310946993,-59.72734176484801,-100.73533044914939,-53.75267049748738,-86.64824224421474,0,0,0
1,-56.31373798311515,-60.556890023336464,-57.74037834951999,-58.939995890338736,-73.63585148797115,0,0,0
0,-58.050195579825164,-63.53614316141813,-90.69763084069781,-84.29385389218928,-81.79374892923478,0,0,1
0,-72.68771176761787,-78.34208236844697,-70.15002300521945,-68.78458612442107,-93.7327186691837,0,0,0
0,-72.32850416726036,-78.69832141586289,-105.75384863692709,-100.72320805014472,-104.05465875833849,0,0,0
0,-58.13476590567782,-64.34235988792565,-63.96034327408455,-65.41030455975383,-73.85713298510346,0,1,0
0,-55.81652909678896,-61.47446392816381,-73.16831029720275,-56.69964658205727,-77.76702218594978,0,0,0
1,-51.54118307550104,-55.756856675258796,-50.83262099060301,-51.70911661066514,-63.325233469882214,0,1,0
0,-50.1385167811594,-53.22543653095298,-92.62353360737406,-50.312061554224925,-77.92557686337162,0,0,0
0,-49.642173214550816,-52.658865347582186,-83.41299529112442,-52.099860741232916,-74.66607180188814,0,0,0
1,-55.074059129843036,-59.33450222783228,-48.52993795728388,-54.58149323484505,-69.6330405170282,0,0,0
0,-72.68771176761787,-78.34208236844697,-70.15002300521945,-68.78458612442107,-93.7327186691837,0,0,0
0,-72.32850416726036,-78.69832141586289,-105.75384863692709,-100.72320805014472,-104.05465875833849,0,0,0
0,-58.13476590567782,-64.34235988792565,-63.96034327408455,-65.41030455975383,-73.85713298510346,0,1,0
0,-55.81652909678896,-61.47446392816381,-73.16831029720275,-57.861698427584614,-77.76702218594978,0,0,0
1,-51.54118307550104,-55.756856675258796,-50.83262099060301,-51.70911661066514,-63.325233469882214,0,1,0
0,-50.1385167811594,-53.22543653095298,-92.62353360737406,-50.312061554224925,-77.92557686337162,0,0,0
1,-50.49559349100527,-53.52957668180457,-55.78167411441607,-42.420251076035555,-63.76435982253037,0,0,1
0,-70.97618478724168,-74.94772182626275,-85.06091372412656,-65.1597860921881,-96.49445890447964,0,0,0
0,-72.32850416726036,-78.69832141586289,-105.75384863692709,-100.72320805014472,-104.05465875833849,0,0,0
0,-58.13476590567782,-64.34235988792565,-63.96034327408455,-65.41030455975383,-73.85713298510346,0,1,0
0,-55.81652909678896,-61.47446392816381,-73.16831029720275,-56.69964658205727,-77.76702218594978,0,0,0
1,-51.54118307550104,-55.756856675258796,-50.83262099060301,-51.70911661066514,-63.325233469882214,0,1,0
0,-50.1385167811594,-53.22543653095298,-92.62353360737406,-50.312061554224925,-77.92557686337162,0,0,0
1,-74.45415843197372,-77.19923556380486,-37.360793329943824,-51.80937713615942,-82.19666052815715,0,1,0
0,-72.32850416726036,-78.69832141586289,-105.75384863692709,-100.72320805014472,-104.05465875833849,0,0,0
0,-58.13476590567782,-64.34235988792565,-63.96034327408455,-65.41030455975383,-73.85713298510346,0,1,0
0,-55.81652909678896,-61.47446392816381,-73.16831029720275,-56.69964658205727,-77.76702218594978,0,0,0
1,-51.54118307550104,-55.756856675258796,-50.83262099060301,-51.70911661066514,-63.325233469882214,0,1,0
0,-50.1385167811594,-53.22543653095298,-92.62353360737406,-50.312061554224925,-77.92557686337162,0,0,0
1,-74.45415843197372,-77.19923556380486,-37.360793329943824,-52.33180605833694,-82.19666052815715,0,1,0
0,-72.32850416726036,-78.69832141586289,-105.75384863692709,-100.72320805014472,-104.05465875833849,0,0,0
0,-58.13476590567782,-64.34235988792565,-63.96034327408455,-65.41030455975383,-73.85713298510346,0,1,0
0,-49.382165708236606,-53.990488419099314,-77.80668274493642,-56.956024161752985,-72.72417053171753,0,0,0
1,-51.205283584267356,-53.86015080825342,-37.36089125395738,-52.838719093763174,-58.94781505765484,0,0,1
1,-74.45415843197372,-77.19923556380486,-37.360793329943824,-53.48229587298044,-82.19666052815715,0,1,0
0,-72.32850416726036,-78.69832141586289,-105.75384863692709,-100.72320805014472,-104.05465875833849,0,0,0
0,-58.13476590567782,-64.34235988792565,-63.96034327408455,-65.35729178189628,-73.85713298510346,0,1,0
1,-48.39718216295527,-51.444698498046286,-36.46942893699378,-43.2993897513438,-59.3380108440534,0,0,0
1,-74.45415843197372,-77.19923556380486,-37.360793329943824,-52.33180605833694,-82.19666052815715,0,1,0
0,-72.32850416726036,-78.69832141586289,-105.75384863692709,-100.72320805014472,-104.05465875833849,0,0,0
1,-58.465708712359266,-61.672229754434575,-39.3170027429898,-52.208530498805224,-59.86360182685702,1,1,1
1,-74.45415843197372,-77.19923556380486,-37.360793329943824,-51.80937713615942,-82.19666052815715,0,1,0
0,-68.17854933567328,-71.54760549469167,-100.94251168264657,-66.76973486608765,-98.46130284046725,0,0,0
1,-60.04748757962619,-60.04748757962619,-54.88256013820035,-46.502194882349485,-76.5122556210863,0,0,0
0,-57.226849669572594,-60.436519663942775,-101.14077889128572,-54.075100128313565,-87.5690833369583,0,0,0
1,-52.549474297247535,-56.59602186147301,-48.52993795728388,-54.560998866554144,-67.1084556844327,0,0,0
0,-52.492026623784646,-57.54110779985521,-88.93988448431809,-59.44075966886903,-79.17399196908008,0,0,0
0,-63.94809225669292,-69.24662318635573,-90.69772876471136,-66.74656205937305,-87.6916749833066,0,0,1
0,-61.706735708935284,-66.4321742567663,-77.80668274493642,-66.59788636820721,-85.04874053241622,0,0,0
1,-48.64865860196196,-51.62808918898598,-30.106562350753677,-43.693703080545205,-57.68062730718806,0,0,0
0,-45.55823074974743,-48.40760256579939,-82.5215329741608,-48.02374233197761,-70.31469064199567,0,0,0
1,-53.021244516361705,-56.91012097327538,-57.74037834951999,-51.636884366032334,-64.85029657787716,0,0,2
0,-63.94809225669292,-69.24662318635573,-90.69772876471136,-67.38843495551815,-87.6916749833066,0,0,1
0,-61.706735708935284,-66.4321742567663,-77.80668274493642,-66.59788636820721,-85.04874053241622,0,0,0
1,-48.64865860196196,-51.62808918898598,-30.106562350753677,-45.894091581756804,-57.68062730718806,0,0,0
1,-51.17467557481597,-53.86637628355613,-37.36079332994383,-44.015182707608346,-58.91717767099939,0,1,0
0,-65.12857635814596,-68.7490624499123,-66.56747092601123,-59.61043409346102,-85.09881763594933,0,0,0
0,-61.706735708935284,-66.4321742567663,-77.80668274493642,-66.59788636820721,-85.04874053241622,0,0,0
1,-48.64865860196196,-51.62808918898598,-30.106562350753677,-45.894091581756804,-57.68062730718806,0,0,0
1,-69.24296219534445,-71.66627253893728,-54.88773842833455,-48.65116098300792,-85.7092837238448,0,0,0
0,-61.706735708935284,-66.4321742567663,-77.80668274493642,-66.59788636820721,-85.04874053241622,0,0,0
1,-48.64865860196196,-51.62808918898598,-30.106562350753677,-45.894091581756804,-57.68062730718806,0,0,0
1,-69.24296219534445,-71.66627253893728,-54.88773842833455,-48.65116098300792,-85.7092837238448,0,0,0
0,-60.208970912412276,-63.42841288367228,-64.99221243066573,-46.08805975696895,-79.706634641612,0,0,0
1,-59.876034187267464,-59.876034187267464,-54.88256013820034,-38.99480124297616,-76.34080222872757,0,0,0
0,-57.7022003927781,-60.93357427348686,-112.10896563990156,-54.07541609320998,-91.33489008474857,0,0,0
1,-54.58735895371525,-58.70868367671451,-64.10324493576009,-53.05368938973071,-73.81833243444328,0,0,0
0,-54.513411700802806,-59.789013292557925,-117.26430284533737,-72.50297461357589,-89.69270255440401,0,0,0
0,-69.0182395956361,-74.4943898278877,-90.45445326508096,-71.56146644676228,-96.1545755751604,0,0,0
0,-66.32074141941685,-71.2531680687291,-89.63049404857988,-80.23016829415867,-93.20988963399081,0,0,0
1,-48.931784708438364,-52.04577840856372,-38.74073854961454,-45.609201764019595,-60.55400627332273,0,0,0
0,-49.62502548606323,-52.519890301872536,-81.82843578984989,-51.315825264009206,-74.1735562230182,0,0,0
1,-53.88326402851536,-57.93336113666676,-48.219152155182115,-53.511340840444504,-68.34900967507,0,0,0
0,-69.0182395956361,-74.4943898278877,-90.45445326508096,-71.56146644676228,-96.1545755751604,0,0,0
0,-66.32074141941685,-71.2531680687291,-89.63049404857988,-80.23016829415867,-93.20988963399081,0,0,0
1,-48.931784708438364,-52.04577840856372,-38.74073854961454,-45.609201764019595,-60.55400627332273,0,0,0
1,-46.87361399682418,-49.69725119778563,-37.36079332994383,-38.44767666439783,-51.15038019020788,0,3,0
0,-64.70937474285577,-68.49522859932996,-70.31557965401258,-60.85234764940341,-85.80404863905954,0,0,0
0,-66.32074141941685,-71.2531680687291,-89.63049404857988,-77.19686773316135,-93.20988963399081,0,0,0
1,-48.931784708438364,-52.04577840856372,-38.74073854961454,-45.609201764019595,-60.55400627332273,0,0,0
1,-73.4377660440037,-75.99715999328794,-46.94031234081992,-52.51339204546556,-87.51985974624967,0,0,0
0,-66.32074141941685,-71.2531680687291,-89.63049404857988,-80.23016829415867,-93.20988963399081,0,0,0
1,-48.931784708438364,-52.04577840856372,-38.74073854961454,-45.609201764019595,-60.55400627332273,0,0,0
1,-73.4377660440037,-75.99715999328794,-46.94031234081992,-50.906565432566424,-87.51985974624967,0,0,0
0,-65.73218279734324,-69.1038030708838,-64.99221243066573,-62.668362568788105,-81.76411062374324,0,0,1
1,-64.88800764880932,-64.88800764880932,-64.09300053043646,-44.20846253653363,-80.65017190514054,0,1,0
1,-50.85977591811236,-53.783833605894856,-57.73778560344847,-48.814183374794915,-68.1811115991469,0,0,0
0,-67.77366966786937,-71.81654224133682,-58.49424171948704,-63.773475727002676,-81.85620628091576,0,0,1
0,-63.88963816571827,-69.5802582809684,-77.57496747039687,-81.26654485317924,-87.16212840683733,0,0,0
0,-56.87914222561149,-62.87889291129791,-74.06224598328427,-56.40618963987737,-75.63208011779705,0,1,0
0,-55.45923900254479,-60.583328985793855,-62.001758415934226,-57.623176682093636,-70.59403062452533,0,0,1
1,-50.60433149381513,-55.01242044794383,-64.10334285977365,-49.17043677816509,-66.3695984489475,0,0,1
0,-47.09449870941193,-49.898406421884566,-92.62353360737406,-47.26795062742159,-74.88155879162414,0,0,0
1,-68.89689057643439,-71.71804261169426,-46.571233722179954,-46.146513603928256,-79.40252479028865,0,0,1
0,-63.88963816571827,-69.5802582809684,-77.57496747039687,-81.26654485317924,-87.16212840683733,0,0,0
0,-56.87914222561149,-62.87889291129791,-74.06224598328427,-56.64443444466595,-75.63208011779705,0,1,0
0,-55.45923900254479,-60.583328985793855,-62.001758415934226,-56.009246559496994,-70.59403062452533,0,0,1
1,-50.60433149381513,-55.01242044794383,-64.10334285977365,-49.17043677816509,-66.3695984489475,0,0,1
0,-47.09449870941193,-49.898406421884566,-92.62353360737406,-47.26795062742159,-74.88155879162414,0,0,0
1,-68.89689057643439,-71.71804261169426,-46.571233722179954,-46.146513603928256,-79.40252479028865,0,0,1
0,-63.88963816571827,-69.5802582809684,-77.57496747039687,-78.35090092394492,-87.16212840683733,0,0,0
0,-56.87914222561149,-62.87889291129791,-74.06224598328427,-56.40618963987737,-75.63208011779705,0,1,0
1,-49.780772369297765,-53.903173960076764,-52.78873247963542,-49.894204917890754,-62.15165621038866,0,1,0
0,-48.030714094633474,-50.93280647219116,-91.03897410609956,-48.22103399918598,-71.87667042366361,0,0,1
1,-68.89689057643439,-71.71804261169426,-46.571233722179954,-46.146513603928256,-79.40252479028865,0,0,1
0,-63.88963816571827,-69.5802582809684,-77.57496747039687,-81.26654485317924,-87.16212840683733,0,0,0
0,-49.426219001613106,-54.04824730196892,-51.89727016267181,-46.9057123561643,-64.99540005041464,0,0,0
1,-49.891084331758236,-52.50748934596622,-36.46942893699377,-50.8205672119435,-60.83191301285637,0,0,0
1,-68.89689057643439,-71.71804261169426,-46.571233722179954,-46.146513603928256,-79.40252479028865,0,0,1
0,-63.88963816571827,-69.5802582809684,-77.57496747039687,-81.26654485317924,-87.16212840683733,0,0,0
1,-52.47283753825202,-55.58886926203682,-48.527443135225916,-51.79164161900523,-67.0310704788198,0,0,0
1,-68.89689057643439,-71.71804261169426,-46.571233722179954,-46.146513603928256,-79.40252479028865,0,0,1
0,-65.47787485084065,-68.26058105089508,-82.51905960504287,-63.72671261264979,-90.23359273235351,0,0,0
1,-61.04278302726946,-61.04278302726946,-54.88256013820034,-43.64177523148585,-77.50755106872955,0,0,0
0,-55.91995588342373,-58.824020678163826,-91.52489005691326,-52.02125761850893,-83.3774229004977,0,0,0
0,-67.99430847237011,-72.36024160130202,-85.37169952622833,-68.42802014278354,-90.14008242743888,0,1,0
1,-55.291966216395,-60.44573144921141,-50.83510861065215,-55.62363691071638,-70.54249879959065,0,0,0
0,-49.93816301102296,-55.471729179232355,-124.71956817432522,-51.05484072337239,-87.35403346332052,0,0,0
0,-66.53875661527128,-72.2872781101759,-83.27268637552038,-68.96342277508289,-91.5205625279274,0,0,0
0,-64.21969500936646,-70.45300574010739,-98.84599335399656,-84.4196798614401,-93.87349301556543,0,0,0
0,-56.64472487816242,-62.285952851716466,-76.16394260206845,-58.803933326494665,-76.02817175598324,0,0,1
1,-49.92868587562046,-53.98559607794387,-39.319595489061314,-48.92877773627306,-58.25882861953912,0,0,1
0,-53.76769540632565,-56.58715723606484,-131.42140666535093,-55.521813939674516,-93.19411740593092,0,0,0
0,-55.91995588342373,-58.824020678163826,-91.52489005691326,-51.82127598321703,-83.3774229004977,0,0,0
1,-54.842034415897594,-58.84221753416021,-76.16125913399222,-56.83517629107921,-77.69041215609526,0,0,0
0,-50.97846256232577,-56.082746339658755,-90.0045336563869,-57.05709577619967,-74.51408675644211,0,0,1
0,-66.53875661527128,-72.2872781101759,-83.27268637552038,-71.22781335986947,-91.5205625279274,0,0,0
0,-64.21969500936646,-70.45300574010739,-98.84599335399656,-84.4196798614401,-93.87349301556543,0,0,0
0,-56.64472487816242,-62.285952851716466,-76.16394260206845,-57.3104981067764,-76.02817175598324,0,0,1
1,-49.92868587562046,-53.98559607794387,-39.319595489061314,-48.92877773627306,-58.25882861953912,0,0,1
0,-53.76769540632565,-56.58715723606484,-131.42140666535093,-55.521813939674516,-93.19411740593092,0,0,0
0,-44.53889894499786,-47.34190631508696,-64.10065218968857,-43.24486116491809,-63.76909460190443,0,0,0
1,-50.35212710684869,-54.30282876962788,-57.74037834952,-53.026264004149155,-67.67424061170469,0,0,0
0,-66.53875661527128,-72.2872781101759,-83.27268637552038,-75.50032058800264,-91.5205625279274,0,0,0
0,-64.21969500936646,-70.45300574010739,-98.84599335399656,-81.75181899918203,-93.87349301556543,0,0,0
0,-56.64472487816242,-62.285952851716466,-76.16394260206845,-57.3104981067764,-76.02817175598324,0,0,1
1,-49.92868587562046,-53.98559607794387,-39.319595489061314,-48.92877773627306,-58.25882861953912,0,0,1
0,-53.76769540632565,-56.58715723606484,-131.42140666535093,-55.521813939674516,-93.19411740593092,0,0,0
1,-50.5885382645662,-53.34206417917188,-37.36079332994383,-52.768928811396776,-58.331040360749626,0,1,0
0,-69.3839136754305,-73.4440158124614,-69.25340385106169,-51.28404477443227,-86.69419892794929,0,0,1
0,-64.21969500936646,-70.45300574010739,-98.84599335399656,-84.4196798614401,-93.87349301556543,0,0,0
0,-56.64472487816242,-62.285952851716466,-76.16394260206845,-57.3104981067764,-76.02817175598324,0,0,1
1,-49.92868587562046,-53.98559607794387,-39.319595489061314,-48.92877773627306,-58.25882861953912,0,0,1
0,-53.76769540632565,-56.58715723606484,-131.42140666535093,-67.31150005381376,-93.19411740593092,0,0,0
1,-70.52923725656757,-73.39216364542494,-57.73778560344847,-49.224316924988074,-87.85057293760211,0,0,0
0,-64.21969500936646,-70.45300574010739,-98.84599335399656,-84.4196798614401,-93.87349301556543,0,0,0
0,-56.64472487816242,-62.285952851716466,-76.16394260206845,-57.3104981067764,-76.02817175598324,0,0,1
1,-49.92868587562046,-53.98559607794387,-39.319595489061314,-48.92877773627306,-58.25882861953912,0,0,1
0,-53.76769540632565,-56.58715723606484,-131.42140666535093,-55.521813939674516,-93.19411740593092,0,0,0
1,-70.52923725656757,-73.39216364542494,-57.73778560344847,-49.224316924988074,-87.85057293760211,0,0,0
0,-64.21969500936646,-70.45300574010739,-98.84599335399656,-84.4196798614401,-93.87349301556543,0,0,0
0,-48.71533467280308,-53.28448363389474,-87.67438255954744,-49.68314728829855,-75.01764944066731,0,0,0
1,-54.516474309588126,-57.02462689741139,-64.99221243066573,-53.731157773855315,-74.01413803878785,0,0,0
1,-70.52923725656757,-73.39216364542494,-57.73778560344847,-49.224316924988074,-87.85057293760211,0,0,0
0,-64.21969500936646,-70.45300574010739,-98.84599335399656,-84.4196798614401,-93.87349301556543,0,0,0
1,-50.65903226058228,-53.67942360717379,-120.25485478408241,-94.77461115087509,-86.73548869580699,0,0,0
1,-70.52923725656757,-73.39216364542494,-57.73778560344847,-49.224316924988074,-87.85057293760211,0,0,0
0,-64.33306198874268,-67.6291719113573,-74.20265282290183,-60.07217728446135,-86.59385783561324,0,0,0
1,-61.61369302261036,-61.61369302261036,-64.09300053043646,-42.92729145421458,-80.8415931817413,0,0,0
1,-46.793476146030805,-49.52414909000602,-35.77623382866931,-43.598637413304274,-54.06061039183187,0,0,1
0,-60.42614807772698,-64.65174501515185,-66.15335932082552,-57.400410778538124,-80.27215587397464,0,0,0
0,-61.12365505952798,-66.8132234391916,-80.75724133000247,-71.92483183312677,-85.35082745852871,0,0,0
1,-49.57038065062834,-55.48674290321998,-54.74990288184843,-49.7191827857696,-62.52961561238313,0,1,0
0,-57.83400283133559,-62.95769619954694,-107.36086319280389,-71.29029173965216,-90.04226178917676,0,0,0
0,-57.23207356458759,-62.12164981372313,-77.80668274493641,-64.25279620252259,-80.57407838806851,0,0,0
1,-46.05952994360776,-49.11040829470199,-39.31700274298979,-42.26453906386523,-47.45742305810552,1,1,1
1,-69.36404780250697,-72.30785208594773,-64.99211450665219,-50.4488081076123,-88.86168215450263,0,0,0
0,-61.12365505952798,-66.8132234391916,-80.75724133000247,-71.92483183312677,-85.35082745852871,0,0,0
1,-49.57038065062834,-55.48674290321998,-54.74990288184843,-46.35697713615652,-62.52961561238313,0,1,0
0,-57.83400283133559,-62.95769619954694,-107.36086319280389,-71.29029173965216,-90.04226178917676,0,0,0
0,-57.23207356458759,-62.12164981372313,-77.80668274493641,-64.25279620252259,-80.57407838806851,0,0,0
1,-46.05952994360776,-49.11040829470199,-39.31700274298979,-44.27544318947574,-47.45742305810552,1,1,1
1,-69.36404780250697,-72.30785208594773,-64.99211450665219,-50.4488081076123,-88.86168215450263,0,0,0
0,-66.3310617287896,-72.12651681075535,-78.11995616708732,-65.29038474393738,-89.7670485789158,0,0,0
0,-63.0181867781331,-68.59805001623909,-117.26440076935091,-89.39395108222004,-98.19750700893837,0,0,0
0,-57.23207356458759,-62.12164981372313,-77.80668274493641,-64.25279620252259,-80.57407838806851,0,0,0
1,-46.05952994360776,-49.11040829470199,-39.31700274298979,-44.118358622954794,-47.45742305810552,1,1,1
1,-69.36404780250697,-72.30785208594773,-64.99211450665219,-50.4488081076123,-88.86168215450263,0,0,0
0,-66.3310617287896,-72.12651681075535,-78.11995616708732,-65.29038474393738,-89.7670485789158,0,0,0
0,-63.0181867781331,-68.59805001623909,-117.26440076935091,-89.39395108222004,-98.19750700893837,0,0,0
1,-60.06894419473999,-63.38848304804588,-37.360891253957384,-46.9569566146417,-71.27721157092721,0,0,0
1,-69.36404780250697,-72.30785208594773,-64.99211450665219,-50.4488081076123,-88.86168215450263,0,0,0
0,-66.3310617287896,-72.12651681075535,-78.11995616708732,-65.29038474393738,-89.7670485789158,0,0,0
0,-62.590992424504776,-65.56797539556057,-91.73207129041047,-94.27395276246015,-90.11061381162791,0,0,0
1,-68.39272126055718,-71.33210054209303,-66.9482259956846,-58.7248479787397,-88.47718905926256,0,0,0
0,-62.590992424504776,-65.56797539556057,-91.73207129041047,-94.27395276246015,-90.11061381162791,0,0,0
1,-66.4017532972087,-66.4017532972087,-54.88256013820034,-62.851047544650775,-82.8665213386688,0,0,0
1,-48.303949152028515,-51.16344642890336,-46.57123372217995,-45.56667622265517,-51.87811156028332,1,1,1
0,-64.94710607322892,-68.84808781200182,-70.00726722102873,-61.69987408023632,-85.94928623953754,0,0,0
0,-69.9771875727128,-75.33881692735406,-105.2038152779873,-104.1529840331745,-101.53833215610898,0,0,0
0,-60.274219200862724,-64.82123402030135,-76.16135705800576,-68.086303952306,-79.65689041546473,0,1,0
1,-49.17532063645577,-52.126433371015644,-29.215100033790073,-47.47840530538317,-54.474114743793066,0,1,0
1,-72.94624423723015,-75.6207660688131,-45.67977140521634,-48.76245516443932,-86.65017565879505,0,0,0
0,-69.9771875727128,-75.33881692735406,-105.2038152779873,-104.1529840331745,-101.53833215610898,0,0,0
0,-60.274219200862724,-64.82123402030135,-76.16135705800576,-68.086303952306,-79.65689041546473,0,1,0
1,-49.17532063645577,-52.126433371015644,-29.215100033790073,-45.497262111626675,-54.474114743793066,0,1,0
1,-72.94624423723015,-75.6207660688131,-45.67977140521634,-49.82775866795545,-86.65017565879505,0,0,0
0,-69.9771875727128,-75.33881692735406,-105.2038152779873,-104.1529840331745,-101.53833215610898,0,0,0
1,-58.94892347831928,-61.925900901928244,-46.5713316461935,-49.417513965624444,-62.52311526377815,1,1,1
1,-72.94624423723015,-75.6207660688131,-45.67977140521634,-48.76245516443932,-86.65017565879505,0,0,0
0,-65.36629669078917,-68.17607032537984,-73.30861921280679,-61.932665557372104,-87.35888245463121,0,0,0
1,-61.77193729484396,-61.77193729484396,-45.672119745964224,-42.41245505108551,-72.0078373158335,0,1,0
0,-57.0289766361287,-60.219562454914566,-101.1407788912857,-54.05493673206504,-87.3712103035144,0,0,0
1,-52.1533304338514,-56.35700619486916,-32.41164228211722,-50.8522849172094,-58.41108721568684,0,0,1
0,-58.29969289368741,-63.552683612913114,-117.26430284533735,-66.04872400063766,-93.47898374728861,0,0,0
0,-73.67972614539126,-79.56784705022862,-89.63555296176045,-73.23963936108198,-100.57039203391939,0,0,0
0,-65.02480371072237,-71.11515674484782,-88.24834442092629,-83.40532416932533,-91.49930703700025,0,0,0
1,-55.31976523170283,-61.16393903687582,-54.74990288184844,-57.21534470536702,-71.74473609625736,0,0,0
0,-62.39396079338304,-67.48135960074379,-109.31697468183629,-70.81885571795652,-95.18905319793393,0,0,0
0,-57.475531795427806,-62.23987200847553,-77.80668274493642,-64.96966520869636,-80.81753661890873,0,0,0
1,-46.80876591482872,-49.77983584305295,-40.69685003864695,-46.44329010258454,-59.0178209264228,0,0,0
0,-51.166288837500865,-54.0881719445345,-94.57954717239294,-52.9811628479754,-79.54015298921874,0,0,0
1,-58.82664615423864,-62.95372583991288,-50.175263644214525,-57.64622441626577,-70.41348934470328,0,0,1
0,-73.67972614539126,-79.56784705022862,-89.63555296176045,-73.83763243960775,-100.57039203391939,0,0,0
0,-65.02480371072237,-71.11515674484782,-88.24834442092629,-83.40532416932533,-91.49930703700025,0,0,0
1,-55.31976523170283,-61.16393903687582,-54.74990288184844,-58.833555162179394,-71.74473609625736,0,0,0
0,-62.39396079338304,-67.48135960074379,-109.31697468183629,-74.62924512399306,-95.18905319793393,0,0,0
0,-57.475531795427806,-62.23987200847553,-77.80668274493642,-64.96966520869636,-80.81753661890873,0,0,0
1,-46.80876591482872,-49.77983584305295,-40.69685003864695,-46.44329010258454,-59.0178209264228,0,0,0
1,-48.28201575947816,-51.12730279116828,-47.834248026901435,-41.12616795001849,-59.16655426474886,0,1,0
0,-64.88997446883936,-69.2549786429181,-86.12556289619535,-65.03999318823871,-90.72764333769796,0,0,0
0,-65.02480371072237,-71.11515674484782,-88.24834442092629,-83.40532416932533,-91.49930703700025,0,0,0
1,-55.31976523170283,-61.16393903687582,-54.74990288184844,-55.14129074615383,-71.74473609625736,0,0,0
0,-62.39396079338304,-67.48135960074379,-109.31697468183629,-74.62924512399306,-95.18905319793393,0,0,0
0,-57.475531795427806,-62.23987200847553,-77.80668274493642,-64.96966520869636,-80.81753661890873,0,0,0
1,-46.80876591482872,-49.77983584305295,-40.69685003864695,-46.44329010258454,-59.0178209264228,0,0,0
1,-77.06400822768212,-80.14721974777675,-57.73778560344847,-54.731425676739356,-94.38534390871666,0,0,0
0,-65.02480371072237,-71.11515674484782,-88.24834442092629,-83.40532416932533,-91.49930703700025,0,0,0
1,-55.31976523170283,-61.16393903687582,-54.74990288184844,-58.833555162179394,-71.74473609625736,0,0,0
0,-62.39396079338304,-67.48135960074379,-109.31697468183629,-74.62924512399306,-95.18905319793393,0,0,0
0,-57.475531795427806,-62.23987200847553,-77.80668274493642,-64.96966520869636,-80.81753661890873,0,0,0
1,-46.80876591482872,-49.77983584305295,-40.69685003864695,-46.44329010258454,-59.0178209264228,0,0,0
1,-77.06400822768212,-80.14721974777675,-57.73778560344847,-56.061622987282625,-94.38534390871666,0,0,0
0,-69.94796462778903,-76.03409583612375,-81.31657488648797,-81.65033052679452,-90.87720119093571,0,0,1
0,-62.493333072582054,-68.0243920183652,-95.09541125687734,-72.58429801592324,-91.02195644964526,0,0,0
0,-57.475531795427806,-62.23987200847553,-77.80668274493642,-64.96966520869636,-80.81753661890873,0,0,0
1,-46.80876591482872,-49.77983584305295,-40.69685003864695,-46.44329010258454,-59.0178209264228,0,0,0
1,-77.06400822768212,-80.14721974777675,-57.73778560344847,-56.061622987282625,-94.38534390871666,0,0,0
0,-69.94796462778903,-76.03409583612375,-81.31657488648797,-81.65033052679452,-90.87720119093571,0,0,1
0,-62.493333072582054,-68.0243920183652,-95.09541125687734,-72.58429801592324,-91.02195644964526,0,0,0
1,-61.847441836490724,-65.14517587049644,-46.57133164619349,-48.51704167303022,-75.81884133034877,0,0,0
1,-77.06400822768212,-80.14721974777675,-57.73778560344847,-56.061622987282625,-94.38534390871666,0,0,0
0,-69.94796462778903,-76.03409583612375,-81.31657488648797,-81.65033052679452,-90.87720119093571,0,0,1
0,-66.41184935222519,-69.46095123729519,-94.57964509640648,-82.76544060084548,-94.78574288114713,0,0,0
1,-63.41104141301068,-66.20611333311366,-57.73778560344847,-51.11864927460728,-77.2666411912455,0,0,1
0,-66.41184935222519,-69.46095123729519,-94.57964509640648,-82.76544060084548,-94.78574288114713,0,0,0
1,-75.06442485167042,-75.06442485167042,-73.30344092267254,-67.3825802752837,-93.58972122567246,0,1,0
1,-48.795657349813865,-51.5659358229015,-39.31690481897624,-46.03140523195627,-50.193521087107555,1,1,1
0,-62.80803864512606,-66.8549512858147,-70.31805302313049,-63.137514869283564,-83.9034545520652,0,0,0
0,-62.03296665976427,-67.72728165393262,-78.46642978736048,-69.36366491621084,-85.57289559597241,0,0,0
0,-60.04267727621817,-65.62590717059508,-106.97998874617689,-62.44821128297675,-92.13667390007123,0,0,0
1,-53.42506829444895,-57.488634540862535,-29.217692779861594,-53.34214887544057,-51.79316842000824,1,1,1
0,-51.897786227394604,-54.80650120955538,-103.7900854886426,-50.63636762220689,-83.03481187398738,0,0,0
1,-66.73494669543621,-69.5553994289349,-47.63588289424875,-42.957880343865504,-81.02571156371083,0,0,0
0,-62.03296665976427,-67.72728165393262,-78.46642978736048,-73.08449871099147,-85.57289559597241,0,0,0
0,-60.04267727621817,-65.62590717059508,-106.97998874617689,-62.44821128297675,-92.13667390007123,0,0,0
1,-53.42506829444895,-57.488634540862535,-29.217692779861594,-53.34214887544057,-51.79316842000824,1,1,1
0,-51.897786227394604,-54.80650120955538,-103.7900854886426,-50.63636762220689,-83.03481187398738,0,0,0
1,-66.73494669543621,-69.5553994289349,-47.63588289424875,-42.957880343865504,-81.02571156371083,0,0,0
0,-62.03296665976427,-67.72728165393262,-78.46642978736048,-69.36366491621084,-85.57289559597241,0,0,0
0,-48.23616531418507,-52.747316196099604,-66.95091666576967,-49.52220746746012,-68.32144031391597,0,0,0
1,-52.98578066881951,-55.50058930073295,-85.36920470417036,-56.046045448473144,-78.59654208007062,0,0,0
1,-66.73494669543621,-69.5553994289349,-47.63588289424875,-42.957880343865504,-81.02571156371083,0,0,0
0,-62.03296665976427,-67.72728165393262,-78.46642978736048,-69.36366491621084,-85.57289559597241,0,0,0
1,-50.849589356324174,-53.81198262373856,-46.57133164619349,-45.675172079561406,-61.35525294738249,0,1,0
1,-66.73494669543621,-69.5553994289349,-47.63588289424875,-42.957880343865504,-81.02571156371083,0,0,0
0,-65.60186245768048,-68.35443108048196,-64.09817882057067,-61.44785511598573,-84.83131610385168,0,0,0
1,-65.7092419611832,-65.7092419611832,-36.4616793537281,-45.74737210277326,-76.64774576730163,0,0,0
1,-48.19113782484316,-51.148259150622664,-36.66769614563292,-44.35071243963684,-55.725710765733304,0,1,0
0,-64.48832563273061,-68.65252935505573,-75.85047333189044,-62.129250488631946,-87.24346763229774,0,0,0
0,-64.4020818142536,-69.63730431407298,-104.85734165771413,-82.72424182418987,-95.85928431156785,0,0,0
0,-52.36253830604676,-56.9443032549334,-89.63049404857986,-60.26494145005179,-79.25168652062072,0,0,0
1,-45.890814122789074,-49.02856184479222,-39.31700274298979,-41.159466010983245,-54.22017904288628,0,0,1
1,-70.20664664649706,-73.08905771483806,-55.78167411441607,-49.92879391979145,-86.94114888082188,0,0,0
0,-64.4020818142536,-69.63730431407298,-104.85734165771413,-82.72424182418987,-95.85928431156785,0,0,0
0,-52.36253830604676,-56.9443032549334,-89.63049404857986,-60.26494145005179,-79.25168652062072,0,0,0
1,-45.890814122789074,-49.02856184479222,-39.31700274298979,-41.159466010983245,-54.22017904288628,0,0,1
1,-70.20664664649706,-73.08905771483806,-55.78167411441607,-49.92879391979145,-86.94114888082188,0,0,0
0,-64.4020818142536,-69.63730431407298,-104.85734165771413,-82.72424182418987,-95.85928431156785,0,0,0
1,-53.028185239283985,-56.04300877363087,-63.606018062043894,-43.636546366873404,-72.10999065789716,0,0,0
1,-70.20664664649706,-73.08905771483806,-55.78167411441607,-49.92879391979145,-86.94114888082188,0,0,0
0,-62.84153643045563,-65.60914713835707,-100.93994038951512,-76.4609659722813,-93.12351854731017,0,0,0
1,-61.60509542032482,-61.60509542032482,-64.09300053043646,-44.3998968962898,-80.83299557945575,0,0,0
1,-52.24539082203745,-55.22018852111273,-55.78167411441606,-49.42293763348195,-65.51415715356255,0,1,0
0,-72.321899118586,-76.54054692907869,-77.80658482092286,-67.8266995164338,-95.66387456486287,0,0,0
0,-68.66944084546971,-74.45145044955382,-107.16240013613762,-86.2667298180312,-100.81816088631099,0,0,0
0,-51.64279740692323,-57.65793273624344,-80.42511256952436,-60.72136309189456,-75.77033117778053,0,0,0
0,-53.36309664516027,-59.0438297041445,-84.48292067734094,-57.36905336048759,-78.70797284836254,0,0,0
1,-53.71666480669997,-57.856400393443465,-67.7047800357367,-71.95361379244657,-74.02809881742098,0,0,0
0,-53.338533566808294,-56.34246388237157,-91.73207129041046,-60.84817379222076,-80.85815495393143,0,0,0
1,-74.43900856469664,-77.37586372120519,-55.78167411441607,-52.569897963909355,-91.17351079902146,0,0,0
0,-68.66944084546971,-74.45145044955382,-107.16240013613762,-86.2667298180312,-100.81816088631099,0,0,0
0,-51.64279740692323,-57.65793273624344,-80.42511256952436,-60.72136309189456,-75.77033117778053,0,0,0
0,-53.36309664516027,-59.0438297041445,-84.48292067734094,-56.211496409120926,-78.70797284836254,0,0,0
1,-53.71666480669997,-57.856400393443465,-67.7047800357367,-71.95361379244657,-74.02809881742098,0,0,0
0,-53.338533566808294,-56.34246388237157,-91.73207129041046,-58.700297391956084,-80.85815495393143,0,0,0
1,-74.43900856469664,-77.37586372120519,-55.78167411441607,-52.569897963909355,-91.17351079902146,0,0,0
0,-68.66944084546971,-74.45145044955382,-107.16240013613762,-86.2667298180312,-100.81816088631099,0,0,0
0,-51.64279740692323,-57.65793273624344,-80.42511256952436,-60.72136309189456,-75.77033117778053,0,0,0
0,-45.89785665839085,-50.576901324905016,-75.26989474104217,-49.70377136918825,-68.4788250807035,0,0,0
1,-50.12721306589323,-52.76095207606571,-47.635980818262304,-50.83833612799091,-58.92494586803137,0,0,2
1,-74.43900856469664,-77.37586372120519,-55.78167411441607,-52.569897963909355,-91.17351079902146,0,0,0
0,-68.66944084546971,-74.45145044955382,-107.16240013613762,-86.2667298180312,-100.81816088631099,0,0,0
0,-51.64279740692323,-57.65793273624344,-80.42511256952436,-60.72136309189456,-75.77033117778053,0,0,0
1,-45.74217111051996,-48.91521920046311,-47.635980818262304,-42.00373060850369,-56.56722945319893,0,1,0
1,-74.43900856469664,-77.37586372120519,-55.78167411441607,-52.569897963909355,-91.17351079902146,0,0,0
0,-68.66944084546971,-74.45145044955382,-107.16240013613762,-86.2667298180312,-100.81816088631099,0,0,0
1,-53.105924377058365,-56.1784493192412,-46.5713316461935,-47.175292990461315,-67.07732387091642,0,0,0
1,-74.43900856469664,-77.37586372120519,-55.78167411441607,-52.569897963909355,-91.17351079902146,0,0,0
0,-69.30427258542396,-72.17674324350207,-82.51905960504288,-67.59173329495881,-94.05999046693682,0,0,0
1,-64.47963334572957,-64.47963334572957,-64.09300053043646,-48.86805696065928,-83.7075335048605,0,0,0
1,-50.01344983087974,-52.784143298539114,-45.67977140521634,-47.270917943246786,-63.717381252444646,0,0,0
0,-69.08703071449642,-73.28865234232336,-60.042963458825575,-65.57649696557917,-83.63418384934437,0,0,1
0,-65.8444429888891,-71.2944002544863,-89.56289302410381,-73.8067790962403,-92.71331089612025,0,0,0
1,-50.78411958123958,-56.65469995206713,-62.89569410201575,-54.85636559863075,-69.6528278118443,0,0,0
0,-55.69645433464842,-60.75393917566103,-126.8463931493449,-94.38053982438842,-93.7503722794519,0,0,0
0,-51.64931124028242,-56.32960150345929,-87.01712313717253,-61.77987151890306,-77.75444818143419,0,0,0
1,-44.355333463200026,-47.3452878664079,-48.527443135225916,-41.89715626595881,-55.447830500968074,0,1,0
1,-70.14961209697154,-73.15405797662496,-37.36079332994383,-47.849064530302996,-77.89211419315497,0,0,1
0,-65.8444429888891,-71.2944002544863,-89.56289302410381,-73.8067790962403,-92.71331089612025,0,0,0
1,-50.78411958123958,-56.65469995206713,-62.89569410201575,-54.85636559863075,-69.6528278118443,0,0,0
0,-55.69645433464842,-60.75393917566103,-126.8463931493449,-94.38053982438842,-93.7503722794519,0,0,0
0,-51.64931124028242,-56.32960150345929,-87.01712313717253,-61.77987151890306,-77.75444818143419,0,0,0
1,-44.355333463200026,-47.3452878664079,-48.527443135225916,-43.28195542881973,-55.447830500968074,0,1,0
1,-70.14961209697154,-73.15405797662496,-37.36079332994383,-47.849064530302996,-77.89211419315497,0,0,1
0,-71.05184965815072,-76.69738072327358,-78.46642978736048,-70.85601241302717,-94.59177859435886,0,0,0
0,-59.490284571383064,-65.00527669531111,-135.68528155382313,-80.45769195075468,-100.19586903753,0,0,0
0,-51.64931124028242,-56.32960150345929,-87.01712313717253,-61.77987151890306,-77.75444818143419,0,0,0
1,-44.355333463200026,-47.3452878664079,-48.527443135225916,-43.28195542881973,-55.447830500968074,0,1,0
1,-70.14961209697154,-73.15405797662496,-37.36079332994383,-47.849064530302996,-77.89211419315497,0,0,1
0,-71.05184965815072,-76.69738072327358,-78.46642978736048,-70.85601241302717,-94.59177859435886,0,0,0
0,-59.490284571383064,-65.00527669531111,-135.68528155382313,-94.71040397745008,-100.19586903753,0,0,0
1,-56.182709758628086,-59.396393842762954,-48.527443135225916,-44.93504354072748,-70.74094269919586,0,0,0
1,-70.14961209697154,-73.15405797662496,-37.36079332994383,-47.849064530302996,-77.89211419315497,0,0,1
0,-71.05184965815072,-76.69738072327358,-78.46642978736048,-69.39122181799374,-94.59177859435886,0,0,0
0,-65.09927208811892,-68.03498627691678,-110.35131720753537,-124.2257015953008,-98.20466725037954,0,0,0
1,-66.62399590746834,-69.55886208949804,-83.41299529112442,-59.15706837042821,-88.18215859200595,0,0,1
0,-65.09927208811892,-68.03498627691678,-110.35131720753537,-124.10408373567869,-98.20466725037954,0,0,0
1,-68.55586122994823,-68.55586122994823,-64.09300053043646,-49.35806817168407,-87.78376138907917,0,0,0
1,-49.79742053110537,-52.69278970319422,-44.98667422090543,-47.29982789626069,-59.82768689457726,0,1,0
0,-67.62780874502137,-71.59170126235989,-66.64003293965435,-63.22910674476365,-84.15408272411796,0,0,1
0,-69.70275199016305,-75.12863987055589,-96.15748913581464,-85.99027604292039,-98.54999873090745,0,0,0
0,-59.33743817761949,-63.944698420087065,-60.043061382839134,-66.95466309387302,-73.88462068967151,0,1,0
1,-49.00660481563709,-52.00178385218325,-27.25898854475766,-42.09121320771414,-50.252829573464936,0,1,1
1,-72.856411997137,-75.53851186049141,-46.57123372217995,-50.33675672590567,-86.82778211379099,0,0,0
0,-69.70275199016305,-75.12863987055589,-96.15748913581464,-85.99027604292039,-98.54999873090745,0,0,0
0,-59.33743817761949,-63.944698420087065,-60.043061382839134,-66.95466309387302,-73.88462068967151,0,1,0
1,-49.00660481563709,-52.00178385218325,-27.25898854475766,-44.669637918701994,-50.252829573464936,0,1,1
1,-72.856411997137,-75.53851186049141,-46.57123372217995,-50.33675672590567,-86.82778211379099,0,0,0
0,-69.70275199016305,-75.12863987055589,-96.15748913581464,-85.99027604292039,-98.54999873090745,0,0,0
1,-58.99544327750496,-62.05394590547239,-37.360891253957384,-49.75079154460667,-66.73797475089245,0,1,0
1,-72.856411997137,-75.53851186049141,-46.57123372217995,-50.33675672590567,-86.82778211379099,0,0,0
0,-64.01312945461478,-66.86920525504468,-82.51905960504288,-61.446309906697344,-88.76884733612765,0,0,0
1,-63.71460185646175,-63.71460185646175,-45.67211974596423,-45.13787365355973,-73.95050187745129,0,1,0
1,-49.45146603767294,-52.304520857353715,-38.04964285799281,-42.79734549834476,-57.400622992271046,0,0,1
0,-66.5151216356211,-70.75716155287964,-68.36194153409808,-64.22626991402169,-87.02370409585052,0,0,0
0,-63.73181209579079,-69.49382862360771,-71.2121008841568,-71.60568993756716,-85.09544236103783,0,0,0
0,-56.742099323044826,-62.40177786489954,-78.63064196143749,-57.57239743356706,-80.33129191147607,0,0,0
1,-49.92868587562046,-54.08892280822237,-43.5782920873993,-53.187474334611046,-59.53643759904052,0,0,1
0,-52.12419910949389,-55.043645464215615,-100.042331188852,-53.66840656963129,-82.13689846614949,0,0,0
1,-72.60405020460153,-75.56429746787596,-54.890211797452466,-50.02378365507531,-89.07111374383727,0,0,0
0,-63.73181209579079,-69.49382862360771,-71.2121008841568,-71.60568993756716,-85.09544236103783,0,0,0
0,-56.742099323044826,-62.40177786489954,-78.63064196143749,-57.57239743356706,-80.33129191147607,0,0,0
1,-49.92868587562046,-54.08892280822237,-43.5782920873993,-53.187474334611046,-59.53643759904052,0,0,1
0,-52.12419910949389,-55.043645464215615,-100.042331188852,-53.66840656963129,-82.13689846614949,0,0,0
1,-72.60405020460153,-75.56429746787596,-54.890211797452466,-50.02378365507531,-89.07111374383727,0,0,0
0,-63.73181209579079,-69.49382862360771,-71.2121008841568,-71.60568993756716,-85.09544236103783,0,0,0
0,-48.81270911768547,-53.40030864707781,-60.04306138283913,-48.05482647838392,-66.82562753253721,0,0,0
1,-52.87297801275637,-55.484457330858135,-76.15876431193422,-55.34674693870566,-75.72060730633663,0,0,0
1,-72.60405020460153,-75.56429746787596,-54.890211797452466,-50.02378365507531,-89.07111374383727,0,0,0
0,-63.73181209579079,-69.49382862360771,-71.2121008841568,-71.60568993756716,-85.09544236103783,0,0,0
1,-49.77751141146538,-52.81635332635757,-54.89030972146601,-45.95538584477441,-66.2446043279052,0,0,0
1,-72.60405020460153,-75.56429746787596,-54.890211797452466,-50.02378365507531,-89.07111374383727,0,0,0
0,-65.36446000812532,-68.18927572781594,-73.30861921280676,-63.48335025994683,-83.89130986916763,0,0,1
1,-61.4189143725301,-61.4189143725301,-54.88256013820034,-41.83951107813368,-74.41794651119048,0,0,1
0,-55.83445533443987,-59.06678240328213,-100.73533044914939,-56.43730073283393,-86.05505446918468,0,0,0
1,-53.02906244003642,-57.19769075071851,-46.57382646825147,-53.0415963576643,-63.535474477712135,0,0,1
0,-57.07788251921157,-62.422914320641446,-91.58909315766142,-65.8856265214941,-84.55461046651,0,0,0
0,-74.75159986511028,-80.4448818643293,-81.31657488648796,-73.84412189110712,-99.14657233105666,0,0,0
0,-71.80919127060983,-78.07831695943136,-97.95453103703298,-89.51844994233272,-101.19555058171971,0,0,0
0,-57.70795359508228,-63.69936640968989,-86.26831868038609,-67.55935124598145,-83.58844919919811,0,0,0
0,-54.76830722688942,-60.42593124862897,-114.77930634607104,-55.57135838109127,-89.20209913071074,0,0,0
1,-52.36679999793007,-56.504434723132235,-66.64013086366789,-52.75781861155463,-72.35883925703044,0,0,0
0,-49.3321768516308,-52.30737741483964,-82.52163089817434,-52.154084956436385,-74.0886661210831,0,0,0
0,-45.26621402027106,-48.23766658277963,-84.47764446319322,-47.059708505046075,-70.60950735922901,0,0,0
1,-56.15199992490384,-60.27668400945249,-55.784266860487584,-54.63797431266972,-69.4215440802504,0,0,1
0,-74.75159986511028,-80.4448818643293,-81.31657488648796,-73.84412189110712,-99.14657233105666,0,0,0
0,-71.80919127060983,-78.07831695943136,-97.95453103703298,-89.51844994233272,-101.19555058171971,0,0,0
0,-57.70795359508228,-63.69936640968989,-86.26831868038609,-67.55935124598145,-83.58844919919811,0,0,0
0,-54.76830722688942,-60.42593124862897,-114.77930634607104,-55.57135838109127,-89.20209913071074,0,0,0
1,-52.36679999793007,-56.504434723132235,-66.64013086366789,-52.75781861155463,-72.35883925703044,0,0,0
0,-49.3321768516308,-52.30737741483964,-82.52163089817434,-52.154084956436385,-74.0886661210831,0,0,0
1,-46.160301745502146,-49.08781008187727,-46.57123372217994,-38.375006902709806,-56.665935959356396,0,1,0
0,-65.85516435506506,-69.85100937320328,-66.64003293965435,-62.69499814437912,-85.84717423696137,0,0,0
0,-71.80919127060983,-78.07831695943136,-97.95453103703298,-89.51844994233272,-101.19555058171971,0,0,0
0,-57.70795359508228,-63.69936640968989,-86.26831868038609,-67.55935124598145,-83.58844919919811,0,0,0
0,-54.76830722688942,-60.42593124862897,-114.77930634607104,-55.57135838109127,-89.20209913071074,0,0,0
1,-52.36679999793007,-56.504434723132235,-66.64013086366789,-52.75781861155463,-72.35883925703044,0,0,0
0,-49.3321768516308,-52.30737741483964,-82.52163089817434,-52.154084956436385,-74.0886661210831,0,0,0
1,-72.84877404191047,-75.64744331187518,-46.57123372217994,-50.75613865512212,-83.35440825576474,0,1,0
0,-71.80919127060983,-78.07831695943136,-97.95453103703298,-89.51844994233272,-101.19555058171971,0,0,0
0,-57.70795359508228,-63.69936640968989,-86.26831868038609,-67.55935124598145,-83.58844919919811,0,0,0
0,-54.76830722688942,-60.42593124862897,-114.77930634607104,-60.222010932148734,-89.20209913071074,0,0,0
1,-52.36679999793007,-56.504434723132235,-66.64013086366789,-52.75781861155463,-72.35883925703044,0,0,0
0,-49.3321768516308,-52.30737741483964,-82.52163089817434,-52.154084956436385,-74.0886661210831,0,0,0
1,-72.84877404191047,-75.64744331187518,-46.57123372217994,-50.75613865512212,-83.35440825576474,0,1,0
0,-71.80919127060983,-78.07831695943136,-97.95453103703298,-89.51844994233272,-101.19555058171971,0,0,0
0,-57.70795359508228,-63.69936640968989,-86.26831868038609,-67.55935124598145,-83.58844919919811,0,0,0
0,-46.245729246500034,-50.839083402331575,-89.31970824647811,-53.59646780647834,-73.04164172044347,0,0,0
1,-49.118923725150104,-51.75056187378125,-37.360891253957384,-51.108939875119894,-60.32719110133732,0,0,0
1,-72.84877404191047,-75.64744331187518,-46.57123372217994,-50.75613865512212,-83.35440825576474,0,1,0
0,-71.80919127060983,-78.07831695943136,-97.95453103703298,-89.51844994233272,-101.19555058171971,0,0,0
0,-57.70795359508228,-63.69936640968989,-86.26831868038609,-67.55935124598145,-83.58844919919811,0,0,0
1,-46.51522916301725,-49.60258674227778,-47.635980818262304,-42.02285075913421,-50.40881570009677,1,1,1
1,-72.84877404191047,-75.64744331187518,-46.57123372217994,-50.75613865512212,-83.35440825576474,0,1,0
0,-71.80919127060983,-78.07831695943136,-97.95453103703298,-89.51844994233272,-101.19555058171971,0,0,0
1,-56.571092825972094,-59.652446642355876,-39.31700274298979,-50.799563834450566,-57.96898594046985,1,1,1
1,-72.84877404191047,-75.64744331187518,-46.57123372217994,-51.73089534131704,-83.35440825576474,0,1,0
0,-69.63283104023047,-73.02091371088389,-64.10075011370213,-66.24818921734851,-88.8630560743411,0,0,0
1,-65.07379819174245,-65.07379819174245,-54.88256013820034,-50.08277959447154,-81.53856623320256,0,0,0
1,-49.80214867155613,-52.77256274218842,-47.95318043453984,-46.03067893822462,-64.18810280191808,0,0,0
0,-69.41201978527432,-73.69592341682474,-57.7642926010278,-62.42225149550557,-86.74130756558266,0,0,0
0,-64.39447882265492,-69.81814559480655,-98.84342206086514,-74.45267629085797,-94.04750544091445,0,0,0
1,-49.391897357022174,-55.19145557564674,-63.96034327408455,-56.07316908014377,-68.58000033924753,0,0,0
0,-58.95534259618841,-64.52590155325333,-100.80210484302899,-73.37282307866575,-89.1959740490971,0,0,0
0,-57.61450644192189,-63.88276245053777,-64.85180559104816,-66.73516271288918,-73.60431221643661,0,1,0
0,-56.97571848934783,-62.43457150667469,-89.63307959264255,-59.17672479675975,-80.39990646434087,0,0,1
1,-51.5460571559742,-55.61173679084912,-49.28389925126447,-49.949646355911824,-62.86549102855381,0,1,0
0,-48.90197681130029,-51.90806414674902,-92.62353360737406,-49.2036771508869,-73.22330099071279,0,1,0
1,-73.41281732411751,-76.4149283016838,-46.57123372217995,-51.01792303315102,-87.3841874407715,0,0,0
0,-64.39447882265492,-69.81814559480655,-98.84342206086514,-74.45267629085797,-94.04750544091445,0,0,0
1,-49.391897357022174,-55.19145557564674,-63.96034327408455,-56.07316908014377,-68.58000033924753,0,0,0
0,-58.95534259618841,-64.52590155325333,-100.80210484302899,-73.0959612318332,-89.1959740490971,0,0,0
0,-57.61450644192189,-63.88276245053777,-64.85180559104816,-66.73516271288918,-73.60431221643661,0,1,0
0,-56.97571848934783,-62.43457150667469,-89.63307959264255,-59.17672479675975,-80.39990646434087,0,0,1
1,-51.5460571559742,-55.61173679084912,-49.28389925126447,-49.949646355911824,-62.86549102855381,0,1,0
0,-48.90197681130029,-51.90806414674902,-92.62353360737406,-49.2036771508869,-73.22330099071279,0,1,0
1,-73.41281732411751,-76.4149283016838,-46.57123372217995,-51.01792303315102,-87.3841874407715,0,0,0
0,-72.0797798554564,-77.5471759221386,-78.46642978736047,-81.65602880233114,-92.15397288886481,0,0,1
0,-63.96392400833742,-69.98294955737752,-104.71773333335044,-77.02149865335632,-95.37924400834255,0,0,0
0,-57.61450644192189,-63.88276245053777,-64.85180559104816,-66.73516271288918,-73.60431221643661,0,1,0
0,-56.97571848934783,-62.43457150667469,-89.63307959264255,-64.8176477798272,-80.39990646434087,0,0,1
1,-51.5460571559742,-55.61173679084912,-49.28389925126447,-49.949646355911824,-62.86549102855381,0,1,0
0,-48.90197681130029,-51.90806414674902,-92.62353360737406,-49.2036771508869,-73.22330099071279,0,1,0
1,-73.41281732411751,-76.4149283016838,-46.57123372217995,-51.01792303315102,-87.3841874407715,0,0,0
0,-72.0797798554564,-77.5471759221386,-78.46642978736047,-81.65602880233114,-92.15397288886481,0,0,1
0,-63.96392400833742,-69.98294955737752,-104.71773333335044,-77.04403680287454,-95.37924400834255,0,0,0
0,-57.61450644192189,-63.88276245053777,-64.85180559104816,-66.73516271288918,-73.60431221643661,0,1,0
0,-49.31693111550217,-53.7387918670882,-66.95091666576967,-48.784350683954855,-69.40220611523307,0,0,0
1,-50.823120205557835,-53.3187624446031,-74.20265282290184,-54.40765238632388,-73.08391605242838,0,0,0
1,-73.41281732411751,-76.4149283016838,-46.57123372217995,-51.01792303315102,-87.3841874407715,0,0,0
0,-72.0797798554564,-77.5471759221386,-78.46642978736047,-81.65602880233114,-92.15397288886481,0,0,1
0,-63.96392400833742,-69.98294955737752,-104.71773333335044,-77.02149865335632,-95.37924400834255,0,0,0
0,-57.61450644192189,-63.88276245053777,-64.85180559104816,-66.73516271288918,-73.60431221643661,0,1,0
1,-48.05790545446807,-50.909728810224436,-27.25898854475766,-43.33295117027757,-56.23560201789537,0,0,0
1,-73.41281732411751,-76.4149283016838,-46.57123372217995,-51.01792303315102,-87.3841874407715,0,0,0
0,-72.0797798554564,-77.5471759221386,-78.46642978736047,-81.65602880233114,-92.15397288886481,0,0,1
0,-63.96392400833742,-69.98294955737752,-104.71773333335044,-77.02149865335632,-95.37924400834255,0,0,0
1,-63.19935690359753,-66.47639838662103,-57.73788352746203,-53.961470387809655,-77.05498605903642,0,1,0
1,-73.41281732411751,-76.4149283016838,-46.57123372217995,-51.01792303315102,-87.3841874407715,0,0,0
0,-72.0797798554564,-77.5471759221386,-78.46642978736047,-81.65602880233114,-92.15397288886481,0,0,1
0,-67.92651683635563,-71.02628969619943,-91.73207129041047,-85.15080205680448,-95.44613822347877,0,0,0
1,-69.07770802637897,-71.77749338515974,-55.78167411441606,-60.644573460102485,-82.34647435790407,0,0,1
0,-67.92651683635563,-71.02628969619943,-91.73207129041047,-85.1794474416388,-95.44613822347877,0,0,0
1,-73.11121890885713,-73.11121890885713,-64.09300053043646,-65.71916320196246,-88.87338316518834,0,1,0
0,-56.791657919275075,-59.916148878220774,-100.94241375863302,-53.659919969244584,-87.07438204686498,0,0,0
1,-57.10096289522158,-61.13819366000373,-64.9947072527237,-67.12173982893705,-76.59937507103868,0,0,0
0,-53.52319978740359,-58.77946490814037,-80.42254127639288,-64.0414218769397,-77.64996217032146,0,0,0
0,-68.14892029349282,-73.92350446333747,-81.31657488648796,-69.81940421911742,-89.07815685663948,0,0,1
0,-66.67347216270834,-72.90491899592257,-98.84599335399658,-84.07653922476479,-96.3272701689073,0,0,0
0,-56.56192672281168,-62.51811023921756,-67.84743789591387,-56.343708941526195,-76.91615809158584,0,0,0
0,-53.8583517366186,-58.93335238524452,-59.69917330662865,-53.80443656242912,-68.30236782580748,0,0,1
1,-48.546375485110104,-53.03905640857756,-71.20961326410766,-50.25434787793563,-66.44352356154268,0,0,1
0,-47.32364322857565,-50.165575774075016,-83.41309321513795,-47.89402249435236,-72.34757119311703,0,0,0
0,-45.678207927318816,-48.51826294392745,-73.31109258192468,-48.27373459851753,-67.67153570189622,0,0,0
1,-51.26374426209579,-55.299661665951334,-67.01158492741223,-50.36624343766549,-71.36721974031946,0,0,0
0,-68.14892029349282,-73.92350446333747,-81.31657488648796,-69.81940421911742,-89.07815685663948,0,0,1
0,-66.67347216270834,-72.90491899592257,-98.84599335399658,-84.07653922476479,-96.3272701689073,0,0,0
0,-56.56192672281168,-62.51811023921756,-67.84743789591387,-56.63973498831522,-76.91615809158584,0,0,0
0,-53.8583517366186,-58.93335238524452,-59.69917330662865,-54.056935222445134,-68.30236782580748,0,0,1
1,-48.546375485110104,-53.03905640857756,-71.20961326410766,-50.25434787793563,-66.44352356154268,0,0,1
0,-47.32364322857565,-50.165575774075016,-83.41309321513795,-47.89402249435236,-72.34757119311703,0,0,0
1,-51.30707234042415,-54.14581399610617,-39.55222069405197,-43.8751000868529,-56.24126674304029,0,3,0
0,-72.48367347483519,-76.62012345195707,-79.5284934153666,-71.85875826112792,-96.34222149944516,0,0,0
0,-66.67347216270834,-72.90491899592257,-98.84599335399658,-84.07653922476479,-96.3272701689073,0,0,0
0,-56.56192672281168,-62.51811023921756,-67.84743789591387,-56.343708941526195,-76.91615809158584,0,0,0
0,-53.8583517366186,-58.93335238524452,-59.69917330662865,-54.056935222445134,-68.30236782580748,0,0,1
1,-48.546375485110104,-53.03905640857756,-71.20961326410766,-50.25434787793563,-66.44352356154268,0,0,1
0,-47.32364322857565,-50.165575774075016,-83.41309321513795,-47.89402249435236,-72.34757119311703,0,0,0
1,-74.89946231338772,-77.83873654233608,-56.84632328648487,-53.701607424370394,-88.48762339653345,0,0,1
0,-66.67347216270834,-72.90491899592257,-98.84599335399658,-84.07653922476479,-96.3272701689073,0,0,0
0,-56.56192672281168,-62.51811023921756,-67.84743789591387,-56.343708941526195,-76.91615809158584,0,0,0
0,-53.8583517366186,-58.93335238524452,-59.69917330662865,-54.056935222445134,-68.30236782580748,0,0,1
1,-48.546375485110104,-53.03905640857756,-71.20961326410766,-50.25434787793563,-66.44352356154268,0,0,1
0,-47.32364322857565,-50.165575774075016,-83.41309321513795,-47.89402249435236,-72.34757119311703,0,0,0
1,-74.89946231338772,-77.83873654233608,-56.84632328648487,-53.701607424370394,-88.48762339653345,0,0,1
0,-66.67347216270834,-72.90491899592257,-98.84599335399658,-84.07653922476479,-96.3272701689073,0,0,0
0,-56.56192672281168,-62.51811023921756,-67.84743789591387,-57.05301704081286,-76.91615809158584,0,0,0
1,-50.54944654998455,-54.646346358105376,-52.78873247963542,-55.57285239952954,-66.38606629387517,0,0,0
0,-49.33205118033037,-52.25469470796816,-64.99221243066572,-50.35415149439795,-68.82971490953008,0,0,0
1,-74.89946231338772,-77.83873654233608,-56.84632328648487,-53.701607424370394,-88.48762339653345,0,0,1
0,-66.67347216270834,-72.90491899592257,-98.84599335399658,-84.07653922476479,-96.3272701689073,0,0,0
0,-48.657023569814584,-53.2872858134829,-48.21925007919566,-45.39601387520124,-63.12279859357328,0,0,0
1,-49.89108433175824,-52.41794674404941,-39.31700274298979,-54.60125711265858,-58.22044925185545,0,0,1
1,-74.89946231338772,-77.83873654233608,-56.84632328648487,-52.20738911677136,-88.48762339653345,0,0,1
0,-66.67347216270834,-72.90491899592257,-98.84599335399658,-81.73137807053915,-96.3272701689073,0,0,0
1,-48.934532516443525,-51.99475736428219,-46.5713316461935,-46.795954250921696,-62.905932010301576,0,0,0
1,-74.89946231338772,-77.83873654233608,-56.84632328648487,-53.701607424370394,-88.48762339653345,0,0,1
0,-68.30612007504287,-71.58363256409856,-82.52163089817435,-66.15127101426312,-93.06260934449517,0,0,0
1,-62.39374570971295,-62.39374570971295,-64.09300053043646,-45.511502286962326,-81.62164586884388,0,0,0
1,-50.06529749846045,-52.98626862999422,-48.52734521121235,-44.65506376253907,-61.15776515902443,0,0,1
0,-69.5879098313928,-73.65481828590092,-60.04296345882558,-67.00373208379935,-84.13506296624077,0,0,1
0,-64.79894976595455,-70.45645031134512,-89.63298166862901,-82.23126933315724,-91.68884426654324,0,0,0
0,-55.98538291931128,-62.00446262765287,-83.27268637552037,-57.073118241544826,-77.50145292916767,0,1,0
0,-57.76574113593955,-62.97213315329783,-59.69917330662865,-56.574277170736316,-65.27828541952897,1,1,1
1,-55.90875121280175,-60.43095275448916,-64.99480517673726,-59.83494704923384,-75.40719276582293,0,0,0
0,-57.21751416825314,-60.07412745349615,-92.62353360737407,-63.50125719861511,-85.00457425046537,0,0,0
1,-71.08027364496697,-73.9254615612675,-37.36079332994383,-46.66610369719183,-78.8227757411504,0,0,1
0,-64.79894976595455,-70.45645031134512,-89.63298166862901,-81.22943038427273,-91.68884426654324,0,0,0
0,-55.98538291931128,-62.00446262765287,-83.27268637552037,-56.22601070358935,-77.50145292916767,0,1,0
0,-57.76574113593955,-62.97213315329783,-59.69917330662865,-56.574277170736316,-65.27828541952897,1,1,1
1,-55.90875121280175,-60.43095275448916,-64.99480517673726,-60.271060722894966,-75.40719276582293,0,0,0
0,-57.21751416825314,-60.07412745349615,-92.62353360737407,-72.13227603906881,-85.00457425046537,0,0,0
1,-71.08027364496697,-73.9254615612675,-37.36079332994383,-46.66610369719183,-78.8227757411504,0,0,1
0,-64.79894976595455,-70.45645031134512,-89.63298166862901,-82.23126933315724,-91.68884426654324,0,0,0
0,-55.98538291931128,-62.00446262765287,-83.27268637552037,-56.22601070358935,-77.50145292916767,0,1,0
1,-49.85001636505132,-54.00679626189746,-52.78873247963542,-49.90862779437842,-65.68663610894194,0,0,0
0,-51.09819309156418,-54.059588257479895,-101.14087681529926,-53.80216937575068,-74.5089843305545,0,0,3
1,-71.08027364496697,-73.9254615612675,-37.36079332994383,-46.66610369719183,-78.8227757411504,0,0,1
0,-64.79894976595455,-70.45645031134512,-89.63298166862901,-82.23126933315724,-91.68884426654324,0,0,0
0,-48.080479766314184,-52.713638772250135,-36.47202168306529,-45.48647055479061,-59.022086271233775,0,0,0
1,-53.51306382593935,-56.1090373470138,-37.360891253957384,-59.36374455350841,-64.72133120212656,0,0,0
1,-71.08027364496697,-73.9254615612675,-37.36079332994383,-46.66610369719183,-78.8227757411504,0,0,1
0,-64.79894976595455,-70.45645031134512,-89.63298166862901,-82.23126933315724,-91.68884426654324,0,0,0
1,-51.1270983029531,-54.199450933117355,-37.360891253957384,-50.074956653669204,-62.33536567914032,0,0,0
1,-71.08027364496697,-73.9254615612675,-37.36079332994383,-46.66610369719183,-78.8227757411504,0,0,1
0,-67.3832294735638,-70.0774705810898,-73.30861921280676,-66.07408590875369,-89.37581523740583,0,0,0
1,-60.45726683966013,-60.45726683966013,-54.88256013820034,-45.52487668020064,-76.92203488112023,0,0,0
1,-48.940655128847624,-51.72749464641034,-45.67977140521634,-45.877484797979754,-62.64458655041253,0,0,0
0,-67.88183338932248,-71.99825256679283,-67.70468211172314,-62.676825559725955,-84.7275021200397,0,0,1
0,-64.79894976595455,-70.60189871542589,-90.6976308406978,-83.03995225987121,-92.00823901816389,0,0,0
0,-60.63586505124822,-66.26646427042193,-105.0582780834983,-61.236663798487825,-88.68761257349799,0,1,0
1,-52.813169352733084,-56.933315748416184,-52.78873247963542,-52.49800970339657,-65.18405319382398,0,0,1
0,-50.61036828703292,-53.512460664590606,-130.52994434838732,-50.59680603625452,-89.76935159154911,0,0,0
1,-72.41982392292563,-75.25445044641185,-45.67977140521634,-49.444450466157896,-86.12375534449053,0,0,0
0,-64.79894976595455,-70.60189871542589,-90.6976308406978,-85.66645553673918,-92.00823901816389,0,0,0
0,-60.63586505124822,-66.26646427042193,-105.0582780834983,-60.37613557935891,-88.68761257349799,0,1,0
1,-52.813169352733084,-56.933315748416184,-52.78873247963542,-52.49800970339657,-65.18405319382398,0,0,1
0,-50.61036828703292,-53.512460664590606,-130.52994434838732,-62.36998959266954,-89.76935159154911,0,0,0
1,-72.41982392292563,-75.25445044641185,-45.67977140521634,-49.444450466157896,-86.12375534449053,0,0,0
0,-64.79894976595455,-70.60189871542589,-90.6976308406978,-85.66645553673918,-92.00823901816389,0,0,0
0,-48.23616531418507,-52.83392166213826,-66.95091666576967,-49.06942915515894,-68.32144031391597,0,0,0
1,-52.87455565290086,-55.424664652754295,-30.106562350753677,-55.052987378742166,-61.90652435812696,0,0,0
1,-72.41982392292563,-75.25445044641185,-45.67977140521634,-49.444450466157896,-86.12375534449053,0,0,0
0,-64.79894976595455,-70.60189871542589,-90.6976308406978,-86.87408871107229,-92.00823901816389,0,0,0
1,-50.849589356324174,-53.8773083084477,-48.52744313522591,-45.08868839810651,-55.01061458849277,1,1,1
1,-72.41982392292563,-75.25445044641185,-45.67977140521634,-49.444450466157896,-86.12375534449053,0,0,0
0,-68.36784556387076,-71.24031622194887,-54.88773842833455,-63.57347168412812,-84.83416709237113,0,0,0
1,-61.48840272915277,-61.48840272915277,-36.4616793537281,-41.97466001400281,-72.4269065352712,0,0,0
1,-49.46738158297964,-52.399382573526026,-57.73778560344847,-47.47236699385339,-66.78871726401418,0,0,0
0,-69.96377538786189,-74.08198310065964,-68.59614442868676,-64.31493736530086,-90.54261871646791,0,0,0
0,-69.01190993373534,-76.25700367873424,-96.54083695155954,-87.02864705950547,-97.9741610192032,0,0,0
0,-50.50971889235574,-59.67323325715947,-79.03790402869018,-61.26475956096122,-74.2210901009628,0,0,0
0,-47.44417071305222,-60.27652483168934,-63.96034327408455,-54.65845838864708,-66.63227369527759,0,0,0
0,-65.6106582125675,-71.03702172265385,-83.27268637552038,-77.58344960349322,-90.59246412522361,0,0,0
0,-73.64192819485861,-79.38605381954939,-133.38269644451756,-106.00806019883038,-113.65673712821388,0,0,0
0,-62.76566271636597,-73.75363068178535,-106.09526334401968,-89.33056687064197,-94.59424171957187,0,0,0
1,-47.96238452742564,-54.191433683212495,-40.69685003864695,-49.04387364536762,-53.23996773342028,0,1,1
1,-77.59037094144436,-80.48685811603453,-54.89021179745246,-52.78576598879817,-94.0574344806801,0,0,0
0,-69.01190993373534,-76.25700367873424,-96.54083695155954,-87.02864705950547,-97.9741610192032,0,0,0
0,-50.50971889235574,-59.67323325715947,-79.03790402869018,-61.26475956096122,-74.2210901009628,0,0,0
0,-47.44417071305222,-60.27652483168934,-63.96034327408455,-54.65845838864708,-66.63227369527759,0,0,0
0,-65.6106582125675,-71.03702172265385,-83.27268637552038,-77.13044432533077,-90.59246412522361,0,0,0
0,-73.64192819485861,-79.38605381954939,-133.38269644451756,-106.00806019883038,-113.65673712821388,0,0,0
0,-62.76566271636597,-73.75363068178535,-106.09526334401968,-89.33056687064197,-94.59424171957187,0,0,0
1,-47.96238452742564,-54.191433683212495,-40.69685003864695,-49.07722054650255,-53.23996773342028,0,1,1
1,-77.59037094144436,-80.48685811603453,-54.89021179745246,-52.78576598879817,-94.0574344806801,0,0,0
0,-69.01190993373534,-76.25700367873424,-96.54083695155954,-87.02864705950547,-97.9741610192032,0,0,0
0,-50.50971889235574,-59.67323325715947,-79.03790402869018,-61.26475956096122,-74.2210901009628,0,0,0
0,-47.44417071305222,-60.27652483168934,-63.96034327408455,-54.65845838864708,-66.63227369527759,0,0,0
0,-65.6106582125675,-71.03702172265385,-83.27268637552038,-77.58344960349322,-90.59246412522361,0,0,0
0,-73.64192819485861,-79.38605381954939,-133.38269644451756,-106.00806019883038,-113.65673712821388,0,0,0
1,-64.26997339658327,-73.79133518296065,-59.149006319804,-67.37708247810409,-82.01467529252447,0,0,0
1,-77.59037094144436,-80.48685811603453,-54.89021179745246,-52.78576598879817,-94.0574344806801,0,0,0
0,-69.01190993373534,-76.25700367873424,-96.54083695155954,-87.02864705950547,-97.9741610192032,0,0,0
0,-50.50971889235574,-59.67323325715947,-79.03790402869018,-61.26475956096122,-74.2210901009628,0,0,0
0,-47.44417071305222,-60.27652483168934,-63.96034327408455,-51.46556042189167,-66.63227369527759,0,0,0
0,-65.6106582125675,-71.03702172265385,-83.27268637552038,-77.58344960349322,-90.59246412522361,0,0,0
1,-68.18127437187611,-71.44344293585375,-113.00052588087871,-83.92624779101136,-102.08143213613972,0,0,0
1,-77.59037094144436,-80.48685811603453,-54.89021179745246,-52.78576598879817,-94.0574344806801,0,0,0
0,-69.01190993373534,-76.25700367873424,-96.54083695155954,-87.02864705950547,-97.9741610192032,0,0,0
0,-50.50971889235574,-59.67323325715947,-79.03790402869018,-61.26475956096122,-74.2210901009628,0,0,0
0,-47.44417071305222,-60.27652483168934,-63.96034327408455,-54.65845838864708,-66.63227369527759,0,0,0
1,-63.29526025197039,-65.90235361056747,-111.04441439184629,-79.4516181503635,-96.60858456952428,0,0,0
1,-77.59037094144436,-80.48685811603453,-54.89021179745246,-52.78576598879817,-94.0574344806801,0,0,0
0,-69.01190993373534,-76.25700367873424,-96.54083695155954,-87.02864705950547,-97.9741610192032,0,0,0
0,-50.50971889235574,-59.67323325715947,-79.03790402869018,-61.26475956096122,-74.2210901009628,0,0,0
1,-46.00868572662869,-49.13071978413462,-74.20265282290183,-46.33588250580802,-68.26948157349923,0,0,0
1,-77.59037094144436,-80.48685811603453,-54.89021179745246,-52.78576598879817,-94.0574344806801,0,0,0
0,-69.01190993373534,-76.25700367873424,-96.54083695155954,-87.02864705950547,-97.9741610192032,0,0,0
1,-54.307678735413965,-57.284520919291836,-64.99221243066573,-49.68201991162935,-73.80534246461369,0,0,0
1,-77.59037094144436,-80.48685811603453,-54.89021179745246,-52.78576598879817,-94.0574344806801,0,0,0
0,-71.77267023163375,-74.55537643168819,-91.729499997279,-76.12045635483179,-99.29152023081745,0,0,0
1,-66.51572966358059,-66.51572966358059,-64.09300053043646,-44.38594137088273,-82.2778939199118,0,1,0
1,-47.23779642393126,-50.05291540937237,-46.57123372217994,-41.33015240631149,-50.81195883218606,1,1,1
0,-62.854408595747856,-66.94018225001258,-57.42959254741823,-59.905721390621025,-80.08328635997333,0,0,0
0,-63.29431032887794,-68.92189366983386,-89.63298166862901,-69.97783479660534,-90.18420482946664,0,0,0
0,-55.30072969560224,-61.18429529840857,-96.543408244691,-54.72705859360541,-84.26375216900954,0,0,0
0,-53.130172729648805,-58.588972707188276,-69.80354938494628,-56.21729954171261,-74.07123754513269,0,0,0
0,-53.09256963742018,-58.612793370334686,-68.90961369886476,-55.467475357742366,-70.2997178442799,0,1,0
1,-47.830237026925175,-52.24359819785896,-55.784364784501136,-47.76461631664339,-64.56554646227552,0,0,0
0,-52.787105132385705,-55.64750558928637,-82.02689884651612,-53.47960008424111,-73.92943888354081,0,1,0
1,-64.17000656869398,-67.03405968475113,-55.78167411441606,-42.85053009890193,-80.9045088030188,0,0,0
0,-63.29431032887794,-68.92189366983386,-89.63298166862901,-69.97783479660534,-90.18420482946664,0,0,0
0,-55.30072969560224,-61.18429529840857,-96.543408244691,-55.33960625669365,-84.26375216900954,0,0,0
0,-53.130172729648805,-58.588972707188276,-69.80354938494628,-56.21729954171261,-74.07123754513269,0,0,0
0,-53.09256963742018,-58.612793370334686,-68.90961369886476,-56.07915965144401,-70.2997178442799,0,1,0
1,-47.830237026925175,-52.24359819785896,-55.784364784501136,-47.43610427013762,-64.56554646227552,0,0,0
0,-52.787105132385705,-55.64750558928637,-82.02689884651612,-54.07958186954591,-73.92943888354081,0,1,0
1,-64.17000656869398,-67.03405968475113,-55.78167411441606,-42.85053009890193,-80.9045088030188,0,0,0
0,-63.29431032887794,-68.92189366983386,-89.63298166862901,-69.97783479660534,-90.18420482946664,0,0,0
0,-55.30072969560224,-61.18429529840857,-96.543408244691,-55.33960625669365,-84.26375216900954,0,0,0
0,-53.130172729648805,-58.588972707188276,-69.80354938494628,-56.21729954171261,-74.07123754513269,0,0,0
1,-49.43030087358724,-53.955654516705046,-75.26989474104217,-52.013036417024054,-72.0112692958999,0,0,0
0,-52.37383062681977,-55.22638542198186,-74.20265282290183,-52.9530985425404,-71.1688905708906,0,0,1
1,-64.17000656869398,-67.03405968475113,-55.78167411441606,-42.85053009890193,-80.9045088030188,0,0,0
0,-63.29431032887794,-68.92189366983386,-89.63298166862901,-69.97783479660534,-90.18420482946664,0,0,0
0,-55.30072969560224,-61.18429529840857,-96.543408244691,-54.881868973946204,-84.26375216900954,0,0,0
1,-51.051536920866795,-55.16631591523101,-89.63049404857988,-53.422618439997514,-77.94068513544076,0,0,0
0,-54.5005762454155,-57.46512351276161,-74.20265282290184,-59.97895807036756,-76.76137209228605,0,0,0
1,-64.17000656869398,-67.03405968475113,-55.78167411441606,-42.85053009890193,-80.9045088030188,0,0,0
0,-63.29431032887794,-68.92189366983386,-89.63298166862901,-69.97783479660534,-90.18420482946664,0,0,0
0,-49.68115363639593,-54.219998954265826,-48.21925007919567,-48.69818606247839,-64.14692866015463,0,0,0
1,-53.29429673502893,-55.84826935362145,-92.62353360737404,-56.447990846694346,-81.08135681724114,0,0,0
1,-64.17000656869398,-67.03405968475113,-55.78167411441606,-42.85053009890193,-80.9045088030188,0,0,0
0,-63.29431032887794,-68.92189366983386,-89.63298166862901,-69.97783479660534,-90.18420482946664,0,0,0
1,-52.45026322640592,-55.42830216850412,-46.5713316461935,-49.791100971399345,-66.42166272026397,0,0,0
1,-64.17000656869398,-67.03405968475113,-55.78167411441606,-42.85053009890193,-80.9045088030188,0,0,0
0,-66.66770898799169,-69.31062315032645,-82.51905960504288,-65.39844563497813,-91.42342686950455,0,0,0
1,-66.95076545222166,-66.95076545222166,-64.09300053043646,-50.60925840023204,-82.71292970855288,0,1,0
1,-52.400865639459354,-55.18098152253309,-38.04964285799281,-44.438911634096954,-58.32269705351665,0,2,0
0,-69.3958508492538,-73.64849702408033,-61.10761263089438,-64.03128298552792,-87.72813463852212,0,0,0
0,-64.04113288181628,-69.57829267969296,-89.632981668629,-83.48999101547345,-90.93102738240498,0,0,0
1,-48.14931027669701,-54.02449234400129,-58.63699750367776,-45.39756262210419,-65.74040952780034,0,0,0
0,-55.019544984311295,-60.576108723686865,-119.4213507601539,-108.45006017247425,-90.84595021235747,0,0,0
0,-54.36293241109702,-60.595749683060646,-72.10613449425186,-63.38492581968453,-75.99477275937258,0,0,0
0,-57.28089501738457,-62.87914588138196,-100.10653428960015,-58.62340024214177,-81.81979386092407,0,2,0
1,-51.267157382645394,-55.24811562520056,-55.784364784501136,-49.64772998970271,-68.00246681799574,0,0,0
0,-46.46023103543098,-49.47312231259203,-82.52163089817434,-46.80251666864767,-71.21672030488328,0,0,0
1,-70.1939019293138,-73.2493723559668,-64.99211450665219,-48.32400943958045,-89.69153628130945,0,0,0
0,-64.04113288181628,-69.57829267969296,-89.632981668629,-82.17058872235813,-90.93102738240498,0,0,0
1,-48.14931027669701,-54.02449234400129,-58.63699750367776,-45.39756262210419,-65.74040952780034,0,0,0
0,-55.019544984311295,-60.576108723686865,-119.4213507601539,-108.45006017247425,-90.84595021235747,0,0,0
0,-54.36293241109702,-60.595749683060646,-72.10613449425186,-63.38492581968453,-75.99477275937258,0,0,0
0,-57.28089501738457,-62.87914588138196,-100.10653428960015,-58.62340024214177,-81.81979386092407,0,2,0
1,-51.267157382645394,-55.24811562520056,-55.784364784501136,-49.64772998970271,-68.00246681799574,0,0,0
0,-46.46023103543098,-49.47312231259203,-82.52163089817434,-46.17414055833385,-71.21672030488328,0,0,0
1,-70.1939019293138,-73.2493723559668,-64.99211450665219,-48.32400943958045,-89.69153628130945,0,0,0
0,-73.31252140430975,-79.03709215075169,-69.25598939512437,-91.41775916361192,-90.62358232004733,0,0,1
0,-62.67093118708196,-68.60261635782791,-104.68919946485833,-76.57693402148115,-94.07769102653947,0,0,0
0,-54.36293241109702,-60.595749683060646,-72.10613449425186,-63.38492581968453,-75.99477275937258,0,0,0
0,-57.28089501738457,-62.87914588138196,-100.10653428960015,-58.62340024214177,-81.81979386092407,0,2,0
1,-51.267157382645394,-55.24811562520056,-55.784364784501136,-49.64772998970271,-68.00246681799574,0,0,0
0,-46.46023103543098,-49.47312231259203,-82.52163089817434,-46.80251666864767,-71.21672030488328,0,0,0
1,-70.1939019293138,-73.2493723559668,-64.99211450665219,-48.32400943958045,-89.69153628130945,0,0,0
0,-73.31252140430975,-79.03709215075169,-69.25598939512437,-92.91408631751156,-90.62358232004733,0,0,1
0,-62.67093118708196,-68.60261635782791,-104.68919946485833,-76.57693402148115,-94.07769102653947,0,0,0
0,-54.36293241109702,-60.595749683060646,-72.10613449425186,-63.38492581968453,-75.99477275937258,0,0,0
0,-47.31892703232216,-51.80035674571104,-80.42005365634377,-51.784546942000574,-71.4449431292253,0,0,0
1,-47.022722168981204,-49.537074232494376,-46.5713316461935,-49.52908679116566,-60.994121662839255,0,0,0
1,-70.1939019293138,-73.2493723559668,-64.99211450665219,-48.32400943958045,-89.69153628130945,0,0,0
0,-73.31252140430975,-79.03709215075169,-69.25598939512437,-92.91408631751156,-90.62358232004733,0,0,1
0,-62.67093118708196,-68.60261635782791,-104.68919946485833,-76.57693402148115,-94.07769102653947,0,0,0
0,-54.36293241109702,-60.595749683060646,-72.10613449425186,-63.38492581968453,-75.99477275937258,0,0,0
1,-47.16324148445127,-50.17806501879816,-48.527443135225916,-44.02893097908897,-58.25573852221931,0,0,1
1,-70.1939019293138,-73.2493723559668,-64.99211450665219,-48.32400943958045,-89.69153628130945,0,0,0
0,-73.31252140430975,-79.03709215075169,-69.25598939512437,-92.91408631751156,-90.62358232004733,0,0,1
0,-62.67093118708196,-68.60261635782791,-104.68919946485833,-76.57693402148115,-94.07769102653947,0,0,0
1,-57.574703995325734,-60.82081984120313,-66.94832391969814,-48.20259269547553,-77.65920117123517,0,0,0
1,-70.1939019293138,-73.2493723559668,-64.99211450665219,-48.32400943958045,-89.69153628130945,0,0,0
0,-73.31252140430975,-79.03709215075169,-69.25598939512437,-92.91408631751156,-90.62358232004733,0,0,1
0,-66.25352976969523,-69.21966592382742,-101.83397399961018,-85.27939870157863,-96.80372196957829,0,0,0
1,-69.23801359446601,-72.1470595076381,-64.99211450665219,-62.508006528116034,-85.26991204366195,0,0,1
0,-66.25352976969523,-69.21966592382742,-101.83397399961018,-85.27939870157863,-96.80372196957829,0,0,0
1,-67.92207745720393,-67.92207745720393,-91.72432170714478,-62.28296871939434,-91.97363806654764,0,0,1
1,-51.906472449220715,-54.84805407640523,-47.63588289424875,-48.78092660885973,-55.80002960909616,1,1,1
0,-69.62058335689903,-73.76064592913501,-49.941060749625855,-67.1598643011495,-84.6029015817868,0,0,0
0,-64.48116976317405,-70.2334044651267,-89.63298166862901,-81.95202865721544,-91.37106426376275,0,0,0
0,-54.95632818121604,-61.12050545064841,-74.06224598328427,-55.97739128301862,-77.17500197620132,0,0,0
1,-48.95777922978964,-54.350627654533994,-51.406582851981845,-50.1281126931374,-64.37975408538419,0,0,0
0,-52.645605810824264,-58.37199902057623,-83.27268637552037,-63.10522555958509,-77.62741172348038,0,0,0
0,-65.70925408671128,-71.17072357921924,-108.87533404955317,-74.72856498744504,-98.37185430157723,0,0,0
0,-60.8490235162342,-65.64428978181357,-57.42969047143178,-66.29303218706764,-74.612194754864,0,1,0
1,-47.49503998936504,-50.51665455068867,-39.31700274298979,-44.87816127375181,-55.82440490946225,0,1,0
1,-75.16359426927468,-78.10648109333714,-54.89021179745245,-53.12585462007687,-91.63065780851042,0,0,0
0,-64.48116976317405,-70.2334044651267,-89.63298166862901,-81.95202865721544,-91.37106426376275,0,0,0
0,-54.95632818121604,-61.12050545064841,-74.06224598328427,-57.06171744098325,-77.17500197620132,0,0,0
1,-48.95777922978964,-54.350627654533994,-51.406582851981845,-50.1281126931374,-64.37975408538419,0,0,0
0,-52.645605810824264,-58.37199902057623,-83.27268637552037,-63.10522555958509,-77.62741172348038,0,0,0
0,-65.70925408671128,-71.17072357921924,-108.87533404955317,-74.72856498744504,-98.37185430157723,0,0,0
0,-60.8490235162342,-65.64428978181357,-57.42969047143178,-66.29303218706764,-74.612194754864,0,1,0
1,-47.49503998936504,-50.51665455068867,-39.31700274298979,-46.53380406457883,-55.82440490946225,0,1,0
1,-75.16359426927468,-78.10648109333714,-54.89021179745245,-53.12585462007687,-91.63065780851042,0,0,0
0,-64.48116976317405,-70.2334044651267,-89.63298166862901,-81.95202865721544,-91.37106426376275,0,0,0
0,-47.49108819444662,-53.40365901760504,-71.21467217728825,-49.374778757543105,-68.8554898476331,0,0,0
1,-54.58118887690778,-59.959827557318974,-48.535094794478034,-54.00140442316238,-63.648655871910634,0,0,2
0,-65.70925408671128,-71.17072357921924,-108.87533404955317,-75.3446837160886,-98.37185430157723,0,0,0
0,-60.8490235162342,-65.64428978181357,-57.42969047143178,-66.29303218706764,-74.612194754864,0,1,0
1,-47.49503998936504,-50.51665455068867,-39.31700274298979,-46.53380406457883,-55.82440490946225,0,1,0
1,-75.16359426927468,-78.10648109333714,-54.89021179745245,-53.12585462007687,-91.63065780851042,0,0,0
0,-64.48116976317405,-70.2334044651267,-89.63298166862901,-81.95202865721544,-91.37106426376275,0,0,0
1,-51.41896065810218,-57.31732173692743,-42.172228208237925,-49.66136932820757,-60.60489321777383,0,1,0
0,-61.94398501308029,-67.08257867320054,-110.0100718661472,-77.03785019536883,-94.94700657292444,0,0,0
0,-60.8490235162342,-65.64428978181357,-57.42969047143178,-66.29303218706764,-74.612194754864,0,1,0
1,-47.49503998936504,-50.51665455068867,-39.31700274298979,-46.53380406457883,-55.82440490946225,0,1,0
1,-75.16359426927468,-78.10648109333714,-54.89021179745245,-53.12585462007687,-91.63065780851042,0,0,0
0,-72.6911494421904,-78.25845830664791,-68.90951577485122,-84.51255491305164,-93.36400417464576,0,0,0
0,-65.87435674947527,-71.5326728080096,-108.0539603771148,-72.72385435182952,-98.2905448626097,0,0,0
0,-60.8490235162342,-65.64428978181357,-57.42969047143178,-66.29303218706764,-74.612194754864,0,1,0
1,-47.49503998936504,-50.51665455068867,-39.31700274298979,-46.53380406457883,-55.82440490946225,0,1,0
1,-75.16359426927468,-78.10648109333714,-54.89021179745245,-53.12585462007687,-91.63065780851042,0,0,0
0,-72.6911494421904,-78.25845830664791,-68.90951577485122,-84.51255491305164,-93.36400417464576,0,0,0
0,-65.87435674947527,-71.5326728080096,-108.0539603771148,-75.13063165520926,-98.2905448626097,0,0,0
1,-61.40788926830747,-64.64234915811514,-28.150450861721268,-47.67001666662784,-66.38728862402412,0,1,0
1,-75.16359426927468,-78.10648109333714,-54.89021179745245,-53.12585462007687,-91.63065780851042,0,0,0
0,-72.6911494421904,-78.25845830664791,-68.90951577485122,-84.51255491305164,-93.36400417464576,0,0,0
0,-69.59820176874003,-72.69712387799011,-73.31119050593824,-72.55370955974382,-88.12582301772177,0,0,1
1,-65.98738356819966,-68.78682253777482,-46.57123372217995,-63.05660440332637,-76.49301778205393,0,0,1
0,-69.59820176874003,-72.69712387799011,-73.31119050593824,-72.55370955974382,-88.12582301772177,0,0,1
1,-72.70002100300877,-72.70002100300877,-36.4616793537281,-54.61179042995193,-80.17278890632748,0,0,1
1,-52.87298927050503,-55.653105153578764,-46.57123372217995,-49.75424068672249,-56.44715167875984,1,1,1
0,-69.07133057384394,-74.78760024105793,-50.83252306658946,-63.24176461025942,-84.32108749382077,0,0,0
0,-63.77275550092597,-70.69549295351747,-89.63298166862901,-83.39818781411707,-90.66265000151466,0,0,0
0,-46.936692733844275,-55.3305303044356,-53.68525370977963,-54.31714223371924,-63.042268846778164,0,0,0
0,-59.29018663007787,-64.70209633691842,-115.87966559763464,-96.306343141914,-94.05408630936826,0,0,0
0,-66.58645095063794,-72.55755876681542,-97.78134418192779,-81.01371976936925,-95.92085420521627,0,0,0
0,-64.43310278367215,-72.35083809238225,-108.05396037711479,-95.22222466269334,-96.8492908968066,0,0,0
0,-59.07137947427431,-64.62798189241775,-71.20961326410766,-68.30779291608599,-76.96852755070688,0,1,0
1,-48.89219452997936,-52.42812353088842,-28.150450861721268,-48.602398646723415,-46.940122080096565,1,1,1
1,-70.47486497861689,-74.96467473864094,-55.78167411441606,-49.43006877677815,-87.20936721294171,0,0,0
0,-63.77275550092597,-70.69549295351747,-89.63298166862901,-82.40013583485856,-90.66265000151466,0,0,0
0,-46.936692733844275,-55.3305303044356,-53.68525370977963,-54.31714223371924,-63.042268846778164,0,0,0
0,-59.29018663007787,-64.70209633691842,-115.87966559763464,-96.306343141914,-94.05408630936826,0,0,0
0,-66.58645095063794,-72.55755876681542,-97.78134418192779,-81.01371976936925,-95.92085420521627,0,0,0
0,-64.43310278367215,-72.35083809238225,-108.05396037711479,-95.22222466269334,-96.8492908968066,0,0,0
0,-59.07137947427431,-64.62798189241775,-71.20961326410766,-68.30779291608599,-76.96852755070688,0,1,0
1,-48.89219452997936,-52.42812353088842,-28.150450861721268,-48.602398646723415,-46.940122080096565,1,1,1
1,-70.47486497861689,-74.96467473864094,-55.78167411441606,-49.43006877677815,-87.20936721294171,0,0,0
0,-63.77275550092597,-70.69549295351747,-89.63298166862901,-82.40013583485856,-90.66265000151466,0,0,0
0,-46.936692733844275,-55.3305303044356,-53.68525370977963,-54.31714223371924,-63.042268846778164,0,0,0
0,-59.29018663007787,-64.70209633691842,-115.87966559763464,-96.306343141914,-94.05408630936826,0,0,0
0,-66.58645095063794,-72.55755876681542,-97.78134418192779,-81.01371976936925,-95.92085420521627,0,0,0
0,-64.43310278367215,-72.35083809238225,-108.05396037711479,-95.22222466269334,-96.8492908968066,0,0,0
1,-58.31042747647045,-62.318272280113746,-39.31700274298979,-49.76090639279452,-66.63979239656767,0,1,0
1,-70.47486497861689,-74.96467473864094,-55.78167411441606,-49.43006877677815,-87.20936721294171,0,0,0
0,-63.77275550092597,-70.69549295351747,-89.63298166862901,-83.39818781411707,-90.66265000151466,0,0,0
0,-46.936692733844275,-55.3305303044356,-53.68525370977963,-54.31714223371924,-63.042268846778164,0,0,0
0,-59.29018663007787,-64.70209633691842,-115.87966559763464,-96.306343141914,-94.05408630936826,0,0,0
0,-66.58645095063794,-72.55755876681542,-97.78134418192779,-81.01371976936925,-95.92085420521627,0,0,0
1,-60.10675347383896,-65.40365215558651,-75.26730199497064,-51.24470444245726,-79.22120816953043,0,0,1
1,-70.47486497861689,-74.96467473864094,-55.78167411441606,-49.43006877677815,-87.20936721294171,0,0,0
0,-63.77275550092597,-70.69549295351747,-89.63298166862901,-82.40013583485856,-90.66265000151466,0,0,0
0,-46.936692733844275,-55.3305303044356,-53.68525370977963,-54.31714223371924,-63.042268846778164,0,0,0
0,-59.29018663007787,-64.70209633691842,-115.87966559763464,-96.306343141914,-94.05408630936826,0,0,0
1,-64.7454369476646,-67.991552793542,-113.00052588087871,-82.31802582895006,-98.64559471192821,0,0,0
1,-70.47486497861689,-74.96467473864094,-55.78167411441606,-49.43006877677815,-87.20936721294171,0,0,0
0,-63.77275550092597,-70.69549295351747,-89.63298166862901,-83.39818781411707,-90.66265000151466,0,0,0
0,-46.936692733844275,-55.3305303044356,-53.68525370977963,-51.959707452483684,-63.042268846778164,0,0,0
1,-59.4578532691707,-62.026077972770494,-92.62353360737407,-94.89139314508108,-87.24491335138292,0,0,0
1,-70.47486497861689,-74.96467473864094,-55.78167411441606,-49.43006877677815,-87.20936721294171,0,0,0
0,-63.77275550092597,-70.69549295351747,-89.63298166862901,-82.40013583485856,-90.66265000151466,0,0,0
1,-51.63819551476349,-54.58789349587083,-55.781772038429615,-50.32269566662997,-68.37272712629238,0,0,0
1,-70.47486497861689,-74.96467473864094,-55.78167411441606,-49.43006877677815,-87.20936721294171,0,0,0
0,-71.75239441888331,-74.56216805347398,-73.30861921280678,-76.59045131320858,-93.74498018272534,0,0,0
1,-71.35309250842073,-71.35309250842073,-64.09300053043646,-59.40577545899846,-90.58099266755167,0,0,0
1,-50.653527577428946,-53.46880360279159,-54.890211797452466,-49.18391688330183,-63.654855213864955,0,1,0
0,-67.04646191603015,-70.92665964735122,-57.42959254741823,-61.449722406080774,-84.27533968025563,0,0,0
0,-70.19229817813898,-75.42177422005079,-93.6907897764456,-95.9363529103705,-98.29953511107266,0,0,0
0,-59.680381609103385,-64.15904125190454,-59.15159906587552,-67.13427481995424,-73.96012542606631,0,1,0
1,-49.00660481563709,-51.95060809332575,-27.25898854475766,-46.64921401551207,-53.71856547626466,0,0,1
1,-69.26138680900024,-71.91986400211373,-48.527345211212356,-48.796684141451045,-83.81959037236395,0,0,0
0,-70.19229817813898,-75.42177422005079,-93.6907897764456,-95.9363529103705,-98.29953511107266,0,0,0
0,-59.680381609103385,-64.15904125190454,-59.15159906587552,-67.13427481995424,-73.96012542606631,0,1,0
1,-49.00660481563709,-51.95060809332575,-27.25898854475766,-46.64921401551207,-53.71856547626466,0,0,1
1,-69.26138680900024,-71.91986400211373,-48.527345211212356,-47.62930752086534,-83.81959037236395,0,0,0
0,-70.19229817813898,-75.42177422005079,-93.6907897764456,-95.9363529103705,-98.29953511107266,0,0,0
1,-59.656166711769366,-62.58606874007037,-37.36089125395738,-49.2861468812796,-60.4672263795574,1,1,1
1,-69.26138680900024,-71.91986400211373,-48.527345211212356,-47.62930752086534,-83.81959037236395,0,0,0
0,-62.35770738068966,-65.10915350000484,-82.51905960504288,-58.898250586336616,-83.6476893594028,0,0,1
1,-62.059179782536624,-62.059179782536624,-45.672119745964224,-42.46374827968367,-72.29507980352616,0,0,1
1,-50.80816801157799,-53.6053557327398,-46.57123372217994,-48.77847933636023,-61.31380222543225,0,0,1
0,-66.74793570867533,-70.58007474316673,-61.10513926177648,-60.87964154504456,-85.07947748720827,0,0,0
0,-63.568006070674784,-67.82305355397247,-88.7364604384848,-69.380637240853,-90.18894420222023,0,0,0
1,-47.49503998936504,-50.40092363712074,-37.36089125395738,-44.577692575546415,-58.70330736555225,0,0,0
1,-71.85281064090317,-74.463229137187,-54.88773842833455,-48.36497011909175,-88.31913216940353,0,0,0
0,-63.568006070674784,-67.82305355397247,-88.7364604384848,-69.380637240853,-90.18894420222023,0,0,0
1,-47.49503998936504,-50.40092363712074,-37.36089125395738,-45.14682081778125,-58.70330736555225,0,0,0
1,-71.85281064090317,-74.463229137187,-54.88773842833455,-48.36497011909175,-88.31913216940353,0,0,0
0,-62.47144974882294,-65.16569085634893,-64.09817882057067,-56.59247684315324,-81.70090339499414,0,0,0
1,-63.76913266857512,-63.76913266857512,-45.672119745964224,-41.428110774351296,-77.47076859236438,0,0,0
1,-50.6578140748826,-53.505069638793024,-36.46933101298023,-47.191222888755696,-47.146754589295846,1,2,2
0,-66.57184277135114,-70.76594206517687,-69.25340385106169,-67.13681416723628,-87.34786392666965,0,0,0
0,-65.0015508600745,-70.66235790686922,-80.4225412763929,-70.3684601975638,-89.12831324299238,0,0,0
0,-61.98160428654714,-67.99018172654249,-86.26831868038607,-62.22775909888015,-87.86209989066296,0,0,0
1,-53.119899523397024,-58.511719805332824,-56.161025674190405,-57.143334057330804,-66.50247132285442,0,0,1
0,-55.095181201581354,-60.87866628617557,-128.63179115239004,-60.51710356847761,-93.68471854729836,0,0,0
0,-68.08643116712784,-73.5114724201543,-110.0100718661472,-85.32194902989653,-101.089452726972,0,0,0
0,-61.09558723819327,-66.03731244702811,-77.80668274493641,-66.75990186729018,-84.4375920616742,0,0,0
1,-47.77816609584144,-50.85019245936797,-30.106562350753677,-46.096802785819555,-53.34439889826782,0,0,1
1,-77.6577344027264,-80.65465794837863,-54.89021179745245,-57.74326034480232,-94.12479794196214,0,0,0
0,-65.0015508600745,-70.66235790686922,-80.4225412763929,-70.3684601975638,-89.12831324299238,0,0,0
0,-61.98160428654714,-67.99018172654249,-86.26831868038607,-62.22775909888015,-87.86209989066296,0,0,0
1,-53.119899523397024,-58.511719805332824,-56.161025674190405,-57.143334057330804,-66.50247132285442,0,0,1
0,-55.095181201581354,-60.87866628617557,-128.63179115239004,-60.51710356847761,-93.68471854729836,0,0,0
0,-68.08643116712784,-73.5114724201543,-110.0100718661472,-79.24495141973745,-101.089452726972,0,0,0
0,-61.09558723819327,-66.03731244702811,-77.80668274493641,-66.75990186729018,-84.4375920616742,0,0,0
1,-47.77816609584144,-50.85019245936797,-30.106562350753677,-46.096802785819555,-53.34439889826782,0,0,1
1,-77.6577344027264,-80.65465794837863,-54.89021179745245,-57.74326034480232,-94.12479794196214,0,0,0
0,-65.0015508600745,-70.66235790686922,-80.4225412763929,-70.3684601975638,-89.12831324299238,0,0,0
0,-49.413902238842056,-55.16102879658674,-80.42511256952434,-51.69249847181895,-73.54143600969935,0,0,0
1,-55.79422429780575,-61.17428709218542,-60.048120296019725,-57.815155443987436,-73.80866038661166,0,0,0
0,-68.08643116712784,-73.5114724201543,-110.0100718661472,-85.32194902989653,-101.089452726972,0,0,0
0,-61.09558723819327,-66.03731244702811,-77.80668274493641,-66.75990186729018,-84.4375920616742,0,0,0
1,-47.77816609584144,-50.85019245936797,-30.106562350753677,-46.096802785819555,-53.34439889826782,0,0,1
1,-77.6577344027264,-80.65465794837863,-54.89021179745245,-57.74326034480232,-94.12479794196214,0,0,0
0,-65.0015508600745,-70.66235790686922,-80.4225412763929,-70.3684601975638,-89.12831324299238,0,0,0
1,-52.57614443255963,-58.31151350274819,-39.32465440224192,-47.30922321819855,-64.3735407532322,0,0,0
0,-61.30582816286108,-66.39186533026476,-108.05396037711479,-76.30351930154112,-93.72201627599551,0,0,0
0,-61.09558723819327,-66.03731244702811,-77.80668274493641,-66.75990186729018,-84.4375920616742,0,0,0
1,-47.77816609584144,-50.85019245936797,-30.106562350753677,-46.096802785819555,-53.34439889826782,0,0,1
1,-77.6577344027264,-80.65465794837863,-54.89021179745245,-57.74326034480232,-94.12479794196214,0,0,0
0,-70.04653517589921,-75.50545813341029,-66.9534042858188,-73.88159485581826,-90.13255646164485,0,0,0
0,-65.6379693749114,-71.07931281812397,-109.1186095491836,-74.77549315999089,-98.37355223966648,0,0,0
0,-61.09558723819327,-66.03731244702811,-77.80668274493641,-66.75990186729018,-84.4375920616742,0,0,0
1,-47.77816609584144,-50.85019245936797,-30.106562350753677,-46.423442884159186,-53.34439889826782,0,0,1
1,-77.6577344027264,-80.65465794837863,-54.89021179745245,-57.74326034480232,-94.12479794196214,0,0,0
0,-70.04653517589921,-75.50545813341029,-66.9534042858188,-73.88159485581826,-90.13255646164485,0,0,0
0,-65.6379693749114,-71.07931281812397,-109.1186095491836,-73.1307949606248,-98.37355223966648,0,0,0
1,-59.93433936911848,-63.306027182123664,-36.46942893699378,-45.681722884423294,-60.477960341817436,1,1,1
1,-77.6577344027264,-80.65465794837863,-54.89021179745245,-57.74326034480232,-94.12479794196214,0,0,0
0,-70.04653517589921,-75.50545813341029,-66.9534042858188,-73.88159485581826,-90.13255646164485,0,0,0
0,-72.79042557943657,-75.72620963001599,-83.41309321513793,-74.40650181397913,-97.81435354397794,0,0,0
1,-64.67520761869902,-67.47479263830816,-37.360793329943824,-52.49155434376647,-72.41770971488245,0,0,1
0,-72.79042557943657,-75.72620963001599,-83.41309321513793,-74.40650181397913,-97.81435354397794,0,0,0
1,-75.22914879941601,-75.22914879941601,-64.09300053043646,-55.28480253360985,-90.99131305574723,0,0,1
0,-58.086599770409215,-61.28953938987126,-110.35121928352183,-55.19341646734055,-91.19196555546577,0,0,0
1,-52.446576732833776,-56.58070534588673,-50.83252306658945,-52.68958523328971,-67.69633365281061,0,0,0
0,-54.55559793522477,-59.815306175160515,-97.05142482189618,-59.891224658807666,-83.67102538179361,0,0,0
0,-71.90947038020671,-77.75561900571324,-74.06224598328427,-79.215143722495,-90.66240827239227,0,0,1
0,-69.05842973292103,-75.26315356556029,-97.43487056165459,-85.36417963134016,-98.2888909014174,0,0,0
0,-54.2485314695659,-60.15415503205291,-69.80354938494628,-62.94897994232182,-75.18959628504979,0,0,0
0,-52.6309367757334,-58.30303685063864,-67.46409008016899,-52.627336791857864,-72.8701637997841,0,0,0
1,-46.28721832690623,-50.41832815716385,-37.3634840000289,-43.76880079364424,-54.030527624115166,0,0,1
0,-52.12419910949389,-55.12812942505716,-99.1508688718884,-53.64237847313433,-81.8694597710604,0,0,0
0,-50.89827462803327,-53.80594333389627,-82.7198981068135,-52.54405070045083,-75.71424406007732,0,0,0
1,-53.80312781319837,-57.8373315695304,-57.74037834951999,-53.81017250466265,-71.12524131805438,0,0,0
0,-71.90947038020671,-77.75561900571324,-74.06224598328427,-79.215143722495,-90.66240827239227,0,0,1
0,-69.05842973292103,-75.26315356556029,-97.43487056165459,-85.36417963134016,-98.2888909014174,0,0,0
0,-54.2485314695659,-60.15415503205291,-69.80354938494628,-62.854021297307504,-75.18959628504979,0,0,0
0,-52.6309367757334,-58.30303685063864,-67.46409008016899,-52.627336791857864,-72.8701637997841,0,0,0
1,-46.28721832690623,-50.41832815716385,-37.3634840000289,-43.76880079364424,-54.030527624115166,0,0,1
0,-52.12419910949389,-55.12812942505716,-99.1508688718884,-53.64237847313433,-81.8694597710604,0,0,0
1,-48.5278425173127,-51.335586366454784,-46.57123372217995,-39.53979273681981,-50.074679385026684,1,2,1
0,-65.64102054913332,-69.80433561283182,-87.01702521315899,-62.59455717363672,-91.74612811308101,0,0,0
0,-69.05842973292103,-75.26315356556029,-97.43487056165459,-85.36417963134016,-98.2888909014174,0,0,0
0,-54.2485314695659,-60.15415503205291,-69.80354938494628,-62.854021297307504,-75.18959628504979,0,0,0
0,-52.6309367757334,-58.30303685063864,-67.46409008016899,-52.627336791857864,-72.8701637997841,0,0,0
1,-46.28721832690623,-50.41832815716385,-37.3634840000289,-43.76880079364424,-54.030527624115166,0,0,1
0,-52.12419910949389,-55.12812942505716,-99.1508688718884,-53.64237847313433,-81.8694597710604,0,0,0
1,-75.29215486800857,-78.22901002451712,-64.99211450665219,-52.428831929546654,-94.78978922000422,0,0,0
0,-69.05842973292103,-75.26315356556029,-97.43487056165459,-85.36417963134016,-98.2888909014174,0,0,0
0,-54.2485314695659,-60.15415503205291,-69.80354938494628,-62.94897994232182,-75.18959628504979,0,0,0
0,-52.6309367757334,-58.30303685063864,-67.46409008016899,-58.30414759652644,-72.8701637997841,0,0,0
1,-46.28721832690623,-50.41832815716385,-37.3634840000289,-43.76880079364424,-54.030527624115166,0,0,1
0,-52.12419910949389,-55.12812942505716,-99.1508688718884,-53.64237847313433,-81.8694597710604,0,0,0
1,-75.29215486800857,-78.22901002451712,-64.99211450665219,-52.428831929546654,-94.78978922000422,0,0,0
0,-69.05842973292103,-75.26315356556029,-97.43487056165459,-85.36417963134016,-98.2888909014174,0,0,0
0,-54.2485314695659,-60.15415503205291,-69.80354938494628,-62.854021297307504,-75.18959628504979,0,0,0
0,-48.351289110019536,-52.951310172462385,-76.16135705800578,-52.020619148824345,-71.19969622742127,0,0,0
1,-52.13818171336136,-54.72053392911884,-73.31119050593824,-51.27227633211036,-74.13153886514283,0,0,0
1,-75.29215486800857,-78.22901002451712,-64.99211450665219,-52.428831929546654,-94.78978922000422,0,0,0
0,-69.05842973292103,-75.26315356556029,-97.43487056165459,-85.36417963134016,-98.2888909014174,0,0,0
0,-54.2485314695659,-60.15415503205291,-69.80354938494628,-62.94897994232182,-75.18959628504979,0,0,0
1,-48.19560356214865,-51.24686701009135,-37.360891253957384,-42.46847061558277,-55.938135035536135,0,1,0
1,-75.29215486800857,-78.22901002451712,-64.99211450665219,-52.428831929546654,-94.78978922000422,0,0,0
0,-69.05842973292103,-75.26315356556029,-97.43487056165459,-85.36417963134016,-98.2888909014174,0,0,0
1,-51.57088496614785,-54.48041629527281,-55.781772038429615,-46.120450537527674,-64.83968067487702,0,0,1
1,-75.29215486800857,-78.22901002451712,-64.99211450665219,-52.428831929546654,-94.78978922000422,0,0,0
0,-65.5556274970873,-68.85691111455947,-85.36920470417036,-60.53410636663026,-91.1663889083384,0,0,0
1,-60.12323227903117,-60.12323227903117,-54.88256013820034,-43.4960129535886,-76.58800032049128,0,0,0
1,-50.04698427962883,-52.84699881034936,-47.95318043453984,-46.54308604642526,-64.43293840999078,0,0,0
0,-65.2867367160933,-68.98080841520118,-68.35946816498017,-61.15633959707765,-85.79457716558736,0,0,0
0,-64.39765044204115,-68.81588539079101,-86.78034894945237,-69.27500809005669,-90.43175512687687,0,0,0
1,-48.93178470843837,-51.996685373748015,-38.74073854961454,-44.655396921095104,-57.088270370523006,0,1,0
1,-70.88310431287114,-73.35071610478907,-54.88773842833455,-48.96512770213681,-87.3494258413715,0,0,0
0,-64.39765044204115,-68.81588539079101,-86.78034894945237,-69.27500809005669,-90.43175512687687,0,0,0
1,-48.93178470843837,-51.996685373748015,-38.74073854961454,-46.636157051856806,-57.088270370523006,0,1,0
1,-70.88310431287114,-73.35071610478907,-54.88773842833455,-48.96512770213681,-87.3494258413715,0,0,0
0,-66.29130372183042,-69.14873229480858,-66.05429030960308,-61.65012055363318,-86.10759081471134,0,0,0
1,-67.5889866415826,-67.5889866415826,-54.88256013820035,-46.35241277618385,-84.0537546830427,0,0,0
0,-54.882261589506776,-58.06417985743665,-93.88644998808199,-52.89460013873291,-79.58246068313166,0,1,0
1,-53.57656524109816,-57.598391338391025,-76.16125913399222,-54.45168498423952,-76.42494298129583,0,0,0
0,-55.25461072640879,-60.41084344353467,-95.09531333286377,-79.36484504920635,-80.3174688234682,0,0,1
0,-68.7976723678457,-74.31377820274781,-70.32320986032465,-66.78529534335232,-89.8946353259431,0,0,0
0,-71.0466809376963,-76.77495930230965,-104.85991295084558,-100.93421679459101,-102.50465482294996,0,0,0
0,-61.18061933655812,-65.74702969843399,-55.78436478450114,-70.48982288551362,-74.45019286910873,0,1,0
1,-49.00660481563709,-51.938097744547754,-29.215100033790073,-46.64178620569076,-57.77113482577411,0,0,0
0,-47.848981050980896,-50.64908661006618,-92.62343568336054,-52.8331982314736,-75.63601175598906,0,0,0
1,-53.8749004342989,-57.91189699786912,-46.57382646825147,-52.020550818460485,-64.38131247197462,0,0,1
0,-68.7976723678457,-74.31377820274781,-70.32320986032465,-66.78529534335232,-89.8946353259431,0,0,0
0,-71.0466809376963,-76.77495930230965,-104.85991295084558,-100.93421679459101,-102.50465482294996,0,0,0
0,-61.18061933655812,-65.74702969843399,-55.78436478450114,-70.48982288551362,-74.45019286910873,0,1,0
1,-49.00660481563709,-51.938097744547754,-29.215100033790073,-46.64178620569076,-57.77113482577411,0,0,0
1,-47.587500414424966,-50.40277643978761,-45.67977140521634,-42.633277066095836,-57.82569593319014,0,1,0
0,-65.49046827033717,-69.36308796988679,-66.64003293965435,-62.203187618667314,-85.48247815223348,0,0,0
0,-71.0466809376963,-76.77495930230965,-104.85991295084558,-100.93421679459101,-102.50465482294996,0,0,0
0,-61.18061933655812,-65.74702969843399,-55.78436478450114,-70.48982288551362,-74.45019286910873,0,1,0
1,-49.00660481563709,-51.938097744547754,-29.215100033790073,-44.06336149470291,-57.77113482577411,0,0,0
1,-68.6038988018725,-71.25479796321454,-55.78167411441606,-49.107040968302094,-85.33840103619733,0,0,0
0,-71.0466809376963,-76.77495930230965,-104.85991295084558,-100.93421679459101,-102.50465482294996,0,0,0
0,-61.18061933655812,-65.74702969843399,-55.78436478450114,-70.48982288551362,-74.45019286910873,0,1,0
1,-49.00660481563709,-51.938097744547754,-29.215100033790073,-46.64178620569076,-57.77113482577411,0,0,0
1,-68.6038988018725,-71.25479796321454,-55.78167411441606,-49.107040968302094,-85.33840103619733,0,0,0
0,-71.0466809376963,-76.77495930230965,-104.85991295084558,-100.93421679459101,-102.50465482294996,0,0,0
1,-61.1564044392241,-64.15277740527031,-37.36089125395738,-52.3224002306448,-61.967464107012134,1,1,1
1,-68.6038988018725,-71.25479796321454,-55.78167411441606,-49.520266126649744,-85.33840103619733,0,0,0
0,-62.45785568473812,-65.72606048666718,-74.20265282290183,-60.50176121479404,-81.25291562880895,0,0,1
1,-58.98014525292531,-58.98014525292531,-64.09300053043646,-40.95927019123227,-78.20804541205625,0,0,0
1,-49.499908964832024,-52.315184990194666,-44.98667422090543,-45.622222144712566,-46.516726901082,2,2,2
0,-69.62730600835896,-73.49992570790857,-66.64003293965435,-63.797172306399204,-89.61931589025527,0,0,0
0,-73.06618954872204,-78.1691772737411,-93.69078977644561,-98.06918639912773,-101.17342648165572,0,0,0
0,-59.680381609103385,-64.14693829011959,-57.74047627353356,-67.32973161718897,-73.53678858836373,0,1,0
1,-49.00660481563709,-51.94843414061068,-30.106562350753677,-46.62389885664224,-58.038573520863196,0,0,0
1,-71.84223090132905,-74.49313006267109,-46.57123372217995,-51.183236367419546,-85.81360101798303,0,0,0
0,-73.06618954872204,-78.1691772737411,-93.69078977644561,-98.06918639912773,-101.17342648165572,0,0,0
0,-59.680381609103385,-64.14693829011959,-57.74047627353356,-67.29747993148483,-73.53678858836373,0,1,0
1,-49.00660481563709,-51.94843414061068,-30.106562350753677,-46.62389885664224,-58.038573520863196,0,0,0
1,-71.84223090132905,-74.49313006267109,-46.57123372217995,-51.183236367419546,-85.81360101798303,0,0,0
0,-73.06618954872204,-78.1691772737411,-93.69078977644561,-98.06918639912773,-101.17342648165572,0,0,0
1,-59.656166711769366,-62.55268599695592,-39.31700274298979,-49.30789896797767,-61.05405982626712,1,1,1
1,-71.84223090132905,-74.49313006267109,-46.57123372217995,-50.113426257131024,-85.81360101798303,0,0,0
0,-65.73125092878932,-68.37416509112408,-91.729499997279,-74.69964508524217,-93.25010092797302,0,0,0
1,-59.38078451857186,-59.38078451857186,-54.88256013820034,-40.5729192965742,-72.37981665723224,0,0,1
1,-45.42427546392568,-48.369979322219024,-64.99211450665219,-42.625409940241475,-61.45617391312161,0,1,0
0,-62.61851760713233,-66.61778163906635,-68.59614442868676,-59.735003702154735,-79.73162503293864,0,0,1
0,-68.6572587672285,-73.96590427447636,-100.9451186796493,-95.43796659272141,-98.94079437112329,0,0,0
0,-56.23525923815437,-60.85307900378836,-70.31815094714405,-65.42764775310225,-77.33070452229758,0,0,0
1,-46.640050094010036,-49.74868395609484,-39.31700274298979,-44.9288060578287,-54.96941501410725,0,0,1
1,-67.57810691403792,-70.350911038782,-57.73778560344847,-48.302819851508644,-84.89944259507246,0,0,0
0,-68.6572587672285,-73.96590427447636,-100.9451186796493,-95.43796659272141,-98.94079437112329,0,0,0
0,-56.23525923815437,-60.85307900378836,-70.31815094714405,-65.42764775310225,-77.33070452229758,0,0,0
1,-46.640050094010036,-49.74868395609484,-39.31700274298979,-44.9288060578287,-54.96941501410725,0,0,1
1,-67.57810691403792,-70.350911038782,-57.73778560344847,-48.302819851508644,-84.89944259507246,0,0,0
0,-68.6572587672285,-73.96590427447636,-100.9451186796493,-95.43796659272141,-98.94079437112329,0,0,0
1,-56.45760806277943,-59.50848641387366,-46.5713316461935,-47.53477148095076,-66.96327165383775,0,0,1
1,-67.57810691403792,-70.350911038782,-57.73778560344847,-48.302819851508644,-84.89944259507246,0,0,0
0,-64.01312945461478,-66.85416316994471,-82.51905960504288,-61.446309906697344,-85.30311143332793,0,0,1
1,-61.705078253753655,-61.705078253753655,-54.88256013820035,-42.604195252101505,-74.70411039241404,0,0,1
1,-52.400865639459354,-55.14168676544913,-38.04964285799281,-48.931861382031784,-58.32269705351665,0,2,0
0,-70.22606668161201,-74.32200283242418,-60.04296345882558,-67.88307307716931,-88.23895571925968,0,0,0
0,-64.79894976595455,-70.52299200637354,-91.58909315766142,-87.65202111565816,-92.27567771325297,0,0,0
0,-60.04267727621817,-65.56448989591874,-105.05827808349828,-61.73568561246179,-91.56016070126765,0,0,0
1,-53.427861039083666,-57.495065231806564,-48.21925007919567,-52.44011172370913,-64.42790016004264,0,0,1
0,-51.78108579236385,-54.61697139767021,-72.81645845428001,-52.131385528299774,-70.16028742584813,0,1,0
1,-72.54927508658818,-75.44803548922683,-55.781674114416056,-49.116718047212856,-85.81804141811328,0,1,0
0,-64.79894976595455,-70.52299200637354,-91.58909315766142,-86.38616322236129,-92.27567771325297,0,0,0
0,-60.04267727621817,-65.56448989591874,-105.05827808349828,-61.081836040856594,-91.56016070126765,0,0,0
1,-53.427861039083666,-57.495065231806564,-48.21925007919567,-52.44011172370913,-64.42790016004264,0,0,1
0,-51.78108579236385,-54.61697139767021,-72.81645845428001,-52.131385528299774,-70.16028742584813,0,1,0
1,-72.54927508658818,-75.44803548922683,-55.781674114416056,-49.116718047212856,-85.81804141811328,0,1,0
0,-64.79894976595455,-70.52299200637354,-91.58909315766142,-87.65202111565816,-92.27567771325297,0,0,0
0,-48.23616531418507,-52.76310784408895,-65.7486685467043,-47.069918134518154,-67.96076587819636,0,0,0
1,-52.98578066881951,-55.492178485770715,-84.47774238720676,-55.15458313150953,-78.32910338498154,0,0,0
1,-72.54927508658818,-75.44803548922683,-55.781674114416056,-49.116718047212856,-85.81804141811328,0,1,0
0,-64.79894976595455,-70.52299200637354,-91.58909315766142,-87.65202111565816,-92.27567771325297,0,0,0
1,-48.08047976631417,-51.04661592044636,-37.36089125395738,-43.20147175892378,-53.79568569916083,0,2,0
1,-72.54927508658818,-75.44803548922683,-55.781674114416056,-49.116718047212856,-85.81804141811328,0,1,0
0,-68.36784556387076,-71.1833703971406,-56.84384991736696,-61.882907334089246,-85.42100053908085,0,0,0
1,-65.70924196118318,-65.70924196118318,-36.4616793537281,-45.74737210277327,-76.64774576730161,0,0,0
1,-46.638678308584744,-49.441548069052764,-37.360793329943824,-41.851314441671164,-47.449708599168716,1,1,1
0,-65.51849267234685,-69.69296192772916,-51.897172238658264,-65.9797100972418,-77.62190844114461,0,0,1
0,-65.8444429888891,-71.48799494782648,-89.63298166862901,-72.65589932512681,-92.73433748947781,0,0,0
0,-57.3311221546102,-62.87575750926091,-68.90961369886476,-59.03785915652318,-74.53827036146991,0,1,0
1,-50.90677917173029,-54.94408008817578,-61.99917287187154,-56.143323545375374,-59.10932332489257,1,1,1
0,-53.725942655252005,-56.64648532134846,-122.21096627311483,-67.49403669134087,-90.38923253718644,0,0,0
1,-69.06256139253229,-72.01531010970702,-48.527345211212356,-45.5251359132293,-80.15502905309627,0,0,1
0,-65.8444429888891,-71.48799494782648,-89.63298166862901,-72.65589932512681,-92.73433748947781,0,0,0
0,-57.3311221546102,-62.87575750926091,-68.90961369886476,-58.89493028885657,-74.53827036146991,0,1,0
1,-50.90677917173029,-54.94408008817578,-61.99917287187154,-56.143323545375374,-59.10932332489257,1,1,1
0,-53.725942655252005,-56.64648532134846,-122.21096627311483,-67.49403669134087,-90.38923253718644,0,0,0
1,-69.06256139253229,-72.01531010970702,-48.527345211212356,-45.5251359132293,-80.15502905309627,0,0,1
0,-65.8444429888891,-71.48799494782648,-89.63298166862901,-72.65589932512681,-92.73433748947781,0,0,0
0,-49.581904549483994,-54.05446089167232,-65.7486685467043,-48.43363684450776,-69.30650511349528,0,0,0
1,-54.88552430036899,-57.374067602314334,-85.36920470417033,-57.240158132446886,-80.49628571162009,0,0,0
1,-69.06256139253229,-72.01531010970702,-48.527345211212356,-45.5251359132293,-80.15502905309627,0,0,1
0,-65.8444429888891,-71.48799494782648,-89.63298166862901,-72.65589932512681,-92.73433748947781,0,0,0
1,-49.426219001613106,-52.35001772930128,-45.67986932922989,-45.27328939600147,-63.13017980038207,0,0,0
1,-69.06256139253229,-72.01531010970702,-48.527345211212356,-45.5251359132293,-80.15502905309627,0,0,1
0,-65.05158224053143,-67.69449640286619,-64.09817882057067,-61.84728886194029,-84.28103588670263,0,0,0
1,-61.456742904214885,-61.456742904214885,-45.672119745964224,-43.285389538423736,-75.15837882800415,0,0,0
0,-58.02501965861557,-61.179646408781444,-91.7319733663969,-55.079279705427666,-82.07887576573492,0,0,1
1,-53.060566124559024,-57.242799573126184,-39.319497565047755,-51.80821094598133,-54.45920768567417,1,1,1
0,-54.550482835866205,-59.84351689710336,-106.91912463650722,-58.69655640617674,-86.62622022681836,0,0,0
0,-67.79690120490808,-73.3446832888348,-72.10613449425186,-65.91661713395666,-89.42874155318364,0,0,0
0,-68.14449615549061,-74.40673683648811,-101.69356715999258,-86.05653409132098,-98.65256630348838,0,0,0
0,-61.555208270582625,-67.44762540249972,-81.31657488648797,-70.94051994706169,-82.4844448337293,0,1,0
0,-61.546873677251945,-67.0213519431437,-117.2644007693509,-61.90846166281306,-93.26045800525749,0,1,0
1,-54.03103124690816,-58.07635250450855,-39.319595489061314,-52.07934331351291,-62.36117399082682,0,0,1
0,-50.022172985656795,-52.985381308314665,-91.03897410609956,-49.152214144210966,-77.33386521748666,0,0,0
0,-48.174847255888956,-51.075288050472,-82.5215329741608,-50.67484037513866,-72.9313071481372,0,0,0
1,-52.37366172760333,-56.48148196693097,-37.36338607601535,-52.082090840347085,-63.58267755040794,0,0,0
0,-67.79690120490808,-73.3446832888348,-72.10613449425186,-65.91661713395666,-89.42874155318364,0,0,0
0,-68.14449615549061,-74.40673683648811,-101.69356715999258,-86.05653409132098,-98.65256630348838,0,0,0
0,-61.555208270582625,-67.44762540249972,-81.31657488648797,-70.94051994706169,-82.4844448337293,0,1,0
0,-61.546873677251945,-67.0213519431437,-117.2644007693509,-62.2815753820167,-93.26045800525749,0,1,0
1,-54.03103124690816,-58.07635250450855,-39.319595489061314,-52.07934331351291,-62.36117399082682,0,0,1
0,-50.022172985656795,-52.985381308314665,-91.03897410609956,-49.152214144210966,-77.33386521748666,0,0,0
1,-49.37075666676528,-52.19678425210881,-46.57123372217995,-43.6821600987202,-52.94491907502009,1,1,1
0,-63.539232212911124,-67.51119199330884,-74.95901101492684,-62.8082530718689,-86.02693551738918,0,0,0
0,-68.14449615549061,-74.40673683648811,-101.69356715999258,-86.05653409132098,-98.65256630348838,0,0,0
0,-61.555208270582625,-67.44762540249972,-81.31657488648797,-70.94051994706169,-82.4844448337293,0,1,0
0,-61.546873677251945,-67.0213519431437,-117.2644007693509,-62.2815753820167,-93.26045800525749,0,1,0
1,-54.03103124690816,-58.07635250450855,-39.319595489061314,-52.07934331351291,-62.36117399082682,0,0,1
0,-50.022172985656795,-52.985381308314665,-91.03897410609956,-49.152214144210966,-77.33386521748666,0,0,0
1,-71.28798506716477,-73.97815219357837,-28.150352937707712,-48.34329369963866,-79.73309094847708,0,0,0
0,-68.14449615549061,-74.40673683648811,-101.69356715999258,-86.05653409132098,-98.65256630348838,0,0,0
0,-61.555208270582625,-67.44762540249972,-81.31657488648797,-70.94051994706169,-82.4844448337293,0,1,0
0,-61.546873677251945,-67.0213519431437,-117.2644007693509,-65.38812559521104,-93.26045800525749,0,1,0
1,-54.03103124690816,-58.07635250450855,-39.319595489061314,-52.07934331351291,-62.36117399082682,0,0,1
0,-50.022172985656795,-52.985381308314665,-91.03897410609956,-49.152214144210966,-77.33386521748666,0,0,0
1,-71.28798506716477,-73.97815219357837,-28.150352937707712,-48.34329369963866,-79.73309094847708,0,0,0
0,-68.14449615549061,-74.40673683648811,-101.69356715999258,-86.05653409132098,-98.65256630348838,0,0,0
0,-61.555208270582625,-67.44762540249972,-81.31657488648797,-70.94051994706169,-82.4844448337293,0,1,0
0,-50.825637780925895,-55.29842765434758,-94.58223784247801,-54.8534977256138,-79.2003091336693,0,0,0
1,-53.03434596400082,-55.57367064503019,-47.635980818262304,-52.10017842263307,-63.859404306679785,0,0,1
1,-71.28798506716477,-73.97815219357837,-28.150352937707712,-48.8978163552378,-79.73309094847708,0,0,0
0,-68.14449615549061,-74.40673683648811,-101.69356715999258,-86.05653409132098,-98.65256630348838,0,0,0
0,-61.555208270582625,-67.44762540249972,-81.31657488648797,-70.94051994706169,-82.4844448337293,0,1,0
1,-50.19566149928942,-53.16245479614009,-64.99221243066573,-43.69845903080776,-69.69332522848914,0,0,0
1,-71.28798506716477,-73.97815219357837,-28.150352937707712,-48.34329369963866,-79.73309094847708,0,0,0
0,-68.14449615549061,-74.40673683648811,-101.69356715999258,-86.05653409132098,-98.65256630348838,0,0,0
1,-59.43504667904352,-62.44743489726119,-54.89030972146601,-52.81996862758392,-72.43640369268361,0,1,0
1,-71.28798506716477,-73.97815219357837,-28.150352937707712,-48.34329369963866,-79.73309094847708,0,0,0
0,-64.40332980552617,-67.7360752494224,-82.52163089817435,-61.01167106143098,-89.15981907497847,0,0,0
1,-65.76928002191305,-65.76928002191305,-54.88256013820034,-48.91015305523224,-82.23404806337315,0,0,0
1,-49.79703357219758,-52.61711399236839,-45.679771405216336,-45.341306378631906,-63.50096499376248,0,0,0
0,-66.9896781986707,-71.10207248312766,-60.042963458825575,-61.57270683188897,-85.00256723631837,0,0,0
0,-61.993831741840324,-67.67202483821315,-91.58909315766142,-78.87914225848667,-89.47055968913875,0,0,0
0,-55.51082867846645,-61.393386079599125,-80.42511256952434,-55.834338885755265,-76.17262654652403,0,1,0
0,-54.45846783960715,-59.58068080505797,-49.04320929569675,-55.29814735153692,-58.774222919916994,1,1,1
1,-49.11971258614126,-53.59281763261115,-86.78292024258386,-53.07004593121953,-75.15458865891642,0,0,0
0,-45.934024475427705,-48.77084180786438,-76.15876431193423,-45.450040605848535,-68.78165376900797,0,0,0
1,-69.90342503307464,-72.79409877932402,-37.360793329943824,-47.13910747677376,-81.11166303205779,0,0,0
0,-61.993831741840324,-67.67202483821315,-91.58909315766142,-78.87914225848667,-89.47055968913875,0,0,0
0,-55.51082867846645,-61.393386079599125,-80.42511256952434,-55.93191781436426,-76.17262654652403,0,1,0
0,-54.45846783960715,-59.58068080505797,-49.04320929569675,-55.29814735153692,-58.774222919916994,1,1,1
1,-49.11971258614126,-53.59281763261115,-86.78292024258386,-53.07004593121953,-75.15458865891642,0,0,0
0,-45.934024475427705,-48.77084180786438,-76.15876431193423,-45.450040605848535,-68.78165376900797,0,0,0
1,-69.90342503307464,-72.79409877932402,-37.360793329943824,-47.13910747677376,-81.11166303205779,0,0,0
0,-61.993831741840324,-67.67202483821315,-91.58909315766142,-76.87327173754355,-89.47055968913875,0,0,0
0,-55.51082867846645,-61.393386079599125,-80.42511256952434,-55.834338885755265,-76.17262654652403,0,1,0
1,-49.7366881083141,-53.82605820254439,-40.96492117599196,-51.480433842841656,-62.026164461111684,0,0,0
0,-46.4801705748962,-49.38323822553643,-91.03897410609956,-49.247511616017526,-70.32612690392635,0,0,1
1,-69.90342503307464,-72.79409877932402,-37.360793329943824,-47.13910747677376,-81.11166303205779,0,0,0
0,-61.993831741840324,-67.67202483821315,-91.58909315766142,-78.87914225848667,-89.47055968913875,0,0,0
0,-50.157288590118156,-54.67571504748507,-133.37280700701098,-97.00669879314266,-90.16913069222144,0,0,0
1,-51.100981460143224,-53.620314158543856,-45.679869329229895,-56.37401942900445,-64.80494225891219,0,0,0
1,-69.90342503307464,-72.79409877932402,-37.360793329943824,-47.13910747677376,-81.11166303205779,0,0,0
0,-61.993831741840324,-67.67202483821315,-91.58909315766142,-78.87914225848667,-89.47055968913875,0,0,0
1,-48.335414401097,-51.28380346263425,-37.36089125395738,-46.09773379080169,-59.543681777284206,0,0,0
1,-69.90342503307464,-72.79409877932402,-37.360793329943824,-47.13910747677376,-81.11166303205779,0,0,0
0,-64.36287338236438,-67.07780704087261,-73.30861921280676,-58.63395678610803,-86.35545914620641,0,0,0
1,-61.70426977967682,-61.70426977967682,-45.672119745964224,-41.09606363229777,-75.40590570346609,0,0,0
0,-59.499865224215505,-62.74888312191901,-92.62343568336053,-57.73847253872871,-83.82116002642394,0,0,1
1,-52.361618573213796,-56.56529433423155,-60.042963458825575,-51.98738866136354,-66.90877170806175,0,0,1
0,-52.87512666429499,-58.207505333409784,-107.67298800647426,-58.50783930029205,-85.17702306623727,0,0,0
0,-71.70258817869109,-77.63382855895468,-99.7374556709602,-73.3210178178073,-101.62382487997914,0,0,0
0,-66.40817151608152,-72.77475709505256,-98.84599335399658,-85.70696330192752,-96.06196952228049,0,0,0
0,-55.98538291931126,-61.97832184553208,-75.10176679911756,-56.14566636789898,-78.51591295904653,0,0,0
0,-55.328201254087006,-60.49976004869334,-59.69917330662865,-68.65898556846444,-69.77221734327588,0,1,0
1,-50.65358026942596,-55.14347691098205,-91.93302916913468,-67.48340340688169,-78.23348902016636,0,0,0
0,-50.18391171384178,-53.04409078587707,-76.15876431193425,-51.756355714370834,-73.03154100742205,0,0,0
0,-53.04398965055763,-55.965872757591264,-94.57954717239294,-53.87909905401057,-81.4178538022755,0,0,0
1,-54.63350479534679,-58.78066964255207,-37.363386076015345,-54.51800367136328,-62.37678471535167,0,0,1
0,-71.70258817869109,-77.63382855895468,-99.7374556709602,-73.3210178178073,-101.62382487997914,0,0,0
0,-66.40817151608152,-72.77475709505256,-98.84599335399658,-85.70696330192752,-96.06196952228049,0,0,0
0,-55.98538291931126,-61.97832184553208,-75.10176679911756,-56.99277390585446,-78.51591295904653,0,0,0
0,-55.328201254087006,-60.49976004869334,-59.69917330662865,-68.65898556846444,-69.77221734327588,0,1,0
1,-50.65358026942596,-55.14347691098205,-91.93302916913468,-67.48340340688169,-78.23348902016636,0,0,0
0,-50.18391171384178,-53.04409078587707,-76.15876431193425,-51.756355714370834,-73.03154100742205,0,0,0
1,-50.159716572534926,-53.02508876575609,-64.99211450665219,-42.08345246726898,-69.65735092453058,0,0,0
0,-67.28027849066166,-71.56893096506882,-85.43246571188445,-68.33763158057559,-92.91001820422699,0,0,0
0,-66.40817151608152,-72.77475709505256,-98.84599335399658,-83.02603337424804,-96.06196952228049,0,0,0
0,-55.98538291931126,-61.97832184553208,-75.10176679911756,-56.14566636789898,-78.51591295904653,0,0,0
0,-55.328201254087006,-60.49976004869334,-59.69917330662865,-68.24099031942862,-69.77221734327588,0,1,0
1,-50.65358026942596,-55.14347691098205,-91.93302916913468,-67.48340340688169,-78.23348902016636,0,0,0
0,-50.18391171384178,-53.04409078587707,-76.15876431193425,-51.756355714370834,-73.03154100742205,0,0,0
1,-74.66430548270293,-77.67116530312597,-64.10065218968857,-54.62679053419056,-93.8945011396095,0,0,0
0,-66.40817151608152,-72.77475709505256,-98.84599335399658,-85.70696330192752,-96.06196952228049,0,0,0
0,-55.98538291931126,-61.97832184553208,-75.10176679911756,-56.53496755725993,-78.51591295904653,0,0,0
0,-55.328201254087006,-60.49976004869334,-59.69917330662865,-68.65898556846444,-69.77221734327588,0,1,0
1,-50.65358026942596,-55.14347691098205,-91.93302916913468,-67.48340340688169,-78.23348902016636,0,0,0
0,-50.18391171384178,-53.04409078587707,-76.15876431193425,-63.529032686743676,-73.03154100742205,0,0,0
1,-74.66430548270293,-77.67116530312597,-64.10065218968857,-54.62679053419056,-93.8945011396095,0,0,0
0,-66.40817151608152,-72.77475709505256,-98.84599335399658,-85.70696330192752,-96.06196952228049,0,0,0
0,-55.98538291931126,-61.97832184553208,-75.10176679911756,-56.99277390585446,-78.51591295904653,0,0,0
1,-54.60391145332747,-58.7153497765461,-66.95091666576967,-57.05970043432901,-74.68918645305837,0,0,0
0,-54.188285165808864,-57.17218523079394,-75.26730199497065,-56.42154717400129,-76.76847576430006,0,0,0
1,-74.66430548270293,-77.67116530312597,-64.10065218968857,-54.62679053419056,-93.8945011396095,0,0,0
0,-66.40817151608152,-72.77475709505256,-98.84599335399658,-85.70696330192752,-96.06196952228049,0,0,0
0,-48.08047976631417,-52.67989603760648,-39.008809686959545,-44.68943723422566,-59.78312267240203,0,0,0
1,-51.79082796330772,-54.396269709955334,-46.5713316461935,-52.45040542969018,-65.76222745716576,0,0,0
1,-74.66430548270293,-77.67116530312597,-64.10065218968857,-54.62679053419056,-93.8945011396095,0,0,0
0,-66.40817151608152,-72.77475709505256,-98.84599335399658,-85.70696330192752,-96.06196952228049,0,0,0
1,-50.4573718485932,-53.55079154331449,-37.360891253957384,-48.717440882448656,-61.66563922478041,0,0,0
1,-74.66430548270293,-77.67116530312597,-64.10065218968857,-54.62679053419056,-93.8945011396095,0,0,0
0,-69.97706731399774,-73.36508244518652,-64.10075011370213,-65.07078010402492,-85.74155644530866,0,0,1
1,-65.66615183100004,-65.66615183100004,-54.88256013820034,-46.675978475676914,-78.66518396966042,0,0,1
0,-56.78692977882431,-59.951974659668885,-94.57954717239294,-53.77885223867864,-81.69505802774246,0,0,1
1,-55.498297876559754,-59.570526191767925,-60.042963458825575,-53.10149723856763,-73.51118691420743,0,0,0
0,-55.40000222264114,-60.61595484167667,-119.22041433436978,-60.374791533605816,-91.16612652295208,0,0,0
0,-67.13811893017649,-72.5012072326832,-91.58919108167497,-69.13546506718886,-94.61487625467898,0,0,0
0,-62.748366792508065,-67.56388625174961,-87.01712313717253,-78.91605442322381,-88.85350373365982,0,0,0
1,-47.49503998936505,-50.45551854667598,-37.36089125395738,-43.27424979991644,-51.77183555995281,0,1,1
0,-48.77852695767212,-51.62429536569035,-92.62343568336053,-50.30018626446832,-76.56555766268028,0,0,0
1,-53.68063216769204,-57.67108030312384,-36.47192375905174,-52.70747987226534,-64.62220929540756,0,0,0
0,-67.13811893017649,-72.5012072326832,-91.58919108167497,-72.24496882266943,-94.61487625467898,0,0,0
0,-62.748366792508065,-67.56388625174961,-87.01712313717253,-78.91605442322381,-88.85350373365982,0,0,0
1,-47.49503998936505,-50.45551854667598,-37.36089125395738,-44.929892590743464,-51.77183555995281,0,1,1
1,-46.88166977579683,-49.64565800403869,-45.67977140521634,-39.05514900941819,-57.119865294562004,0,1,0
0,-62.40117547136305,-66.14073300041977,-78.39128222965466,-60.33798447840814,-85.91856014025944,0,0,0
0,-62.748366792508065,-67.56388625174961,-87.01712313717253,-78.91605442322381,-88.85350373365982,0,0,0
1,-47.49503998936505,-50.45551854667598,-37.36089125395738,-44.929892590743464,-51.77183555995281,0,1,1
1,-70.85589332711538,-73.36899094898216,-47.633409525130844,-50.44115366279282,-81.68018028185492,0,0,1
0,-62.748366792508065,-67.56388625174961,-87.01712313717253,-78.91605442322381,-88.85350373365982,0,0,0
1,-47.49503998936505,-50.45551854667598,-37.36089125395738,-44.929892590743464,-51.77183555995281,0,1,1
1,-70.85589332711538,-73.36899094898216,-47.633409525130844,-49.331276896526454,-81.68018028185492,0,0,1
0,-63.18684988156673,-66.43542792626852,-83.41309321513795,-60.37816304315966,-84.7450419433084,0,1,0
1,-58.76574901424748,-58.76574901424748,-54.88256013820034,-38.300598831920254,-75.23051705570758,0,0,0
1,-47.721225823156296,-50.31521426870858,-37.36079332994383,-43.949980221920946,-48.53225611374027,1,1,1
0,-61.794995887505685,-65.41548197927203,-66.56747092601123,-58.469952104073826,-81.76523716530906,0,0,0
0,-62.95136689739404,-67.116701411867,-88.42567463638304,-70.51688793535818,-89.47906928830895,0,0,0
1,-47.47246567751893,-50.27890267739555,-28.14407879156948,-44.06402701307863,-42.05274570379087,1,3,1
1,-67.3324512118995,-69.75576155549231,-45.677298036098435,-44.517975958869364,-77.56990471992931,0,0,1
0,-62.95136689739404,-67.116701411867,-88.42567463638304,-70.51688793535818,-89.47906928830895,0,0,0
1,-47.47246567751893,-50.27890267739555,-28.14407879156948,-45.54934993623032,-42.05274570379087,1,3,1
1,-67.3324512118995,-69.75576155549231,-45.677298036098435,-44.517975958869364,-77.56990471992931,0,0,1
0,-66.0732022576835,-68.73254019558544,-75.26473070183918,-61.84511956859812,-88.65262146823525,0,0,0
1,-63.85762504378621,-63.85762504378621,-36.46167935372811,-42.34376848136546,-64.39892114150545,1,1,1
0,-56.83855413589941,-60.06334297550803,-90.63342773994965,-53.44580697502586,-84.0285824578843,0,0,0
1,-53.55370796010192,-57.73924985046463,-57.74037834952,-52.48395871836064,-67.41008556215819,0,0,1
0,-52.54942781302791,-57.898952268629046,-81.48719044846167,-61.230803420871794,-76.99558494756641,0,0,0
0,-73.51199636971049,-79.31874156838562,-83.29660062702817,-79.70096775781802,-98.50097655781894,0,0,0
0,-71.54333221605272,-77.69451355799964,-104.6891994648583,-88.73819521208794,-102.95009205551021,0,0,0
0,-54.580308399009894,-60.49652575583498,-88.24834442092629,-65.74996387849546,-81.05481172528778,0,0,0
0,-53.27250844077887,-58.90529325742675,-100.79963147391106,-53.65543646085298,-80.04666198015246,0,1,0
1,-48.687638369251616,-52.761337906890695,-40.73071828140329,-47.22186253428106,-60.9068538536726,0,0,0
0,-47.09764920971819,-50.051237698521206,-92.62353360737406,-45.79730063408929,-74.8847092919304,0,0,0
0,-45.673479786868036,-48.66184592905723,-83.41299529112442,-47.04805201700839,-70.69737837420536,0,0,0
1,-53.83326329234812,-57.96244003106803,-46.57382646825147,-53.406729421926556,-57.40820352442438,1,1,1
0,-73.51199636971049,-79.31874156838562,-83.29660062702817,-80.71687557603502,-98.50097655781894,0,0,0
0,-71.54333221605272,-77.69451355799964,-104.6891994648583,-88.73819521208794,-102.95009205551021,0,0,0
0,-54.580308399009894,-60.49652575583498,-88.24834442092629,-65.74996387849546,-81.05481172528778,0,0,0
0,-53.27250844077887,-58.90529325742675,-100.79963147391106,-53.65543646085298,-80.04666198015246,0,1,0
1,-48.687638369251616,-52.761337906890695,-40.73071828140329,-47.22186253428106,-60.9068538536726,0,0,0
0,-47.09764920971819,-50.051237698521206,-92.62353360737406,-45.79730063408929,-74.8847092919304,0,0,0
1,-51.28016118490695,-54.21216217545334,-48.527345211212356,-42.917003250407575,-55.441157039871484,1,1,1
0,-74.829891064267,-78.93919928186133,-66.64003293965435,-70.13339252976557,-94.82190094616331,0,0,0
0,-71.54333221605272,-77.69451355799964,-104.6891994648583,-88.73819521208794,-102.95009205551021,0,0,0
0,-54.580308399009894,-60.49652575583498,-88.24834442092629,-65.74996387849546,-81.05481172528778,0,0,0
0,-53.27250844077887,-58.90529325742675,-100.79963147391106,-54.00410327872474,-80.04666198015246,0,1,0
1,-48.687638369251616,-52.761337906890695,-40.73071828140329,-47.22186253428106,-60.9068538536726,0,0,0
0,-47.09764920971819,-50.051237698521206,-92.62353360737406,-45.79730063408929,-74.8847092919304,0,0,0
1,-80.49711864037589,-83.40925110979671,-55.78167411441606,-57.10373048150986,-93.76588497190099,0,1,0
0,-71.54333221605272,-77.69451355799964,-104.6891994648583,-88.73819521208794,-102.95009205551021,0,0,0
0,-54.580308399009894,-60.49652575583498,-88.24834442092629,-65.74996387849546,-81.05481172528778,0,0,0
0,-53.27250844077887,-58.90529325742675,-100.79963147391106,-53.65543646085298,-80.04666198015246,0,1,0
1,-48.687638369251616,-52.761337906890695,-40.73071828140329,-47.22186253428106,-60.9068538536726,0,0,0
0,-47.09764920971819,-50.051237698521206,-92.62353360737406,-45.79730063408929,-74.8847092919304,0,0,0
1,-80.49711864037589,-83.40925110979671,-55.78167411441606,-57.10373048150986,-93.76588497190099,0,1,0
0,-71.54333221605272,-77.69451355799964,-104.6891994648583,-88.73819521208794,-102.95009205551021,0,0,0
0,-54.580308399009894,-60.49652575583498,-88.24834442092629,-65.74996387849546,-81.05481172528778,0,0,0
0,-45.80726845400945,-50.38581359348677,-86.78292024258387,-49.033176142488486,-71.84214452678461,0,0,0
1,-48.63215537554967,-51.239248734146756,-64.99221243066573,-50.13845201057822,-68.12981910474939,0,0,0
1,-80.49711864037589,-83.40925110979671,-55.78167411441606,-57.10373048150986,-93.76588497190099,0,1,0
0,-71.54333221605272,-77.69451355799964,-104.6891994648583,-88.73819521208794,-102.95009205551021,0,0,0
0,-54.580308399009894,-60.49652575583498,-88.24834442092629,-65.74996387849546,-81.05481172528778,0,0,0
1,-45.651582906138565,-48.76352186657388,-64.10075011370213,-40.52803057431262,-64.8818079402492,0,0,0
1,-80.49711864037589,-83.40925110979671,-55.78167411441606,-57.10373048150986,-93.76588497190099,0,1,0
0,-71.54333221605272,-77.69451355799964,-104.6891994648583,-88.73819521208794,-102.95009205551021,0,0,0
1,-51.57088496614786,-54.585173012126546,-55.781772038429615,-45.789271332046255,-68.30541657767674,0,0,0
1,-80.49711864037589,-83.40925110979671,-55.78167411441606,-57.3453108534276,-93.76588497190099,0,1,0
0,-72.55743347050901,-75.77911957535468,-94.57964509640648,-68.38088880050137,-100.93132699943095,0,0,0
1,-67.43519307974665,-67.43519307974665,-64.09300053043646,-51.385751826768896,-86.6630932388776,0,0,0
