is_gold,cnt_root_lp,sum_root_lp,sum_leaf_lp,sum_bl_lp,cur_score,chunk_pool_match,L_trans,R_trans
1,-51.49777361623743,-54.454328889674315,-47.06291198149715,-42.54509413714098,-60.12358576734603,0,2,0
0,-53.445277656740075,-57.39399173857855,-49.30397819639079,-50.82022419477212,-68.23647111565731,0,0,0
0,-55.81835036651898,-61.4343521106421,-103.79735726679114,-65.9503629835349,-86.95755754655632,0,0,0
0,-63.543315463176384,-69.53577687600357,-92.48541602714505,-76.06908740307662,-91.2889402713199,0,0,0
0,-52.279654231417,-57.960515030909576,-106.29113399431488,-79.9974185505472,-84.16699442971145,0,0,0
1,-50.18391536304191,-54.307749539490835,-42.88718947913555,-36.33318010102584,-59.584336303982845,0,0,1
0,-51.432141173841394,-54.50577623386866,-75.26919711801153,-48.96174533866394,-70.54716440644513,0,0,1
1,-53.987115943815134,-56.73553094430053,-38.42743554906706,-35.77608505677507,-65.51534660853525,0,0,0
0,-55.81835036651898,-61.4343521106421,-103.79735726679114,-82.73763210418062,-86.95755754655632,0,0,0
0,-63.543315463176384,-69.53577687600357,-92.48541602714505,-76.06908740307662,-91.2889402713199,0,0,0
0,-52.279654231417,-57.960515030909576,-106.29113399431488,-79.9974185505472,-84.16699442971145,0,0,0
1,-50.18391536304191,-54.307749539490835,-42.88718947913555,-36.33318010102584,-59.584336303982845,0,0,1
0,-51.432141173841394,-54.50577623386866,-75.26919711801153,-48.96174533866394,-70.54716440644513,0,0,1
1,-53.987115943815134,-56.73553094430053,-38.42743554906706,-35.77608505677507,-65.51534660853525,0,0,0
0,-55.81835036651898,-61.4343521106421,-103.79735726679114,-82.73763210418062,-86.95755754655632,0,0,0
0,-63.543315463176384,-69.53577687600357,-92.48541602714505,-76.06908740307662,-91.2889402713199,0,0,0
0,-53.580478069398055,-58.16206814046129,-48.5320304573446,-59.172312249634814,-68.14008720660144,0,0,0
1,-53.110652271132395,-55.735284984619355,-28.15234598476215,-40.258200045143084,-56.063294623220486,0,0,2
1,-53.987115943815134,-56.73553094430053,-38.42743554906706,-35.77608505677507,-65.51534660853525,0,0,0
0,-55.81835036651898,-61.4343521106421,-103.79735726679114,-82.73763210418062,-86.95755754655632,0,0,0
0,-63.543315463176384,-69.53577687600357,-92.48541602714505,-76.06908740307662,-91.2889402713199,0,0,0
1,-56.27920464050692,-59.36159324860818,-47.836241073955875,-45.032531945960656,-67.16434105989396,0,1,0
1,-53.987115943815134,-56.73553094430053,-38.42743554906706,-35.77608505677507,-65.51534660853525,0,0,0
0,-55.81835036651898,-61.4343521106421,-103.79735726679114,-82.73763210418062,-86.95755754655632,0,0,0
1,-58.296273628422085,-61.30734746907896,-37.362786376998265,-45.286111267943106,-66.03937363872184,0,1,0
1,-53.987115943815134,-56.73553094430053,-38.42743554906706,-35.77608505677507,-65.51534660853525,0,0,0
0,-60.434152270100434,-63.181349157403545,-84.47696836975548,-55.31285699847541,-85.77724278102707,0,0,0
1,-63.001155767557314,-63.001155767557314,-45.67371865667095,-36.522283797657074,-76.7032713645586,0,0,0
1,-50.80993122197069,-53.64222304009315,-38.050836721913726,-43.52549040715338,-51.82797453014563,1,1,1
0,-55.385139226202476,-59.18379054192443,-79.52791677493514,-59.54759260120706,-79.24351425868302,0,0,0
0,-58.024414309525326,-62.190530891596254,-86.78224567813886,-69.62173252176063,-84.05908801296698,0,0,0
1,-55.01973091127734,-57.999976901547086,-29.216995156830954,-44.98529713768993,-53.38762174992745,1,1,1
1,-56.714152743965975,-59.27384587836721,-72.61731930417604,-43.00330926092695,-78.49934853521879,0,0,0
0,-58.024414309525326,-62.190530891596254,-86.78224567813886,-69.62173252176063,-84.05908801296698,0,0,0
1,-55.01973091127734,-57.999976901547086,-29.216995156830954,-44.98529713768993,-53.38762174992745,1,1,1
1,-56.714152743965975,-59.27384587836721,-72.61731930417604,-43.00330926092695,-78.49934853521879,0,0,0
0,-60.4851403195791,-63.152055438688066,-73.31041648848694,-56.34792478625452,-79.01252936332546,0,0,1
1,-62.81039983965771,-62.81039983965771,-36.46327826443484,-39.80641675245421,-70.28364741618844,0,0,1
0,-53.121214830613646,-56.26187347321583,-112.30932381960865,-67.7264639244719,-83.34827607369651,0,1,0
1,-50.93173552412473,-55.031287917152156,-40.03961567313953,-41.32410604543028,-52.54641251766741,1,1,1
0,-52.69803591369303,-57.89940819871846,-81.4893818604896,-54.39442371286469,-77.14485047183992,0,0,0
0,-53.61691429376181,-59.18959751588697,-87.68173073211665,-72.7269039088134,-79.9214335133968,0,0,0
0,-55.70589571027565,-61.413676301863134,-108.05605386512912,-65.60362933912418,-88.12271186981438,0,0,0
0,-57.689640296511854,-62.072571011981466,-76.16335163405293,-57.34220851402397,-77.072909883928,0,1,0
1,-54.82859973609008,-57.81778926591214,-37.362786376998265,-44.94925384946609,-66.03743564918956,0,0,0
0,-57.463388861972064,-60.362642173646414,-82.5235260212152,-66.7019570466737,-78.7547107655369,0,1,0
1,-52.1205071348499,-56.14629447321841,-45.68445665134858,-44.82960756676768,-65.82584413025448,0,0,0
0,-53.61691429376181,-59.18959751588697,-87.68173073211665,-72.7269039088134,-79.9214335133968,0,0,0
0,-55.70589571027565,-61.413676301863134,-108.05605386512912,-65.60362933912418,-88.12271186981438,0,0,0
0,-57.689640296511854,-62.072571011981466,-76.16335163405293,-57.34220851402397,-77.072909883928,0,1,0
1,-54.82859973609008,-57.81778926591214,-37.362786376998265,-44.94925384946609,-66.03743564918956,0,0,0
1,-55.158088647954976,-57.983576904970406,-45.68176445227078,-46.22718101770788,-58.46541027523703,1,1,1
0,-53.69344215769262,-57.66435489770481,-68.61632129782663,-57.98750592924534,-70.8126026442409,0,0,1
0,-55.70589571027565,-61.413676301863134,-108.05605386512912,-65.60362933912418,-88.12271186981438,0,0,0
0,-57.689640296511854,-62.072571011981466,-76.16335163405293,-60.53000970522107,-77.072909883928,0,1,0
1,-54.82859973609008,-57.81778926591214,-37.362786376998265,-44.94925384946609,-66.03743564918956,0,0,0
1,-54.30163895935196,-57.07225261801108,-37.362786376998265,-39.35860168760147,-55.11326716405226,1,1,1
0,-55.70589571027565,-61.413676301863134,-108.05605386512912,-65.60362933912418,-88.12271186981438,0,0,0
0,-57.689640296511854,-62.072571011981466,-76.16335163405293,-60.53000970522107,-77.072909883928,0,1,0
1,-54.82859973609008,-57.81778926591214,-37.362786376998265,-44.94925384946609,-66.03743564918956,0,0,0
1,-54.30163895935196,-57.07225261801108,-37.362786376998265,-39.35860168760147,-55.11326716405226,1,1,1
0,-55.70589571027565,-61.413676301863134,-108.05605386512912,-65.60362933912418,-88.12271186981438,0,0,0
1,-59.504124451812395,-62.387853704320044,-46.57322676923438,-43.29517454899013,-67.98303103924216,0,2,0
1,-54.30163895935196,-57.07225261801108,-37.362786376998265,-39.35860168760147,-55.11326716405226,1,1,1
0,-58.84249270690913,-62.033463513637024,-82.52352602121523,-57.21265919133143,-83.5995505132737,0,0,0
1,-62.0295198256212,-62.0295198256212,-54.88415904890707,-45.946228375224145,-78.49476754029332,0,0,0
1,-52.335914391610906,-55.14336312818637,-40.006948210946135,-45.28207171116371,-60.87226295209502,0,1,0
0,-53.86922399978804,-57.949299291304555,-87.67637713559462,-61.8580364594691,-80.17213714046642,0,0,0
0,-63.89471502783686,-69.57323624611303,-82.3808441774532,-84.49499878981813,-88.60896828107282,0,0,0
0,-55.84209057721505,-61.431829131422454,-102.90589494982753,-67.46647926914574,-86.71385906216331,0,0,0
1,-50.95426869700216,-54.99817760831399,-43.97563557533932,-39.68041777044131,-51.72242612066396,1,1,2
0,-54.821061281851804,-57.70608936828995,-75.26919711801153,-53.843265255840564,-73.93608451445554,0,0,1
1,-55.260103548863,-58.1012206590588,-64.10264523674302,-40.27908079363033,-74.4908971198859,0,0,0
0,-63.89471502783686,-69.57323624611303,-82.3808441774532,-84.49499878981813,-88.60896828107282,0,0,0
0,-55.84209057721505,-61.431829131422454,-102.90589494982753,-67.46647926914574,-86.71385906216331,0,0,0
1,-50.95426869700216,-54.99817760831399,-43.97563557533932,-39.99556953669245,-51.72242612066396,1,1,2
0,-54.821061281851804,-57.70608936828995,-75.26919711801153,-53.843265255840564,-73.93608451445554,0,0,1
1,-55.260103548863,-58.1012206590588,-64.10264523674302,-40.27908079363033,-74.4908971198859,0,0,0
0,-63.89471502783686,-69.57323624611303,-82.3808441774532,-84.49499878981813,-88.60896828107282,0,0,0
0,-55.39679651529422,-59.911290840474564,-57.04937366526979,-61.05520054759011,-72.51160861487516,0,0,0
1,-54.64615671793372,-57.17178830409757,-55.7836671614705,-46.435969144567885,-71.38125686637487,0,0,0
1,-55.260103548863,-58.1012206590588,-64.10264523674302,-40.27908079363033,-74.4908971198859,0,0,0
0,-63.89471502783686,-69.57323624611303,-82.3808441774532,-84.49499878981813,-88.60896828107282,0,0,0
1,-57.94372275237614,-60.939939752408506,-27.26088366779854,-44.39254618602856,-62.656251949915976,0,1,0
1,-55.260103548863,-58.1012206590588,-64.10264523674302,-40.27908079363033,-74.4908971198859,0,0,0
0,-61.540922581571294,-64.30144322064898,-82.52085688072306,-55.25098013889629,-86.29717964578822,0,0,0
1,-63.77280806880744,-63.77280806880744,-45.67371865667096,-38.21345808899466,-77.47492366580873,0,0,0
1,-51.041961184995706,-53.67900995399156,-45.68176445227078,-44.2827591198481,-61.280754617877214,0,1,0
0,-52.80189221607395,-56.50344312274891,-47.34519756686622,-51.49176689315113,-67.00545148613382,0,0,0
0,-56.19682632775734,-60.54175961299675,-86.78224567813886,-62.94995055293762,-82.231500031199,0,0,0
1,-53.695272419589514,-56.6200525497618,-48.52933825826679,-45.561367752360006,-55.829540648129544,1,1,2
1,-55.73549986110859,-58.16828245463526,-39.11281675349037,-35.038247901922325,-61.97628344381515,0,0,2
0,-56.19682632775734,-60.54175961299675,-86.78224567813886,-73.09700203694118,-82.231500031199,0,0,0
1,-53.695272419589514,-56.6200525497618,-48.52933825826679,-45.561367752360006,-55.829540648129544,1,1,2
1,-55.73549986110859,-58.16828245463526,-39.11281675349037,-35.038247901922325,-61.97628344381515,0,0,2
0,-59.535520484416,-62.367701356495715,-84.47696836975548,-55.985064979479525,-84.87861099534264,0,0,0
1,-63.8129749958329,-63.8129749958329,-54.88415904890707,-40.18163360453171,-80.27822271050502,0,0,0
1,-52.112075292894076,-55.185540182371625,-54.89220484450689,-42.884643478602854,-65.11400084344642,0,1,0
0,-51.743021316817405,-55.83031829258556,-48.23932902432198,-52.549456435096594,-62.749084121314276,0,0,1
0,-57.25622105693681,-62.539735765671,-123.81788332133132,-87.51438867899695,-94.4015860533362,0,0,0
0,-58.921665993218284,-63.570985281301496,-66.95291124181682,-61.80401040544649,-75.54180346296361,0,1,0
1,-54.0856195255551,-57.247696244190934,-46.57322676923438,-45.74577813013353,-64.5918516535257,0,0,1
1,-52.95362647705625,-55.80835513074379,-27.26088366779854,-35.46796608728545,-61.131891577395805,0,0,0
0,-57.25622105693681,-62.539735765671,-123.81788332133132,-85.55596331010716,-94.4015860533362,0,0,0
0,-58.921665993218284,-63.570985281301496,-66.95291124181682,-61.80401040544649,-75.54180346296361,0,1,0
1,-54.0856195255551,-57.247696244190934,-46.57322676923438,-45.74577813013353,-64.5918516535257,0,0,1
1,-52.95362647705625,-55.80835513074379,-27.26088366779854,-35.46796608728545,-61.131891577395805,0,0,0
0,-57.25622105693681,-62.539735765671,-123.81788332133132,-87.51438867899695,-94.4015860533362,0,0,0
1,-59.10781530584248,-62.20137579278777,-36.47132406003466,-43.96410846046198,-66.58347662105315,0,1,0
1,-52.95362647705625,-55.80835513074379,-27.26088366779854,-35.46796608728545,-61.131891577395805,0,0,0
0,-59.835478401522174,-62.63200878868658,-110.15217805743141,-59.314694429475566,-92.8811318187516,0,0,0
1,-63.201069019917504,-63.201069019917504,-45.67371865667096,-37.450155019442434,-76.9031846169188,0,0,0
1,-53.33395557862747,-56.24480083678612,-28.15234598476215,-47.01180066653079,-51.38245166565693,1,1,1
0,-51.74302131681739,-55.82309835774949,-50.83461556665017,-56.67990733408085,-63.527670084012705,0,0,1
0,-62.15182343463845,-67.82666651706815,-90.89818738537838,-83.56023638830828,-89.42127965025196,0,0,0
0,-53.990999410066934,-60.008280167851446,-105.81619724112318,-64.9357657696263,-85.73585858240389,0,0,0
0,-52.47821689098535,-57.65272855526271,-41.28038601017075,-41.12317252461442,-64.86233269403658,0,0,0
1,-52.509407166949444,-56.97871849960515,-27.677432290156084,-37.82983320413223,-57.34690095119654,0,0,1
0,-54.82106128185179,-57.69405860416435,-75.26919711801153,-53.86068850858623,-73.93608451445553,0,0,1
1,-54.24705382914095,-57.08817268875234,-37.36278637699826,-34.70498713959055,-65.45588974224043,0,0,0
0,-62.15182343463845,-67.82666651706815,-90.89818738537838,-83.56023638830828,-89.42127965025196,0,0,0
0,-53.990999410066934,-60.008280167851446,-105.81619724112318,-64.9357657696263,-85.73585858240389,0,0,0
0,-52.47821689098535,-57.65272855526271,-41.28038601017075,-39.93940509621473,-64.86233269403658,0,0,0
1,-52.509407166949444,-56.97871849960515,-27.677432290156084,-37.82983320413223,-57.34690095119654,0,0,1
0,-54.82106128185179,-57.69405860416435,-75.26919711801153,-53.86068850858623,-73.93608451445553,0,0,1
1,-54.24705382914095,-57.08817268875234,-37.36278637699826,-34.70498713959055,-65.45588974224043,0,0,0
0,-62.15182343463845,-67.82666651706815,-90.89818738537838,-78.05030599140974,-89.42127965025196,0,0,0
0,-53.990999410066934,-60.008280167851446,-105.81619724112318,-64.9357657696263,-85.73585858240389,0,0,0
1,-51.98220703584748,-56.081474471097785,-51.89926473871898,-54.95516787956094,-67.55198645746317,0,0,0
0,-56.22422257361066,-59.17525658111838,-72.62839642581162,-47.89696975632725,-78.01274150135414,0,0,0
1,-54.24705382914095,-57.08817268875234,-37.36278637699826,-34.70498713959055,-65.45588974224043,0,0,0
0,-62.15182343463845,-67.82666651706815,-90.89818738537838,-78.05030599140974,-89.42127965025196,0,0,0
0,-56.34473343830679,-60.92167828209032,-60.045055958886294,-49.49667255288964,-74.35825022597268,0,0,0
1,-57.14285787689457,-59.723847986996894,-39.31889786603068,-53.103364368417296,-65.47279133390406,0,0,1
1,-54.24705382914095,-57.08817268875234,-37.36278637699826,-34.70498713959055,-65.45588974224043,0,0,0
0,-62.15182343463845,-67.82666651706815,-90.89818738537838,-78.05030599140974,-89.42127965025196,0,0,0
1,-58.049935057444245,-61.1086025760798,-54.89220484450689,-43.79098509448951,-74.51759651079631,0,0,0
1,-54.24705382914095,-57.08817268875234,-37.36278637699826,-34.70498713959055,-65.45588974224043,0,0,0
0,-59.63121121514365,-62.356256086960116,-82.52085688072304,-55.596297250881804,-84.38746827936056,0,0,0
1,-63.19279140815932,-63.19279140815932,-54.88415904890707,-40.875523249035396,-79.65803912283144,0,0,0
1,-52.66398440465238,-55.54528721818036,-39.31889786603068,-46.359146560478216,-64.45965376446159,0,0,0
0,-55.02660614044139,-59.2093381019418,-62.001167447918704,-54.41891073753924,-73.626956374817,0,0,0
0,-63.49692546452935,-69.23947634046323,-115.31038276833281,-87.5813974371775,-98.09004029502918,0,0,0
0,-53.422370656882144,-59.02774993969884,-108.05605386512913,-70.18427079410229,-82.37345091362117,0,1,0
1,-50.78785373485305,-54.88226948584062,-34.36984627121035,-37.889686876267724,-50.70159990781698,1,1,1
0,-54.29561234117438,-57.24296369716408,-83.41498833817884,-52.38970498892186,-75.85437293982831,0,0,1
1,-57.12259795778377,-60.1050308379311,-45.68176445227078,-41.26899931109631,-67.36139139066528,0,0,1
0,-63.49692546452935,-69.23947634046323,-115.31038276833281,-87.5813974371775,-98.09004029502918,0,0,0
0,-53.422370656882144,-59.02774993969884,-108.05605386512913,-70.18427079410229,-82.37345091362117,0,1,0
1,-50.78785373485305,-54.88226948584062,-34.36984627121035,-37.889686876267724,-50.70159990781698,1,1,1
0,-54.29561234117438,-57.24296369716408,-83.41498833817884,-52.38970498892186,-75.85437293982831,0,0,1
1,-57.12259795778377,-60.1050308379311,-45.68176445227078,-41.26899931109631,-67.36139139066528,0,0,1
0,-63.49692546452935,-69.23947634046323,-115.31038276833281,-87.5813974371775,-98.09004029502918,0,0,0
0,-55.3749689795378,-59.88107753392515,-70.32014552319121,-65.14688235529783,-73.00527673369544,0,1,0
1,-54.370225801588276,-56.96544008961387,-27.26088366779854,-43.047623042880076,-59.082754999128106,0,0,1
1,-57.12259795778377,-60.1050308379311,-45.68176445227078,-41.26899931109631,-67.36139139066528,0,0,1
0,-63.49692546452935,-69.23947634046323,-115.31038276833281,-87.5813974371775,-98.09004029502918,0,0,0
1,-56.243640942596706,-59.25054803402209,-36.47132406003466,-44.57578012557041,-63.71930225780738,0,1,0
1,-57.12259795778377,-60.1050308379311,-45.68176445227078,-41.26899931109631,-67.36139139066528,0,0,1
0,-61.14323618602717,-63.89773245172805,-82.52085688072306,-54.69454140716386,-85.89949325024409,0,0,0
1,-63.461377769404976,-63.461377769404976,-45.67371865667096,-39.66183421104979,-77.16349336640626,0,0,0
0,-53.244938083052155,-56.18673361257192,-100.25130962137654,-63.92250593353291,-83.32033096946512,0,0,0
0,-52.86653287811975,-57.326408546414555,-74.2072401450205,-43.4318381643164,-75.1287049216259,0,0,0
1,-52.33956579279914,-57.74631765167872,-50.49082640240687,-39.11547875455687,-64.02107781072148,0,1,0
0,-55.869836332828875,-61.72582442978546,-97.4371598210432,-58.44274347436226,-85.10098427914184,0,0,0
0,-55.28089261821623,-61.02964948530993,-80.62576696156562,-67.35679020114085,-76.0028868038862,0,0,1
0,-55.80916194327883,-61.72756350898054,-108.05605386512913,-65.80225660492007,-88.22597810281758,0,0,0
0,-57.74278406689626,-62.410595223459346,-71.21160784015481,-61.416985550679314,-75.64053051614299,0,1,0
1,-52.949486765160415,-56.008923249169946,-39.31889786603068,-44.60754548752385,-61.2794202221699,0,0,1
0,-53.244938083052155,-56.18673361257192,-100.25130962137654,-63.92250593353291,-83.32033096946512,0,0,0
1,-52.932378249759275,-57.15378028124593,-46.94747095607008,-54.2858359953803,-63.550883633780565,0,1,0
0,-54.5422968509995,-59.920904815685844,-75.27457377311919,-51.068760392366315,-77.12466898293525,0,0,0
0,-55.28089261821623,-61.02964948530993,-80.62576696156562,-67.35679020114085,-76.0028868038862,0,0,1
0,-55.80916194327883,-61.72756350898054,-108.05605386512913,-65.80225660492007,-88.22597810281758,0,0,0
0,-57.74278406689626,-62.410595223459346,-71.21160784015481,-61.05977977754269,-75.64053051614299,0,1,0
1,-52.949486765160415,-56.008923249169946,-39.31889786603068,-44.60754548752385,-61.2794202221699,0,0,1
0,-56.030758435126764,-59.019592144532815,-64.10264523674302,-50.07582944863997,-71.79581610334995,0,1,0
1,-53.165886701712104,-57.35914483900552,-56.85100853261711,-48.297598511449124,-70.22118926149724,0,0,0
0,-55.28089261821623,-61.02964948530993,-80.62576696156562,-67.35679020114085,-76.0028868038862,0,0,1
0,-55.80916194327883,-61.72756350898054,-108.05605386512913,-65.80225660492007,-88.22597810281758,0,0,0
0,-57.74278406689626,-62.410595223459346,-71.21160784015481,-56.59198785225915,-75.64053051614299,0,1,0
1,-52.949486765160415,-56.008923249169946,-39.31889786603068,-44.60754548752385,-61.2794202221699,0,0,1
1,-53.36072821361291,-56.321418028825725,-54.89220484450689,-44.21631650697468,-66.36265376416526,0,1,0
0,-55.992083511770446,-60.019048595544035,-41.62417517441405,-38.592206386658894,-65.01360016129495,0,0,1
0,-55.80916194327883,-61.72756350898054,-108.05605386512913,-65.80225660492007,-88.22597810281758,0,0,0
0,-57.74278406689626,-62.410595223459346,-71.21160784015481,-61.416985550679314,-75.64053051614299,0,1,0
1,-52.949486765160415,-56.008923249169946,-39.31889786603068,-44.60754548752385,-61.2794202221699,0,0,1
1,-55.97759051497041,-58.77198727666339,-37.362786376998265,-38.22785976584791,-67.1864264280699,0,0,0
0,-55.80916194327883,-61.72756350898054,-108.05605386512913,-65.80225660492007,-88.22597810281758,0,0,0
0,-57.74278406689626,-62.410595223459346,-71.21160784015481,-61.416985550679314,-75.64053051614299,0,1,0
1,-52.949486765160415,-56.008923249169946,-39.31889786603068,-44.60754548752385,-61.2794202221699,0,0,1
1,-55.97759051497041,-58.77198727666339,-37.362786376998265,-38.22785976584791,-67.1864264280699,0,0,0
0,-55.80916194327883,-61.72756350898054,-108.05605386512913,-65.80225660492007,-88.22597810281758,0,0,0
1,-57.09614238253564,-60.2081947379608,-55.7836671614705,-39.41759225776576,-68.33818108763624,0,2,0
1,-55.97759051497041,-58.77198727666339,-37.362786376998265,-38.22785976584791,-67.1864264280699,0,0,0
0,-59.628838319448334,-62.93996050219023,-103.79198061168348,-58.28676684993838,-90.76643250295338,0,0,0
1,-65.23066184801952,-65.23066184801952,-64.09459944114319,-46.630853295155966,-80.99330577756275,0,1,0
1,-50.93757242673291,-53.66227834109274,-28.1472991453667,-44.71588852020426,-46.95722892140292,1,2,1
0,-54.63123726164848,-58.98716185305605,-66.18260391511035,-55.897147814709,-74.48601843618158,0,0,0
0,-57.48352335018527,-63.09582876582366,-81.48938186048959,-75.05931555761467,-81.93033790833215,0,0,0
1,-54.725928294265046,-60.50063234997813,-63.962632533473126,-48.896556472263654,-73.91471805430699,0,0,0
0,-56.209593219024995,-61.64743619007257,-126.47960379009352,-89.36263955792168,-94.15347435605305,0,0,0
0,-65.78920547985356,-71.89837314143882,-108.95018532258486,-87.33649342656955,-98.47426107662902,0,0,0
0,-53.99588390611905,-59.56014309926975,-114.96390914805964,-68.52917796790773,-88.48505665053693,0,0,0
1,-51.26573082033936,-55.28937839899432,-28.155038183839952,-38.090380295404785,-49.31503456709216,1,1,1
0,-53.89318369128333,-56.90379017463407,-74.20454794594274,-54.79736542089462,-72.68881217226642,0,0,1
1,-56.21555292377437,-59.30270920203364,-55.7836671614705,-40.472383073864854,-72.95065307221552,0,0,0
0,-57.48352335018527,-63.09582876582366,-81.48938186048959,-75.05931555761467,-81.93033790833215,0,0,0
1,-54.725928294265046,-60.50063234997813,-63.962632533473126,-48.896556472263654,-73.91471805430699,0,0,0
0,-56.209593219024995,-61.64743619007257,-126.47960379009352,-89.36263955792168,-94.15347435605305,0,0,0
0,-65.78920547985356,-71.89837314143882,-108.95018532258486,-92.7908416275376,-98.47426107662902,0,0,0
0,-53.99588390611905,-59.56014309926975,-114.96390914805964,-68.52917796790773,-88.48505665053693,0,0,0
1,-51.26573082033936,-55.28937839899432,-28.155038183839952,-38.27858769330145,-49.31503456709216,1,1,1
0,-53.89318369128333,-56.90379017463407,-74.20454794594274,-54.79736542089462,-72.68881217226642,0,0,1
1,-56.21555292377437,-59.30270920203364,-55.7836671614705,-40.472383073864854,-72.95065307221552,0,0,0
0,-58.18594459639382,-63.87323830115207,-82.72726780897558,-63.83531859563955,-83.0041249390865,0,0,0
0,-56.91151737243256,-62.72078028181605,-122.22090719175553,-68.23557941248262,-93.57778952995922,0,0,0
0,-65.78920547985356,-71.89837314143882,-108.95018532258486,-92.7908416275376,-98.47426107662902,0,0,0
0,-53.99588390611905,-59.56014309926975,-114.96390914805964,-68.52917796790773,-88.48505665053693,0,0,0
1,-51.26573082033936,-55.28937839899432,-28.155038183839952,-38.090380295404785,-49.31503456709216,1,1,1
0,-53.89318369128333,-56.90379017463407,-74.20454794594274,-54.79736542089462,-72.68881217226642,0,0,1
1,-56.21555292377437,-59.30270920203364,-55.7836671614705,-40.472383073864854,-72.95065307221552,0,0,0
0,-58.18594459639382,-63.87323830115207,-82.72726780897558,-63.83531859563955,-83.0041249390865,0,0,0
0,-56.91151737243256,-62.72078028181605,-122.22090719175553,-68.23557941248262,-93.57778952995922,0,0,0
0,-65.78920547985356,-71.89837314143882,-108.95018532258486,-87.33649342656955,-98.47426107662902,0,0,0
0,-54.95983664909621,-59.44845151902206,-86.34410489798792,-61.85189604612003,-80.86306811849258,0,0,0
1,-54.46721803904566,-56.991664154738665,-37.362786376998265,-42.9976881781965,-62.21031804934541,0,0,1
1,-56.21555292377437,-59.30270920203364,-55.7836671614705,-40.472383073864854,-72.95065307221552,0,0,0
0,-58.18594459639382,-63.87323830115207,-82.72726780897558,-63.83531859563955,-83.0041249390865,0,0,0
0,-56.91151737243256,-62.72078028181605,-122.22090719175553,-68.23557941248262,-93.57778952995922,0,0,0
0,-65.78920547985356,-71.89837314143882,-108.95018532258486,-87.33649342656955,-98.47426107662902,0,0,0
1,-54.463625967506424,-57.4530393744703,-55.7836671614705,-43.3148185974565,-67.73299021314786,0,1,0
1,-56.21555292377437,-59.30270920203364,-55.7836671614705,-40.472383073864854,-72.95065307221552,0,0,0
0,-58.18594459639382,-63.87323830115207,-82.72726780897558,-63.83531859563955,-83.0041249390865,0,0,0
0,-56.91151737243256,-62.72078028181605,-122.22090719175553,-68.23557941248262,-93.57778952995922,0,0,0
1,-58.72624182748156,-61.89067266582765,-55.7836671614705,-46.70091281451394,-75.4613419759227,0,0,0
1,-56.21555292377437,-59.30270920203364,-55.7836671614705,-40.472383073864854,-72.95065307221552,0,0,0
0,-58.18594459639382,-63.87323830115207,-82.72726780897558,-63.83531859563955,-83.0041249390865,0,0,0
0,-57.9298575887559,-60.819136592793726,-93.69007790248376,-65.90439183136914,-86.03688095950103,0,0,0
1,-59.4765858941894,-62.36201094586466,-55.7836671614705,-48.08699850429096,-76.21168604263055,0,0,0
0,-57.9298575887559,-60.819136592793726,-93.69007790248376,-65.90439183136914,-86.03688095950103,0,0,0
1,-60.87259193558434,-60.87259193558434,-54.88415904890707,-46.64501183308469,-77.33783965025646,0,0,0
0,-53.66650288268438,-56.911621848590855,-112.11095868695598,-80.69344751275548,-87.29979048877118,0,0,0
1,-52.811034832954334,-56.904168623002754,-37.365478576076065,-38.1875464543659,-60.55494250297742,0,0,1
0,-54.98567906825102,-60.21200911274523,-98.845613472893,-56.951481216119255,-84.63936311011892,0,0,0
0,-54.203381610586156,-59.59530918788888,-62.00385190394856,-67.92382974565412,-69.338801278971,0,0,1
0,-57.12702346413684,-62.04273841755425,-80.4220482323909,-72.8184121786167,-81.25363793385411,0,0,0
1,-54.09533156039999,-57.174046002457146,-28.15234598476215,-43.80086356066612,-55.60956355022918,0,1,1
0,-57.7137038863287,-60.60653859502404,-93.69007790248372,-68.36408667429511,-82.35499135427409,0,1,0
1,-51.93286652854925,-55.93664578438992,-39.321590065108474,-45.12253467650695,-60.26360764528206,0,0,1
0,-54.203381610586156,-59.59530918788888,-62.00385190394856,-67.92382974565412,-69.338801278971,0,0,1
0,-57.12702346413684,-62.04273841755425,-80.4220482323909,-67.46548252741977,-81.25363793385411,0,0,0
1,-54.09533156039999,-57.174046002457146,-28.15234598476215,-42.67615744939361,-55.60956355022918,0,1,1
1,-54.50281746108016,-57.30629763556776,-39.31889786603068,-45.12548115202647,-62.83275091808964,0,1,0
0,-53.218067308676964,-56.8950400144967,-55.86254077479142,-51.53712289593303,-66.51109363831468,0,0,1
0,-57.12702346413684,-62.04273841755425,-80.4220482323909,-67.46548252741977,-81.25363793385411,0,0,0
1,-54.09533156039999,-57.174046002457146,-28.15234598476215,-43.80086356066612,-55.60956355022918,0,1,1
1,-55.21705457322255,-57.693728197689204,-27.258214527306382,-36.08405420173617,-59.92878302861473,0,0,1
0,-57.12702346413684,-62.04273841755425,-80.4220482323909,-67.46548252741977,-81.25363793385411,0,0,0
1,-54.09533156039999,-57.174046002457146,-28.15234598476215,-37.322949682651746,-55.60956355022918,0,1,1
1,-55.21705457322255,-57.693728197689204,-27.258214527306382,-36.08405420173617,-59.92878302861473,0,0,1
0,-59.749334061360805,-63.08474543867042,-76.16065943497513,-55.07222082082123,-82.59753189185335,0,0,0
1,-64.5603744832988,-64.5603744832988,-45.67371865667096,-40.45165468156495,-78.26249008030008,0,0,0
1,-51.740723187820315,-54.42113937898974,-46.57322676923438,-47.002085209358505,-60.219629775250084,0,2,0
0,-55.16413491147465,-59.24421020299116,-69.2554963511224,-59.800708166937966,-75.94078381681138,0,0,0
0,-62.932847107581175,-68.60757495995479,-98.845613472893,-80.1626357416904,-92.58653114944907,0,0,0
0,-53.55257721693568,-59.03595762720222,-110.01216535416152,-80.22963328099064,-83.09049092038443,0,1,0
1,-50.183915363041926,-54.227690497849615,-38.62849288079756,-36.72338842510291,-58.306727324481464,0,0,1
0,-52.76416558134332,-55.589031464297136,-55.7836671614705,-49.65918893438206,-66.03352982698475,0,1,0
1,-54.547594992347655,-57.38871210254345,-56.8483163335393,-38.97210428064096,-68.13635398960973,0,0,1
0,-62.932847107581175,-68.60757495995479,-98.845613472893,-84.13245097816657,-92.58653114944907,0,0,0
0,-53.55257721693568,-59.03595762720222,-110.01216535416152,-80.22963328099064,-83.09049092038443,0,1,0
1,-50.183915363041926,-54.227690497849615,-38.62849288079756,-36.72338842510291,-58.306727324481464,0,0,1
0,-52.76416558134332,-55.589031464297136,-55.7836671614705,-49.65918893438206,-66.03352982698475,0,1,0
1,-54.547594992347655,-57.38871210254345,-56.8483163335393,-38.97210428064096,-68.13635398960973,0,0,1
0,-62.932847107581175,-68.60757495995479,-98.845613472893,-80.1626357416904,-92.58653114944907,0,0,0
0,-55.32130434196525,-59.74914809101287,-57.0493736652698,-59.37446718864324,-72.43611644154619,0,0,0
1,-53.33479214116149,-55.82280847483126,-38.42743554906707,-43.40584816355147,-61.397286903081884,0,0,1
1,-54.547594992347655,-57.38871210254345,-56.8483163335393,-38.97210428064096,-68.13635398960973,0,0,1
0,-62.932847107581175,-68.60757495995479,-98.845613472893,-84.13245097816657,-92.58653114944907,0,0,0
1,-56.75787263852926,-59.629957586438955,-38.42743554906707,-43.487062105875964,-62.793041859908826,0,2,0
1,-54.547594992347655,-57.38871210254345,-56.8483163335393,-38.97210428064096,-68.13635398960973,0,0,1
0,-60.69376354921625,-63.454284188293926,-93.6874087619916,-56.44107799021714,-88.79998617781374,0,0,0
1,-63.88751695670809,-63.88751695670809,-54.19106186459616,-38.26305498912806,-80.14483551608694,0,0,0
0,-52.190848872383754,-55.38758089575933,-82.52352602121522,-63.83300809087792,-76.94790667874832,0,0,0
1,-51.031584451328044,-55.17704293030528,-50.83461556665017,-42.18053116645555,-66.2819691213231,0,0,0
0,-51.05105625961728,-56.26605063695254,-80.42473268842078,-50.285480754455605,-71.7127401633438,0,0,1
0,-53.95152806146787,-59.75958828974026,-74.06453524267286,-68.72199480931152,-76.17088863426973,0,0,0
0,-62.58426471388743,-68.79201412303955,-119.2252748868898,-91.15225947418591,-98.35184717995438,0,0,0
0,-53.479278764235495,-59.12808873556599,-95.9821479756315,-67.51757792963588,-78.80818725412523,0,1,0
1,-51.39988867539994,-55.489328462039396,-52.79072705568259,-39.72018086232443,-63.771370889305,0,0,1
0,-53.1661518228757,-56.090763202283156,-55.7836671614705,-50.4359133802722,-66.43551606851712,0,0,1
0,-55.15838667391426,-58.03507683974319,-83.4149883381788,-65.60604346819001,-74.68982173202734,0,2,0
1,-51.42066913125821,-55.53039537810119,-39.32159006510848,-44.05374825629935,-59.751410247991025,0,0,1
0,-53.95152806146787,-59.75958828974026,-74.06453524267286,-68.72199480931152,-76.17088863426973,0,0,0
0,-62.58426471388743,-68.79201412303955,-119.2252748868898,-91.15225947418591,-98.35184717995438,0,0,0
0,-53.479278764235495,-59.12808873556599,-95.9821479756315,-67.51757792963588,-78.80818725412523,0,1,0
1,-51.39988867539994,-55.489328462039396,-52.79072705568259,-39.72018086232443,-63.771370889305,0,0,1
0,-53.1661518228757,-56.090763202283156,-55.7836671614705,-50.12002929225525,-66.43551606851712,0,0,1
1,-52.00923148685098,-54.85018942054567,-30.10845747379456,-44.06755836738785,-57.57603282618962,0,1,0
0,-54.66357120402124,-58.87812164838573,-68.61632129782663,-54.726712203844556,-71.7827316905695,0,0,1
0,-62.58426471388743,-68.79201412303955,-119.2252748868898,-91.15225947418591,-98.35184717995438,0,0,0
0,-53.479278764235495,-59.12808873556599,-95.9821479756315,-67.51757792963588,-78.80818725412523,0,1,0
1,-51.39988867539994,-55.489328462039396,-52.79072705568259,-39.72018086232443,-63.771370889305,0,0,1
0,-53.1661518228757,-56.090763202283156,-55.7836671614705,-50.12002929225525,-66.43551606851712,0,0,1
1,-57.34832578771586,-60.294107918932056,-46.57322676923438,-34.939479698858534,-71.32029381848618,0,0,0
0,-62.58426471388743,-68.79201412303955,-119.2252748868898,-91.15225947418591,-98.35184717995438,0,0,0
0,-53.479278764235495,-59.12808873556599,-95.9821479756315,-67.51757792963588,-78.80818725412523,0,1,0
1,-51.39988867539994,-55.489328462039396,-52.79072705568259,-39.72018086232443,-63.771370889305,0,0,1
0,-53.1661518228757,-56.090763202283156,-55.7836671614705,-50.12002929225525,-66.43551606851712,0,0,1
1,-57.34832578771586,-60.294107918932056,-46.57322676923438,-36.53799765914545,-71.32029381848618,0,0,0
0,-62.58426471388743,-68.79201412303955,-119.2252748868898,-91.15225947418591,-98.35184717995438,0,0,0
0,-55.97730794377271,-60.58177659394916,-65.76874749183061,-63.650775334842315,-72.24219628852217,0,1,0
1,-52.963651763718445,-55.54033913719822,-46.57322676923438,-43.81868215801783,-66.93561979448876,0,0,0
1,-57.34832578771586,-60.294107918932056,-46.57322676923438,-36.53799765914545,-71.32029381848618,0,0,0
0,-62.58426471388743,-68.79201412303955,-119.2252748868898,-91.15225947418591,-98.35184717995438,0,0,0
1,-56.657288956690714,-59.74900519370748,-57.73977865050291,-46.640859985943045,-70.51348664904187,0,1,0
1,-57.34832578771586,-60.294107918932056,-46.57322676923438,-36.53799765914545,-71.32029381848618,0,0,0
0,-60.56870559032825,-63.850199291791434,-92.62542873041494,-56.03979226982352,-88.35633420945273,0,0,0
1,-64.81761988860247,-64.81761988860247,-54.88415904890707,-41.847248097033614,-81.28286760327458,0,0,0
0,-50.88306822270759,-54.10141234507589,-83.41498833817882,-66.05761866428689,-72.44182882136151,0,1,0
1,-51.625143891502056,-55.64374620573594,-57.74247084958071,-41.73551818607372,-65.48214924357654,0,1,0
0,-52.80361335004192,-57.88146820243811,-90.17283831914821,-54.06370106292877,-76.38972894298666,0,0,1
0,-53.95152806146787,-59.80850677668231,-73.17307292570925,-70.43092209512483,-75.90344993918065,0,0,0
0,-61.12292819609337,-67.41245383582967,-101.00275923507027,-87.63181963005763,-91.42375596661445,0,0,0
0,-52.48045680164316,-57.99998270767817,-113.00779765902725,-80.2161068998701,-86.38279609935134,0,0,0
1,-50.39714437118732,-54.35228145147234,-47.83893327303368,-37.086815571700974,-61.283088450297704,0,1,0
0,-53.40855159693513,-56.290410177728724,-74.20454794594272,-53.12349450098162,-72.20418007791822,0,0,1
0,-52.23980947040026,-55.01945360331342,-83.4149883381788,-63.16352568634572,-73.79857006905418,0,1,0
1,-52.984231475160186,-56.919136107490296,-55.7863593605483,-46.47695292183955,-66.25440338052495,0,0,1
0,-53.95152806146787,-59.80850677668231,-73.17307292570925,-70.43092209512483,-75.90344993918065,0,0,0
0,-61.12292819609337,-67.41245383582967,-101.00275923507027,-81.99531231910916,-91.42375596661445,0,0,0
0,-52.48045680164316,-57.99998270767817,-113.00779765902725,-80.2161068998701,-86.38279609935134,0,0,0
1,-50.39714437118732,-54.35228145147234,-47.83893327303368,-37.086815571700974,-61.283088450297704,0,1,0
0,-53.40855159693513,-56.290410177728724,-74.20454794594272,-53.12349450098162,-72.20418007791822,0,0,1
1,-56.089977731825556,-58.78592418283495,-45.68176445227078,-47.28137549876887,-66.32877116470706,0,1,0
0,-53.89627476160096,-58.08956988353867,-62.001167447918704,-57.18642982800807,-72.49662499597656,0,0,0
0,-61.12292819609337,-67.41245383582967,-101.00275923507027,-87.63181963005763,-91.42375596661445,0,0,0
0,-52.48045680164316,-57.99998270767817,-113.00779765902725,-80.2161068998701,-86.38279609935134,0,0,0
1,-50.39714437118732,-54.35228145147234,-47.83893327303368,-37.086815571700974,-61.283088450297704,0,1,0
0,-53.40855159693513,-56.290410177728724,-74.20454794594272,-53.12349450098162,-72.20418007791822,0,0,1
1,-55.440132279955,-58.394469220572,-46.57322676923438,-35.54525879000284,-69.41210031072532,0,0,0
0,-61.12292819609337,-67.41245383582967,-101.00275923507027,-81.99531231910916,-91.42375596661445,0,0,0
0,-52.48045680164316,-57.99998270767817,-113.00779765902725,-80.2161068998701,-86.38279609935134,0,0,0
1,-50.39714437118732,-54.35228145147234,-47.83893327303368,-37.086815571700974,-61.283088450297704,0,1,0
0,-53.40855159693513,-56.290410177728724,-74.20454794594272,-53.12349450098162,-72.20418007791822,0,0,1
1,-55.440132279955,-58.394469220572,-46.57322676923438,-36.622170235336064,-69.41210031072532,0,0,0
0,-61.12292819609337,-67.41245383582967,-101.00275923507027,-87.63181963005763,-91.42375596661445,0,0,0
0,-54.86996704281033,-59.3451516276913,-65.0756503075197,-60.08772324144166,-74.39266213506625,0,0,0
1,-54.6669409541839,-57.109325621309225,-38.42743554906707,-43.06667442544915,-62.7294357161043,0,1,0
1,-55.440132279955,-58.394469220572,-46.57322676923438,-36.622170235336064,-69.41210031072532,0,0,0
0,-61.12292819609337,-67.41245383582967,-101.00275923507027,-87.63181963005763,-91.42375596661445,0,0,0
1,-54.743372588903824,-57.705804760625114,-39.31889786603068,-42.46557112737296,-66.53904194871303,0,0,0
1,-55.440132279955,-58.394469220572,-46.57322676923438,-36.622170235336064,-69.41210031072532,0,0,0
0,-58.99933982092978,-62.325071383473066,-82.52352602121523,-55.809709169616376,-83.75639762729435,0,0,0
1,-61.32002204307978,-61.32002204307978,-45.67371865667096,-42.40172031808865,-75.02213764008107,0,0,0
1,-50.17667944945339,-53.05798226298137,-39.31889786603068,-44.88801166884907,-58.50661290646286,0,1,0
0,-54.88642223159177,-59.134562067380905,-68.13871540414276,-57.80068669279053,-75.3280368528346,0,0,0
0,-58.07207500151722,-63.86265420498543,-108.05605386512913,-75.97738731472508,-90.48889116105596,0,0,0
0,-55.260656595898105,-60.851791997057,-117.26649425736524,-73.44278750112436,-86.97486897030795,0,1,0
1,-52.483616212190924,-56.68171766626722,-58.658861590264465,-40.29595319302027,-66.61553878647054,0,1,0
0,-53.44224472259961,-56.38959607858931,-83.41498833817883,-53.424528027340074,-78.46674122405327,0,0,0
1,-57.12259795778377,-60.1019694804246,-46.57322676923438,-41.300410440350795,-67.62883008575436,0,0,1
0,-58.07207500151722,-63.86265420498543,-108.05605386512913,-75.97738731472508,-90.48889116105596,0,0,0
0,-55.260656595898105,-60.851791997057,-117.26649425736524,-73.44278750112436,-86.97486897030795,0,1,0
1,-52.483616212190924,-56.68171766626722,-58.658861590264465,-40.29595319302027,-66.61553878647054,0,1,0
0,-53.44224472259961,-56.38959607858931,-83.41498833817883,-53.424528027340074,-78.46674122405327,0,0,0
1,-57.12259795778377,-60.1019694804246,-46.57322676923438,-41.300410440350795,-67.62883008575436,0,0,1
0,-58.07207500151722,-63.86265420498543,-108.05605386512913,-75.97738731472508,-90.48889116105596,0,0,0
0,-57.03136973347783,-61.66606301064576,-74.97918788406669,-64.50071829051022,-76.05939019589812,0,1,0
1,-55.59919979553858,-58.21699767350708,-37.36278637699826,-45.2415764734364,-63.34229980583833,0,0,1
1,-57.12259795778377,-60.1019694804246,-46.57322676923438,-41.300410440350795,-67.62883008575436,0,0,1
0,-58.07207500151722,-63.86265420498543,-108.05605386512913,-75.97738731472508,-90.48889116105596,0,0,0
1,-56.84965228402193,-59.90404198508206,-46.57322676923438,-50.14450935237546,-67.35588441199252,0,1,0
1,-57.12259795778377,-60.1019694804246,-46.57322676923438,-41.300410440350795,-67.62883008575436,0,0,1
0,-61.143236186027174,-63.97541705810689,-84.47696836975548,-54.94312954423373,-86.48632669695382,0,0,0
1,-63.04811854849449,-63.04811854849449,-54.88415904890707,-39.28989213630528,-79.51336626316662,0,0,0
0,-53.73068109046163,-56.949262894598164,-94.58154021944735,-79.97021328407978,-78.63940725349612,0,1,0
1,-51.81827180341243,-55.991383729293574,-49.25005606537565,-38.598955500041434,-66.59328862302513,0,0,0
0,-52.531196763970435,-57.87640987154687,-68.9117071868791,-53.952589604791335,-73.20470892003416,0,0,0
0,-53.29776473592394,-58.919667929800646,-83.27497563490897,-75.61096511096854,-74.81452152359691,0,0,1
0,-55.348089444685655,-61.10426605266813,-104.86200643885992,-67.66704906667361,-86.80669137634362,0,0,0
0,-57.689640296511854,-62.26777192254346,-75.27188931708932,-57.56436253496002,-76.80547118883892,0,1,0
1,-54.82859973609008,-57.89514448823583,-36.47132406003466,-46.51775383364687,-65.76999695410048,0,0,0
0,-57.1321683232381,-60.10498116776616,-82.5235260212152,-67.63160793288107,-78.42349022680294,0,1,0
1,-52.515431321917134,-56.68505948283664,-45.68445665134858,-46.5863866861305,-62.755032414521985,0,0,1
0,-53.29776473592394,-58.919667929800646,-83.27497563490897,-75.61096511096854,-74.81452152359691,0,0,1
0,-55.348089444685655,-61.10426605266813,-104.86200643885992,-67.66704906667361,-86.80669137634362,0,0,0
0,-57.689640296511854,-62.26777192254346,-75.27188931708932,-60.752163726157114,-76.80547118883892,0,1,0
1,-54.82859973609008,-57.89514448823583,-36.47132406003466,-46.51775383364687,-65.76999695410048,0,0,0
1,-54.70589278177757,-57.675221861344,-54.89220484450689,-44.13867192798104,-67.70781833232992,0,1,0
0,-53.498413244089136,-57.469325984101324,-77.82676169006271,-54.41846522338235,-76.84644175110795,0,0,0
0,-55.348089444685655,-61.10426605266813,-104.86200643885992,-67.66704906667361,-86.80669137634362,0,0,0
0,-57.689640296511854,-62.26777192254346,-75.27188931708932,-57.56436253496002,-76.80547118883892,0,1,0
1,-54.82859973609008,-57.89514448823583,-36.47132406003466,-46.51775383364687,-65.76999695410048,0,0,0
1,-54.11349374665887,-56.88410740531798,-46.57322676923438,-39.274697989010846,-62.59240033408864,0,0,2
0,-55.348089444685655,-61.10426605266813,-104.86200643885992,-80.16833696787074,-86.80669137634362,0,0,0
0,-57.689640296511854,-62.26777192254346,-75.27188931708932,-60.752163726157114,-76.80547118883892,0,1,0
1,-54.82859973609008,-57.89514448823583,-36.47132406003466,-46.51775383364687,-65.76999695410048,0,0,0
1,-54.11349374665887,-56.88410740531798,-46.57322676923438,-39.274697989010846,-62.59240033408864,0,0,2
0,-55.348089444685655,-61.10426605266813,-104.86200643885992,-67.66704906667361,-86.80669137634362,0,0,0
1,-57.62386462281495,-60.70279478588459,-57.73977865050291,-39.17040882944329,-69.45273677462528,0,2,0
1,-54.11349374665887,-56.88410740531798,-46.57322676923438,-39.274697989010846,-62.59240033408864,0,0,2
0,-58.319045790327856,-61.55841261345074,-102.90051829471987,-62.22055897427344,-89.18920127874381,0,0,0
1,-61.86387917462992,-61.86387917462992,-64.09459944114319,-49.176919306930934,-81.09225900697288,0,0,0
0,-53.43354409748759,-56.68018248852718,-102.40578624306164,-50.93025234701623,-84.15527997040608,0,0,0
1,-52.994165236544156,-57.30050004782083,-30.11114967287236,-44.20663695722192,-51.63030243000669,1,1,1
0,-52.21449583717322,-57.71837236507269,-95.65156604662381,-55.65567098729535,-77.44422974836064,0,0,1
0,-52.976467421160386,-58.66735111546302,-69.86589798914233,-71.50171268512544,-73.93623681790308,0,0,0
0,-58.26315683917767,-64.05910479710765,-112.11633534206362,-85.53997302482544,-91.89805744179675,0,0,0
0,-59.56634253008622,-64.24554595962918,-57.74247084958071,-62.26371593553865,-73.42334788216071,0,1,0
1,-54.0856195255551,-57.247696244190934,-46.57322676923438,-45.74577813013353,-64.5918516535257,0,0,1
0,-53.867834767063435,-56.935211397019394,-83.41498833817882,-61.60497765915639,-75.42659536571736,0,1,0
1,-52.462462831822094,-56.787659708749906,-66.06144892485322,-47.716543283875204,-72.28089750927806,0,0,0
0,-52.976467421160386,-58.66735111546302,-69.86589798914233,-71.50171268512544,-73.93623681790308,0,0,0
0,-58.26315683917767,-64.05910479710765,-112.11633534206362,-85.53997302482544,-91.89805744179675,0,0,0
0,-59.56634253008622,-64.24554595962918,-57.74247084958071,-62.26371593553865,-73.42334788216071,0,1,0
1,-54.0856195255551,-57.247696244190934,-46.57322676923438,-45.74577813013353,-64.5918516535257,0,0,1
1,-57.94629630227679,-61.032534997883886,-28.15234598476215,-45.50703891624317,-62.926264194905706,0,1,0
0,-54.53839701931622,-58.659343899872276,-57.4497694165581,-51.91405344105622,-71.77332784428364,0,0,0
0,-58.26315683917767,-64.05910479710765,-112.11633534206362,-85.53997302482544,-91.89805744179675,0,0,0
0,-59.56634253008622,-64.24554595962918,-57.74247084958071,-62.26371593553865,-73.42334788216071,0,1,0
1,-54.0856195255551,-57.247696244190934,-46.57322676923438,-45.74577813013353,-64.5918516535257,0,0,1
1,-54.19231747317316,-57.0743061724085,-46.57322676923438,-36.36715245727547,-68.16428550394347,0,0,0
0,-58.26315683917767,-64.05910479710765,-112.11633534206362,-85.53997302482544,-91.89805744179675,0,0,0
0,-59.56634253008622,-64.24554595962918,-57.74247084958071,-62.26371593553865,-73.42334788216071,0,1,0
1,-54.0856195255551,-57.247696244190934,-46.57322676923438,-45.74577813013353,-64.5918516535257,0,0,1
1,-54.19231747317316,-57.0743061724085,-46.57322676923438,-36.36715245727547,-68.16428550394347,0,0,0
0,-58.26315683917767,-64.05910479710765,-112.11633534206362,-85.53997302482544,-91.89805744179675,0,0,0
1,-59.75249184271041,-62.87593647111546,-30.10845747379456,-45.25675034751475,-65.31929318204907,0,1,0
1,-54.19231747317316,-57.0743061724085,-46.57322676923438,-36.36715245727547,-68.16428550394347,0,0,0
0,-59.04062188492012,-62.30693678702499,-100.94440680568748,-56.924696429958615,-89.32394392662636,0,0,0
1,-62.12438277062901,-62.12438277062901,-64.09459944114319,-42.00958717280188,-81.35276260297196,0,0,0
0,-54.22411663699727,-57.14325852281164,-100.94440680568746,-63.51859847693598,-84.50743867870351,0,0,0
0,-52.91842458103448,-57.395664016274495,-68.3640340341588,-42.941264878558755,-73.42763479128212,0,0,0
1,-53.88833126762927,-59.33957051134929,-59.70126679464298,-41.00302583099448,-68.33297540322245,0,1,0
0,-55.040672083153645,-60.90054117942003,-97.4371598210432,-59.460944235295834,-84.2718200294666,0,0,0
0,-53.643643371834585,-59.27828299200639,-60.05040955540831,-69.50530746404753,-71.65876623845708,0,0,0
0,-57.750030721867404,-63.70282075873374,-119.22260574639763,-89.45253430359524,-93.51681244578668,0,0,0
0,-58.48459443940532,-63.201986837294875,-78.4659367433585,-57.076895825026256,-78.55863955961316,0,1,0
1,-53.44665494630751,-56.456722163253886,-47.637875941303186,-45.25936614615102,-64.27228182589874,0,1,0
0,-54.22411663699727,-57.14325852281164,-100.94440680568746,-63.51859847693598,-84.50743867870351,0,0,0
1,-53.720405053249316,-57.96032991940683,-69.6270483388803,-56.43471071183951,-74.6085195549134,0,0,0
0,-52.295348316662576,-57.71310230240894,-80.4247326884208,-47.004431057514104,-76.42276812318882,0,0,0
0,-53.643643371834585,-59.27828299200639,-60.05040955540831,-69.50530746404753,-71.65876623845708,0,0,0
0,-57.750030721867404,-63.70282075873374,-119.22260574639763,-89.45253430359524,-93.51681244578668,0,0,0
0,-58.48459443940532,-63.201986837294875,-78.4659367433585,-57.076895825026256,-78.55863955961316,0,1,0
1,-53.44665494630751,-56.456722163253886,-47.637875941303186,-45.25936614615102,-64.27228182589874,0,1,0
0,-57.48850591989718,-60.528131704701615,-76.16065943497512,-50.70933151032218,-80.33670375038972,0,0,0
1,-52.509251155441866,-56.71569076362573,-37.36547857607607,-47.29762515266058,-63.71889472826469,0,0,0
0,-53.643643371834585,-59.27828299200639,-60.05040955540831,-69.50530746404753,-71.65876623845708,0,0,0
0,-57.750030721867404,-63.70282075873374,-119.22260574639763,-89.45253430359524,-93.51681244578668,0,0,0
0,-58.48459443940532,-63.201986837294875,-78.4659367433585,-61.65304438601099,-78.55863955961316,0,1,0
1,-53.44665494630751,-56.456722163253886,-47.637875941303186,-41.263147268187836,-64.27228182589874,0,1,0
1,-56.80550639111631,-59.811646917947094,-57.73977865050291,-49.63470118249108,-70.66170408346746,0,1,0
0,-53.091462469379906,-56.990302490095814,-48.23932902432198,-42.34231228292997,-67.5632611766765,0,0,0
0,-57.750030721867404,-63.70282075873374,-119.22260574639763,-89.45253430359524,-93.51681244578668,0,0,0
0,-58.48459443940532,-63.201986837294875,-78.4659367433585,-61.65304438601099,-78.55863955961316,0,1,0
1,-53.44665494630751,-56.456722163253886,-47.637875941303186,-45.25936614615102,-64.27228182589874,0,1,0
1,-54.68102600818965,-57.379566947552476,-27.26088366779854,-36.98905798195695,-59.39355520572948,0,0,1
0,-57.750030721867404,-63.70282075873374,-119.22260574639763,-89.45253430359524,-93.51681244578668,0,0,0
0,-58.48459443940532,-63.201986837294875,-78.4659367433585,-57.076895825026256,-78.55863955961316,0,1,0
1,-53.44665494630751,-56.456722163253886,-47.637875941303186,-44.82805197392824,-64.27228182589874,0,1,0
1,-54.68102600818965,-57.379566947552476,-27.26088366779854,-36.98905798195695,-59.39355520572948,0,0,1
0,-57.750030721867404,-63.70282075873374,-119.22260574639763,-89.45253430359524,-93.51681244578668,0,0,0
1,-60.538530783343965,-63.737645856085535,-36.471324060034654,-43.643594371576015,-68.01419209855464,0,1,0
1,-54.68102600818965,-57.379566947552476,-27.26088366779854,-36.98905798195695,-59.39355520572948,0,0,1
0,-59.525943944452074,-62.88922850654041,-103.79198061168347,-56.145750120369975,-90.66353812795711,0,0,0
1,-65.38204321678941,-65.38204321678941,-73.3050398333793,-44.030853993489394,-87.3735551668032,0,0,0
0,-53.35222807449441,-56.568164362496475,-103.79198061168347,-65.44130530961338,-84.48982225799945,0,0,0
1,-51.812522980511545,-55.910017657647714,-39.321590065108474,-39.878635988632546,-56.67752819444464,0,1,1
0,-55.15079692265119,-60.410902804161836,-87.3325879713513,-59.501012728275036,-77.88483741125685,0,0,1
0,-55.46509826538841,-60.91978470882014,-71.21429229618468,-72.92821738245209,-76.82938595424382,0,0,0
0,-57.45957524379845,-62.34235394386122,-71.21160784015481,-74.54119191366922,-78.82305759584489,0,0,0
1,-55.02377739541035,-58.13582975083551,-47.954374298460756,-45.245126489401294,-69.41008968494857,0,0,0
0,-57.57937413062735,-60.47656972641044,-94.58154021944732,-67.88639031018495,-82.48810029366182,0,1,0
1,-54.24248965685204,-58.28004474970915,-64.99679975278441,-49.96747908562054,-70.27579367988764,0,0,1
0,-55.46509826538841,-60.91978470882014,-71.21429229618468,-72.92821738245209,-76.82938595424382,0,0,0
0,-57.45957524379845,-62.34235394386122,-71.21160784015481,-69.81649638255108,-78.82305759584489,0,0,0
1,-55.02377739541035,-58.13582975083551,-47.954374298460756,-44.647307032478494,-69.41008968494857,0,0,0
1,-54.64171457400032,-57.47897058550435,-55.7836671614705,-46.07890261575771,-67.91107881964174,0,1,0
0,-56.19103505048172,-59.96649605333604,-68.36136489366665,-54.77758860434212,-73.23370861578199,0,0,1
0,-57.45957524379845,-62.34235394386122,-71.21160784015481,-74.54119191366922,-78.82305759584489,0,0,0
1,-55.02377739541035,-58.13582975083551,-47.954374298460756,-44.0449626189384,-69.41008968494857,0,0,0
1,-57.306006801986456,-59.8811687234877,-36.4686549195425,-37.224411904480185,-64.78086737504948,0,0,1
0,-57.45957524379845,-62.34235394386122,-71.21160784015481,-69.81649638255108,-78.82305759584489,0,0,0
1,-55.02377739541035,-58.13582975083551,-47.954374298460756,-44.0449626189384,-69.41008968494857,0,0,0
1,-57.306006801986456,-59.8811687234877,-36.4686549195425,-39.10919729786916,-64.78086737504948,0,0,1
0,-60.71953000135745,-64.05250234444905,-66.95021904273902,-55.01862536733351,-80.80459571417916,0,0,0
1,-63.58360332726811,-63.58360332726811,-45.67371865667096,-39.36156490214219,-77.28571892426939,0,0,0
1,-53.43107503852416,-56.33688040127826,-58.92256104707659,-47.629716406964796,-58.683310103707136,1,2,1
0,-51.7430213168174,-55.64767630341286,-47.34786670735838,-52.27624739084975,-65.9473813290249,0,0,0
0,-57.7716032004731,-63.120555578168265,-112.11366620157146,-77.9215362894186,-91.40570306094455,0,0,0
0,-59.85683057060067,-64.34993733002841,-66.95291124181682,-64.46364880157975,-76.476968040346,0,1,0
1,-53.28875609357548,-56.22620965005805,-36.47132406003466,-44.27833573100543,-53.8329456031867,1,1,1
1,-53.63914949763952,-56.3435054028819,-36.46625222345208,-34.902662729302456,-64.57902516467514,0,0,0
0,-57.7716032004731,-63.120555578168265,-112.11366620157146,-77.9215362894186,-91.40570306094455,0,0,0
0,-59.85683057060067,-64.34993733002841,-66.95291124181682,-59.2908399190993,-76.476968040346,0,1,0
1,-53.28875609357548,-56.22620965005805,-36.47132406003466,-44.27833573100543,-53.8329456031867,1,1,1
1,-53.63914949763952,-56.3435054028819,-36.46625222345208,-34.902662729302456,-64.57902516467514,0,0,0
0,-57.7716032004731,-63.120555578168265,-112.11366620157146,-77.9215362894186,-91.40570306094455,0,0,0
1,-61.232341955306,-64.22624725177178,-45.68176445227078,-46.185303575296565,-71.4711353881875,0,1,0
1,-53.63914949763952,-56.3435054028819,-36.46625222345208,-34.902662729302456,-64.57902516467514,0,0,0
0,-59.56761661190491,-62.32211287760579,-91.73129727295918,-55.32331666674425,-87.08700579379266,0,0,0
1,-63.26843635006801,-63.26843635006801,-36.46327826443484,-44.612176541081794,-74.20741982939846,0,0,0
0,-51.97532750868234,-55.2076232036233,-75.2691971180115,-63.4743653077967,-71.09035074128607,0,1,0
1,-53.30739995034663,-57.38699638927448,-46.57591896831219,-41.13947616387711,-67.28017564084028,0,0,0
0,-54.325374984226045,-59.48820586733102,-94.58691687455502,-57.16622719967726,-79.23571414379283,0,0,1
0,-54.30723151471619,-60.05887069896967,-55.64365445820062,-67.50917332650981,-71.00032785217638,0,0,0
0,-63.2746868644771,-69.40390881219952,-118.16062571482098,-92.60856326790781,-98.72287457892338,0,0,0
0,-53.128525726393875,-58.76131355655306,-110.01216535416154,-65.10567893947803,-86.13217533264233,0,0,0
1,-50.63919509607904,-54.644281049057085,-52.09762987137167,-38.690292596111384,-66.26848405749054,0,0,0
0,-53.40855159693514,-56.251545561909765,-73.31308562897914,-52.58305841689008,-71.93674138282915,0,0,1
0,-52.63668323711969,-55.47732149472682,-83.41498833817879,-62.337948691064405,-74.1954438357736,0,1,0
1,-53.139502105912285,-57.20860274070272,-39.02888863208587,-44.67250676513233,-61.38243279273832,0,0,1
0,-54.30723151471619,-60.05887069896967,-55.64365445820062,-67.50917332650981,-71.00032785217638,0,0,0
0,-63.2746868644771,-69.40390881219952,-118.16062571482098,-92.60856326790781,-98.72287457892338,0,0,0
0,-53.128525726393875,-58.76131355655306,-110.01216535416154,-65.10567893947803,-86.13217533264233,0,0,0
1,-50.63919509607904,-54.644281049057085,-52.09762987137167,-38.690292596111384,-66.26848405749054,0,0,0
0,-53.40855159693514,-56.251545561909765,-73.31308562897914,-53.01863949982372,-71.93674138282915,0,0,1
1,-53.95118933415977,-56.78133178762949,-46.57322676923438,-42.58687070205865,-64.45742146213037,0,1,0
0,-53.32528648505479,-57.48386394077392,-52.79072705568259,-54.71384170502142,-65.69676869895984,0,0,1
0,-63.2746868644771,-69.40390881219952,-118.16062571482098,-92.60856326790781,-98.72287457892338,0,0,0
0,-53.128525726393875,-58.76131355655306,-110.01216535416154,-65.10567893947803,-86.13217533264233,0,0,0
1,-50.63919509607904,-54.644281049057085,-52.09762987137167,-38.690292596111384,-66.26848405749054,0,0,0
0,-53.40855159693514,-56.251545561909765,-73.31308562897914,-52.58305841689008,-71.93674138282915,0,0,1
1,-55.65036255331796,-58.569981827716376,-37.36278637699826,-36.049728072969444,-66.85919846641744,0,0,0
0,-63.2746868644771,-69.40390881219952,-118.16062571482098,-92.60856326790781,-98.72287457892338,0,0,0
0,-53.128525726393875,-58.76131355655306,-110.01216535416154,-65.10567893947803,-86.13217533264233,0,0,0
1,-50.63919509607904,-54.644281049057085,-52.09762987137167,-38.690292596111384,-66.26848405749054,0,0,0
0,-53.40855159693514,-56.251545561909765,-73.31308562897914,-53.01863949982372,-71.93674138282915,0,0,1
1,-55.65036255331796,-58.569981827716376,-37.36278637699826,-36.049728072969444,-66.85919846641744,0,0,0
0,-63.2746868644771,-69.40390881219952,-118.16062571482098,-91.55443422178986,-98.72287457892338,0,0,0
0,-54.12275616740946,-58.690623674052325,-66.95291124181682,-62.3357985435027,-70.74289363715478,0,1,0
1,-54.04502139868412,-56.53735493850248,-38.42743554906707,-42.376324204234166,-62.10751616060451,0,1,0
1,-55.65036255331796,-58.569981827716376,-37.36278637699826,-36.049728072969444,-66.85919846641744,0,0,0
0,-63.2746868644771,-69.40390881219952,-118.16062571482098,-92.60856326790781,-98.72287457892338,0,0,0
1,-54.80273718032747,-57.85785227381064,-46.57322676923438,-43.0863636869849,-68.77470521109778,0,0,0
1,-55.65036255331796,-58.569981827716376,-37.36278637699826,-36.049728072969444,-66.85919846641744,0,0,0
0,-59.63588922663814,-62.87946812662211,-76.16065943497514,-54.722774378290794,-82.48408705713068,0,0,0
1,-62.84637037264618,-62.84637037264618,-45.67371865667096,-40.73457682003327,-76.54848596964746,0,0,0
0,-51.53626240357322,-54.75805118859796,-112.30932381960865,-77.30073261225054,-85.22905954945581,0,0,0
1,-51.79349357083253,-55.88577601270629,-27.263575866876344,-36.479215179700645,-49.57535862249625,1,1,1
0,-52.33639581214507,-57.629179127391744,-72.27894146825348,-54.60802478921311,-70.5543423498214,0,0,1
0,-55.858677256866905,-61.31115707001364,-71.21429229618468,-72.81121531913483,-73.75722904292259,0,0,1
0,-58.37021582219146,-63.19590468744153,-71.21160784015481,-68.96313887538325,-79.7336981742379,0,0,0
1,-55.35970832576173,-58.452002576252035,-49.01902347052956,-45.21478908908488,-70.0654153669206,0,0,0
0,-57.144853633400174,-60.00456775319332,-100.94440680568748,-66.09446943498375,-87.42817567510642,0,0,0
1,-52.85779944729456,-56.92950350424273,-37.36547857607607,-47.4265097853876,-60.60170711731765,0,0,1
0,-55.858677256866905,-61.31115707001364,-71.21429229618468,-72.81121531913483,-73.75722904292259,0,0,1
0,-58.37021582219146,-63.19590468744153,-71.21160784015481,-63.75728176528027,-79.7336981742379,0,0,0
1,-55.35970832576173,-58.452002576252035,-49.01902347052956,-45.21478908908488,-70.0654153669206,0,0,0
1,-54.777263009037675,-57.61639874390524,-28.15234598476215,-45.808119867422604,-52.82575909606714,1,1,1
0,-55.97714388814717,-59.76445470741273,-74.97651874357454,-52.83907398020573,-75.00436360841981,0,0,1
0,-58.37021582219146,-63.19590468744153,-71.21160784015481,-63.75728176528027,-79.7336981742379,0,0,0
1,-55.35970832576173,-58.452002576252035,-49.01902347052956,-45.21478908908488,-70.0654153669206,0,0,0
1,-57.19333367206868,-59.74807616925364,-29.21432601633879,-36.14993908055715,-55.56042376857114,1,1,1
0,-58.37021582219146,-63.19590468744153,-71.21160784015481,-63.75728176528027,-79.7336981742379,0,0,0
1,-55.35970832576173,-58.452002576252035,-49.01902347052956,-45.21478908908488,-70.0654153669206,0,0,0
1,-57.19333367206868,-59.74807616925364,-29.21432601633879,-38.201878517402285,-55.56042376857114,1,1,1
0,-60.634823348757244,-63.94223488885933,-66.05875672577542,-54.578902468485346,-80.45245036648987,0,0,0
1,-62.827298019891195,-62.827298019891195,-37.1513286093503,-40.79755184489055,-73.97269660269629,0,0,0
1,-50.442574033536324,-53.11485400615236,-29.216995156830954,-44.71464278207992,-55.74193667778588,0,1,0
0,-53.445277656740075,-57.62596605050174,-50.83461556665017,-50.7050622998534,-68.69566232673512,0,0,0
0,-56.19682632775735,-61.649793417859264,-89.63517308065688,-72.99064977219754,-83.08737825195442,0,0,0
1,-55.94004804767527,-61.50849415636476,-49.42884637083022,-46.7701665476567,-67.30296605612462,0,1,0
0,-57.177975845254174,-62.23810264612892,-91.59128456968932,-75.46831975544528,-84.65536121616097,0,0,0
0,-58.024122091044276,-62.79793851414364,-80.4220482323909,-63.31436280571189,-82.15073656076154,0,0,0
1,-54.109396485910885,-56.95930985818241,-39.11548589398253,-44.966490117190055,-65.84404225410564,0,0,0
1,-55.73549986110861,-58.64741994172198,-38.050836721913726,-35.47364820293953,-61.657689434342174,0,0,2
0,-56.19682632775735,-61.649793417859264,-89.63517308065688,-72.99064977219754,-83.08737825195442,0,0,0
1,-55.94004804767527,-61.50849415636476,-49.42884637083022,-46.7701665476567,-67.30296605612462,0,1,0
0,-57.177975845254174,-62.23810264612892,-91.59128456968932,-75.46831975544528,-84.65536121616097,0,0,0
0,-58.024122091044276,-62.79793851414364,-80.4220482323909,-63.31436280571189,-82.15073656076154,0,0,0
1,-54.109396485910885,-56.95930985818241,-39.11548589398253,-44.966490117190055,-65.84404225410564,0,0,0
1,-55.73549986110861,-58.64741994172198,-38.050836721913726,-35.47364820293953,-61.657689434342174,0,0,2
0,-57.6550477457703,-63.0618518182474,-78.12214757911521,-64.10840441017251,-81.09169201950486,0,0,0
0,-57.03067762376521,-62.49008826786988,-104.86200643885994,-66.44871101693647,-88.4892795554232,0,0,0
0,-58.024122091044276,-62.79793851414364,-80.4220482323909,-63.31436280571189,-82.15073656076154,0,0,0
1,-54.109396485910885,-56.95930985818241,-39.11548589398253,-44.966490117190055,-65.84404225410564,0,0,0
1,-55.73549986110861,-58.64741994172198,-38.050836721913726,-35.47364820293953,-61.657689434342174,0,0,2
0,-57.6550477457703,-63.0618518182474,-78.12214757911521,-64.10840441017251,-81.09169201950486,0,0,0
0,-57.03067762376521,-62.49008826786988,-104.86200643885994,-66.44871101693647,-88.4892795554232,0,0,0
1,-57.348500387239426,-60.6040394851908,-57.73977865050291,-44.91650069033242,-64.27322627399113,1,1,1
1,-55.73549986110861,-58.64741994172198,-38.050836721913726,-35.47364820293953,-61.657689434342174,0,0,2
0,-57.6550477457703,-63.0618518182474,-78.12214757911521,-64.10840441017251,-81.09169201950486,0,0,0
0,-55.899688072019615,-58.769593241346286,-82.72189115386792,-60.23707173467575,-80.71625541817998,0,0,0
1,-59.36112743165608,-62.05966837101891,-45.68176445227078,-49.08453952073869,-73.06565676733732,0,0,0
0,-55.899688072019615,-58.769593241346286,-82.72189115386792,-60.23707173467575,-80.71625541817998,0,0,0
1,-58.514921784632556,-58.514921784632556,-63.401502256832266,-44.64617401553655,-77.53537246168224,0,0,0
0,-50.88306822270759,-54.10141234507589,-83.41498833817882,-66.05761866428689,-72.44182882136151,0,1,0
1,-51.625143891502056,-55.656178743048784,-57.74247084958071,-41.744684518354546,-65.48214924357654,0,1,0
0,-53.482288214826006,-58.59540235471686,-78.12214757911522,-54.29205969655571,-76.91893248856057,0,0,0
0,-54.307231514716186,-60.14359946369083,-54.75219214123702,-70.48405790212048,-70.73288915708729,0,0,0
0,-61.9893879756319,-68.1574447989198,-118.160625714821,-87.53008236704831,-97.4375756900782,0,0,0
0,-54.51932464351479,-60.01522414434532,-105.75346875582356,-71.21674582357632,-86.24536527026186,0,0,0
1,-50.639195096079035,-54.66280140815927,-47.83893327303368,-38.69184065440017,-61.525139175189416,0,0,1
0,-53.408551596935126,-56.241596751362664,-76.16065943497514,-52.98093533949613,-72.79101352462794,0,0,1
0,-52.23980947040026,-55.03188614062627,-82.5235260212152,-63.16352568634572,-73.5311313739651,0,1,0
1,-53.66290633994428,-57.63307025976905,-48.5320304573446,-46.767571225360285,-64.75677957434793,0,0,1
0,-54.307231514716186,-60.14359946369083,-54.75219214123702,-70.48405790212048,-70.73288915708729,0,0,0
0,-61.9893879756319,-68.1574447989198,-118.160625714821,-87.53008236704831,-97.4375756900782,0,0,0
0,-54.51932464351479,-60.01522414434532,-105.75346875582356,-71.21674582357632,-86.24536527026186,0,0,0
1,-50.639195096079035,-54.66280140815927,-47.83893327303368,-38.69184065440017,-61.525139175189416,0,0,1
0,-53.408551596935126,-56.241596751362664,-76.16065943497514,-52.98093533949613,-72.79101352462794,0,0,1
1,-56.089977731825556,-58.82118347032961,-46.57322676923438,-47.27275150887897,-66.59620985979615,0,1,0
0,-53.89627476160095,-58.06895911729887,-59.405880905590514,-53.79073671767224,-71.7180390332781,0,0,0
0,-61.9893879756319,-68.1574447989198,-118.160625714821,-87.53008236704831,-97.4375756900782,0,0,0
0,-54.51932464351479,-60.01522414434532,-105.75346875582356,-71.21674582357632,-86.24536527026186,0,0,0
1,-50.639195096079035,-54.66280140815927,-47.83893327303368,-38.69184065440017,-61.525139175189416,0,0,1
0,-53.408551596935126,-56.241596751362664,-76.16065943497514,-52.69511507090332,-72.79101352462794,0,0,1
1,-58.15384329318103,-61.08756946755823,-39.31889786603067,-37.43568092010654,-66.48377675019051,0,0,1
0,-61.9893879756319,-68.1574447989198,-118.160625714821,-87.53008236704831,-97.4375756900782,0,0,0
0,-54.51932464351479,-60.01522414434532,-105.75346875582356,-71.21674582357632,-86.24536527026186,0,0,0
1,-50.639195096079035,-54.66280140815927,-47.83893327303368,-38.69184065440017,-61.525139175189416,0,0,1
0,-53.408551596935126,-56.241596751362664,-76.16065943497514,-52.98093533949613,-72.79101352462794,0,0,1
1,-58.15384329318103,-61.08756946755823,-39.31889786603067,-37.43568092010654,-66.48377675019051,0,0,1
0,-61.9893879756319,-68.1574447989198,-118.160625714821,-87.53008236704831,-97.4375756900782,0,0,0
0,-56.86556140823645,-61.34074599311742,-65.76874749183061,-65.2233793287552,-73.13044975298591,0,1,0
1,-53.58557131921823,-56.096425218138776,-54.89220484450689,-44.62094058135381,-63.12176096697085,0,0,3
1,-58.15384329318103,-61.08756946755823,-39.31889786603067,-37.43568092010654,-66.48377675019051,0,0,1
0,-61.9893879756319,-68.1574447989198,-118.160625714821,-87.53008236704831,-97.4375756900782,0,0,0
1,-56.738966954329946,-59.70139912605123,-57.73977865050291,-47.60122721468652,-70.5951646466811,0,1,0
1,-58.15384329318103,-61.08756946755823,-39.31889786603067,-37.43568092010654,-66.48377675019051,0,0,1
0,-58.99933982092978,-62.325071383473066,-82.52352602121523,-55.809709169616376,-83.75639762729435,0,0,0
1,-62.638488808452536,-62.638488808452536,-45.67371865667096,-40.982554258103434,-76.34060440545382,0,0,0
1,-52.60600492336263,-55.33259056108599,-48.52933825826679,-46.92813199624756,-61.67174495750211,0,2,0
0,-54.994772566188885,-58.82323622228761,-51.89659559822682,-60.14923590815899,-67.09801534285721,0,0,1
0,-58.00685491758324,-62.25017711454769,-88.73835716717127,-65.16954644705666,-84.62836206773463,0,0,0
1,-54.48692668675053,-57.3390010218442,-38.42743554906706,-42.85859324680318,-66.01515735147065,0,0,0
1,-55.81328552394211,-58.40279099872012,-36.4686549195425,-38.15541388134729,-66.75388199980486,0,0,0
0,-58.00685491758324,-62.25017711454769,-88.73835716717127,-65.16954644705666,-84.62836206773463,0,0,0
1,-54.48692668675053,-57.3390010218442,-38.42743554906706,-42.85859324680318,-66.01515735147065,0,0,0
1,-55.81328552394211,-58.40279099872012,-36.4686549195425,-38.15541388134729,-66.75388199980486,0,0,0
0,-60.00730784281461,-62.73235271463108,-73.31041648848695,-56.262003122072585,-82.0004327893607,0,0,0
1,-62.529462595529736,-62.529462595529736,-45.67371865667096,-39.58168018966327,-76.23157819253102,0,0,0
1,-51.18066712004095,-54.01792313154498,-37.362786376998265,-43.63261859740599,-51.99229532474125,1,1,1
0,-55.529807672257895,-59.33753791583974,-59.150924501430524,-53.39898079105121,-69.80934911988733,0,0,1
0,-58.1612570386659,-62.50029440440372,-65.76607835133845,-61.65212111609634,-77.89108054406744,0,0,0
1,-54.88428479355893,-57.914627387092764,-39.11548589398253,-45.14646203788927,-66.61893056175369,0,0,0
1,-56.2496372946363,-58.82479921613754,-45.67909531177862,-38.61472116355479,-66.48762998537016,0,0,1
0,-58.1612570386659,-62.50029440440372,-65.76607835133845,-61.65212111609634,-77.89108054406744,0,0,0
1,-54.88428479355893,-57.914627387092764,-39.11548589398253,-45.14646203788927,-66.61893056175369,0,0,0
1,-56.2496372946363,-58.82479921613754,-45.67909531177862,-38.61472116355479,-66.48762998537016,0,0,1
0,-60.63482334875724,-63.42405435752388,-64.09997609625084,-54.40630261860656,-79.86481617763249,0,0,0
1,-62.96531076414681,-62.96531076414681,-36.46327826443484,-37.652600457967814,-73.90429424347725,0,0,0
1,-51.95992798974279,-54.76537669645068,-37.15937440495012,-45.55239564995794,-52.71053260282864,1,1,1
0,-53.63188571809542,-57.835355199270964,-60.045055958886294,-55.30136828243215,-68.17966660296159,0,0,1
0,-57.6575701033981,-63.08792148886189,-79.73163550410986,-67.10859448597293,-81.57706075463106,0,0,0
1,-53.7428481343306,-59.47570138625426,-56.68317527403393,-45.41937800330747,-70.74780071654078,0,0,0
0,-56.713992631350784,-62.103367686960574,-118.160625714821,-79.63352818384814,-92.16218034579708,0,0,0
0,-57.51372436776512,-63.770527936334474,-62.89798336140433,-65.73706398241399,-72.91738347338669,0,1,0
0,-52.41040775340418,-57.94842240939212,-108.40280743692573,-80.33177661261844,-84.9312499844819,0,0,0
1,-51.20216139997882,-55.324487667402906,-43.58028666344647,-38.04946901842513,-53.87903969061358,1,1,1
0,-51.38522633898935,-54.45886139901661,-66.05875672577542,-48.464931664581705,-67.73711745392225,0,0,1
1,-53.94803888756958,-56.882740055596834,-46.57322676923438,-38.49013087419476,-64.45427101554017,0,0,1
0,-57.6575701033981,-63.08792148886189,-79.73163550410986,-67.10859448597293,-81.57706075463106,0,0,0
1,-53.7428481343306,-59.47570138625426,-56.68317527403393,-45.41937800330747,-70.74780071654078,0,0,0
0,-56.713992631350784,-62.103367686960574,-118.160625714821,-79.63352818384814,-92.16218034579708,0,0,0
0,-57.51372436776512,-63.770527936334474,-62.89798336140433,-65.73706398241399,-72.91738347338669,0,1,0
0,-52.41040775340418,-57.94842240939212,-108.40280743692573,-80.33177661261844,-84.9312499844819,0,0,0
1,-51.20216139997882,-55.324487667402906,-43.58028666344647,-38.04946901842513,-53.87903969061358,1,1,1
0,-51.38522633898935,-54.45886139901661,-66.05875672577542,-48.464931664581705,-67.73711745392225,0,0,1
1,-53.94803888756958,-56.882740055596834,-46.57322676923438,-38.49013087419476,-64.45427101554017,0,0,1
0,-57.68237355614594,-63.1390516897456,-86.98596440731355,-58.47463778069018,-83.77816287834,0,0,0
0,-59.56438524539695,-65.41762835365522,-133.73393269329722,-84.42222842955576,-99.68456505338611,0,0,0
0,-57.51372436776512,-63.770527936334474,-62.89798336140433,-65.73706398241399,-72.91738347338669,0,1,0
0,-52.41040775340418,-57.94842240939212,-108.40280743692573,-80.33177661261844,-84.9312499844819,0,0,0
1,-51.20216139997882,-55.324487667402906,-43.58028666344647,-38.04946901842513,-53.87903969061358,1,1,1
0,-51.38522633898935,-54.45886139901661,-66.05875672577542,-48.464931664581705,-67.73711745392225,0,0,1
1,-53.94803888756958,-56.882740055596834,-46.57322676923438,-38.49013087419476,-64.45427101554017,0,0,1
0,-57.68237355614594,-63.1390516897456,-86.98596440731355,-58.47463778069018,-83.77816287834,0,0,0
0,-59.56438524539695,-65.41762835365522,-133.73393269329722,-84.42222842955576,-99.68456505338611,0,0,0
0,-57.51372436776512,-63.770527936334474,-62.89798336140433,-65.73706398241399,-72.91738347338669,0,1,0
0,-54.46344586377021,-58.98077933061223,-77.13366450575181,-61.407334288670754,-77.60354521549576,0,0,0
1,-55.029353471856744,-57.571376163173035,-46.57322676923438,-42.76859312687858,-65.53558559982734,0,0,1
1,-53.94803888756958,-56.882740055596834,-46.57322676923438,-38.49013087419476,-64.45427101554017,0,0,1
0,-57.68237355614594,-63.1390516897456,-86.98596440731355,-58.47463778069018,-83.77816287834,0,0,0
0,-59.56438524539695,-65.41762835365522,-133.73393269329722,-84.42222842955576,-99.68456505338611,0,0,0
0,-57.51372436776512,-63.770527936334474,-62.89798336140433,-65.73706398241399,-72.91738347338669,0,1,0
1,-54.281728414314316,-57.21875830504854,-66.2571218584281,-45.110356194594786,-74.15886497184275,0,0,0
1,-53.94803888756958,-56.882740055596834,-46.57322676923438,-38.49013087419476,-64.45427101554017,0,0,1
0,-57.68237355614594,-63.1390516897456,-86.98596440731355,-58.47463778069018,-83.77816287834,0,0,0
0,-59.56438524539695,-65.41762835365522,-133.73393269329722,-84.42222842955576,-99.68456505338611,0,0,0
1,-60.48565036644858,-63.76303489506794,-46.57322676923438,-57.43960997054752,-70.99188249441917,0,1,0
1,-53.94803888756958,-56.882740055596834,-46.57322676923438,-38.49013087419476,-64.45427101554017,0,0,1
0,-57.68237355614594,-63.1390516897456,-86.98596440731355,-53.34502551564503,-83.77816287834,0,0,0
0,-60.55579184348031,-63.54023009491857,-113.00242100391958,-81.99596951372493,-94.45651814465617,0,0,0
1,-58.996827406385144,-61.74524240687054,-47.637875941303186,-42.587208708880915,-73.2881901887761,0,0,0
0,-60.55579184348031,-63.54023009491857,-113.00242100391958,-81.99596951372493,-94.45651814465617,0,0,0
1,-59.811998406432124,-59.811998406432124,-64.09459944114319,-47.55183730892335,-79.04037823877508,0,0,0
1,-52.42797993634198,-55.26068868859766,-37.36278637699826,-45.31081379953168,-63.636815849441454,0,0,0
0,-53.21002502243368,-56.92713388864635,-58.51174944813474,-59.83885546730812,-67.29781395407439,0,0,1
0,-57.1116956566582,-61.36539338532104,-77.57180528590274,-68.53950507186386,-80.38323724242902,0,0,0
1,-55.3000326367803,-58.29393793324608,-27.25583682840309,-43.786841025159276,-51.05225043636123,1,1,2
1,-55.5635088666093,-58.080318651468886,-54.88953570401473,-38.618848436664145,-72.03036957781372,0,0,0
0,-57.1116956566582,-61.36539338532104,-77.57180528590274,-66.31788901448974,-80.38323724242902,0,0,0
1,-55.3000326367803,-58.29393793324608,-27.25583682840309,-41.99200048269362,-51.05225043636123,1,1,2
1,-55.5635088666093,-58.080318651468886,-54.88953570401473,-38.618848436664145,-72.03036957781372,0,0,0
0,-60.18535071194632,-62.9398469776472,-73.31041648848694,-56.03427507086691,-82.1784756584924,0,0,0
1,-64.18600426505802,-64.18600426505802,-36.46327826443484,-40.04294112621326,-75.12498774438846,0,0,0
0,-54.288924840127315,-57.27501091814002,-94.58154021944735,-80.14876137620578,-79.1976510031618,0,1,0
0,-52.60774536787567,-57.06924650590661,-47.83893327303368,-42.05915538547815,-66.95942534978577,0,0,0
1,-50.708987679334285,-56.1149414534622,-45.539082608508735,-38.86500303848024,-58.87765101854636,0,2,0
0,-53.56450047491143,-59.41780912369942,-87.33525711184348,-55.39328603156899,-79.76507760846448,0,0,0
0,-53.5501530735504,-59.403334002475134,-67.90978650010992,-65.59850467202688,-70.45735312078365,0,0,1
0,-58.26315683917767,-64.10203664101716,-119.22260574639763,-85.77168028727208,-94.02993856309695,0,0,0
0,-59.38138887713895,-64.03347132620219,-83.41768053725662,-63.72233129670673,-80.94095713551621,0,1,0
1,-56.02147946701879,-59.15825098325378,-28.15234598476215,-47.049607473322865,-54.069975554048256,1,1,1
0,-54.288924840127315,-57.27501091814002,-94.58154021944735,-80.14876137620578,-79.1976510031618,0,1,0
1,-51.49156675446347,-55.72193558193447,-51.89926473871898,-52.494551046531356,-67.06134617607917,0,0,0
0,-53.54285277141217,-58.89601591934334,-71.21429229618468,-49.61155246022701,-74.90714046026757,0,0,0
0,-53.5501530735504,-59.403334002475134,-67.90978650010992,-65.59850467202688,-70.45735312078365,0,0,1
0,-58.26315683917767,-64.10203664101716,-119.22260574639763,-85.77168028727208,-94.02993856309695,0,0,0
0,-59.38138887713895,-64.03347132620219,-83.41768053725662,-63.72233129670673,-80.94095713551621,0,1,0
1,-56.02147946701879,-59.15825098325378,-28.15234598476215,-47.049607473322865,-54.069975554048256,1,1,1
0,-57.217493204738915,-60.24756295085683,-76.1606594349751,-50.91371882062347,-76.59995513243173,0,1,0
1,-51.78328372037226,-55.960861921646504,-45.68445665134858,-45.01557396212136,-65.48862071577683,0,0,0
0,-53.5501530735504,-59.403334002475134,-67.90978650010992,-65.59850467202688,-70.45735312078365,0,0,1
0,-58.26315683917767,-64.10203664101716,-119.22260574639763,-85.77168028727208,-94.02993856309695,0,0,0
0,-59.38138887713895,-64.03347132620219,-83.41768053725662,-63.72233129670673,-80.94095713551621,0,1,0
1,-56.02147946701879,-59.15825098325378,-28.15234598476215,-47.049607473322865,-54.069975554048256,1,1,1
1,-56.594003135270995,-59.57128225519216,-45.68176445227078,-47.74294325031956,-66.8327965681525,0,1,0
0,-55.296706200000294,-59.34886026288076,-49.94315324968657,-37.739352407089264,-70.27965217490626,0,0,0
0,-58.26315683917767,-64.10203664101716,-119.22260574639763,-85.77168028727208,-94.02993856309695,0,0,0
0,-59.38138887713895,-64.03347132620219,-83.41768053725662,-63.72233129670673,-80.94095713551621,0,1,0
1,-56.02147946701879,-59.15825098325378,-28.15234598476215,-47.049607473322865,-54.069975554048256,1,1,1
1,-53.995502987606365,-56.84735796913376,-45.68176445227078,-37.554361339939945,-67.7000323232876,0,0,0
0,-58.26315683917767,-64.10203664101716,-119.22260574639763,-85.77168028727208,-94.02993856309695,0,0,0
0,-59.38138887713895,-64.03347132620219,-83.41768053725662,-63.72233129670673,-80.94095713551621,0,1,0
1,-56.02147946701879,-59.15825098325378,-28.15234598476215,-47.049607473322865,-54.069975554048256,1,1,1
1,-53.995502987606365,-56.84735796913376,-45.68176445227078,-37.554361339939945,-67.7000323232876,0,0,0
0,-58.26315683917767,-64.10203664101716,-119.22260574639763,-85.77168028727208,-94.02993856309695,0,0,0
1,-60.374179831227735,-63.507984955142994,-28.1472991453667,-42.58312667702128,-56.393836325897745,1,2,1
1,-53.995502987606365,-56.84735796913376,-45.68176445227078,-37.554361339939945,-67.7000323232876,0,0,0
0,-59.37142651951047,-62.741095907962,-94.58154021944736,-56.14704773016432,-87.74588858534469,0,0,0
1,-64.90002100948375,-64.90002100948375,-54.88415904890707,-42.79281226376223,-81.36526872415587,0,0,0
0,-51.9827798085073,-55.158103436558896,-103.09888342737254,-65.64771062583966,-82.91244483671906,0,0,0
1,-51.571248140387844,-55.746977392783855,-45.68445665134858,-39.539269593094936,-61.81084923299269,0,0,1
0,-52.66982499596844,-57.948704276276644,-82.38084417745318,-54.9600292693557,-77.38407824920439,0,0,0
0,-53.852618825985836,-59.26045380842986,-67.01832418314632,-68.64586639380106,-70.49238017813,0,0,1
0,-55.58125168368474,-61.33022501185857,-116.37503194040161,-66.40071893273401,-90.49376126580523,0,0,0
0,-57.98891044119598,-62.5597975339344,-75.8706502010303,-61.51634011188633,-77.28436959870535,0,1,0
1,-52.290728297817445,-55.26156456509408,-56.8483163335393,-50.93063580099986,-69.34522319787924,0,0,0
0,-56.212475884582666,-59.15563681489807,-75.43842450621892,-64.73447440095735,-75.37826733364862,0,1,0
1,-51.28688077718471,-55.42963020185154,-48.5320304573446,-46.13524321879486,-62.38075401158836,0,0,1
0,-53.852618825985836,-59.26045380842986,-67.01832418314632,-68.64586639380106,-70.49238017813,0,0,1
0,-55.58125168368474,-61.33022501185857,-116.37503194040161,-66.40071893273401,-90.49376126580523,0,0,0
0,-57.98891044119598,-62.5597975339344,-75.8706502010303,-61.51634011188633,-77.28436959870535,0,1,0
1,-52.290728297817445,-55.26156456509408,-56.8483163335393,-50.93063580099986,-69.34522319787924,0,0,0
1,-52.04890993836977,-54.95909104095598,-36.47132406003466,-43.89553587918523,-59.52457125358044,0,1,0
0,-54.14744009766856,-58.01490110224517,-50.88346586108273,-51.65479738393538,-65.94674395319366,0,0,1
0,-55.58125168368474,-61.33022501185857,-116.37503194040161,-66.40071893273401,-90.49376126580523,0,0,0
0,-57.98891044119598,-62.5597975339344,-75.8706502010303,-61.51634011188633,-77.28436959870535,0,1,0
1,-52.290728297817445,-55.26156456509408,-56.8483163335393,-50.93063580099986,-69.34522319787924,0,0,0
1,-54.69551900498967,-57.33041168748567,-36.47132406003466,-35.28615349828018,-65.63691622300007,0,0,0
0,-55.58125168368474,-61.33022501185857,-116.37503194040161,-66.40071893273401,-90.49376126580523,0,0,0
0,-57.98891044119598,-62.5597975339344,-75.8706502010303,-61.51634011188633,-77.28436959870535,0,1,0
1,-52.290728297817445,-55.26156456509408,-56.8483163335393,-50.93063580099986,-69.34522319787924,0,0,0
1,-54.69551900498967,-57.33041168748567,-36.47132406003466,-35.28615349828018,-65.63691622300007,0,0,0
0,-55.58125168368474,-61.33022501185857,-116.37503194040161,-66.40071893273401,-90.49376126580523,0,0,0
1,-59.03483440099271,-62.09296908057144,-28.15234598476215,-40.46818340297645,-64.01480229362163,0,1,0
1,-54.69551900498967,-57.33041168748567,-36.47132406003466,-33.90417874851208,-65.63691622300007,0,0,0
0,-59.35281900718543,-62.58347765803562,-92.62542873041495,-59.02022931888597,-87.14044762630992,0,0,0
1,-62.21005525999274,-62.21005525999274,-73.30503983337927,-50.36396402834014,-84.20156721000652,0,0,0
1,-50.593519483939026,-53.409961501912335,-45.68176445227078,-43.244241110509975,-53.900841111221084,1,1,1
0,-54.07889931503342,-57.780678050502,-65.76607835133845,-52.08322784798991,-73.80872282043495,0,0,0
0,-57.480265629920765,-61.825385561229886,-79.52791677493516,-68.20615139385785,-81.33864066240132,0,0,0
1,-56.72513020833297,-59.77513351494205,-38.050836721913726,-46.243273415601806,-51.66119689488544,2,2,2
1,-55.97824638980187,-58.44745680318984,-56.845647193047135,-40.63374156304101,-69.56620464491628,0,0,1
0,-57.480265629920765,-61.825385561229886,-79.52791677493516,-68.20615139385785,-81.33864066240132,0,0,0
1,-56.72513020833297,-59.77513351494205,-38.050836721913726,-46.243273415601806,-51.66119689488544,2,2,2
1,-55.97824638980187,-58.44745680318984,-56.845647193047135,-40.63374156304101,-69.56620464491628,0,0,1
0,-60.95778708286755,-63.78462968902869,-64.09997609625084,-54.80113830816518,-80.1877799117428,0,0,0
1,-63.935958951596675,-63.935958951596675,-45.67371865667096,-39.03155983277024,-77.63807454859796,0,0,0
1,-50.97600925607096,-53.70644132745357,-45.68176445227078,-44.41963223873767,-59.187477148411645,0,2,0
0,-55.118073078494575,-58.94761008643187,-56.555637959102334,-55.45970042821806,-72.08476446622527,0,0,0
0,-58.42630610682461,-62.7095345501281,-77.57180528590276,-72.07455010876964,-81.69784769259545,0,0,0
1,-54.09533156039999,-56.94917667144789,-28.15234598476215,-43.23910585137113,-52.143827647429454,1,1,1
1,-56.459714755207,-59.0566834410637,-27.258214527306382,-37.80028176726998,-61.171443210599186,0,0,1
0,-58.42630610682461,-62.7095345501281,-77.57180528590276,-72.07455010876964,-81.69784769259545,0,0,0
1,-54.09533156039999,-56.94917667144789,-28.15234598476215,-43.23910585137113,-52.143827647429454,1,1,1
1,-56.459714755207,-59.0566834410637,-27.258214527306382,-37.80028176726998,-61.171443210599186,0,0,1
0,-61.116498715319324,-63.819423582515014,-64.09997609625084,-54.71872368967581,-80.34649154419458,0,0,0
1,-63.23608030945856,-63.23608030945856,-36.46327826443484,-41.47459216087451,-63.777856080389824,1,1,1
0,-52.82012445496482,-56.05393957503888,-85.37109982721121,-63.309701005402054,-74.96571850032846,0,1,0
1,-52.066479341971494,-56.25621891128788,-40.73271285745045,-41.68768184273685,-53.889085490807446,1,1,1
0,-53.482288214826,-58.87431797745606,-78.12214757911522,-54.57277085493939,-76.91893248856056,0,0,0
0,-54.307231514716186,-60.12943642375283,-52.85613999701207,-69.50758498429973,-66.69833761102008,0,0,1
0,-55.40509804495758,-61.40820158566028,-107.36562582131035,-78.6404755573184,-87.61478579135068,0,0,0
1,-55.30516801455242,-61.28208392250985,-83.27497563490897,-51.8072994430475,-69.89045299662592,1,1,1
0,-55.38182999719932,-60.52228762145845,-126.47693464960136,-75.78103674084709,-93.32491039207972,0,0,0
0,-58.127607698674396,-62.86279141077917,-71.21160784015481,-59.17900355358636,-79.49109005072084,0,0,0
1,-53.71576596305628,-56.69902219961487,-45.47468114278713,-44.48231564871945,-56.960962597493236,1,1,1
0,-56.61502378665196,-59.535995042820055,-66.95021904273902,-64.4722483706647,-71.20702805613311,0,2,0
1,-52.722437947216115,-56.92425017669678,-28.155038183839952,-45.47041557305012,-55.67588795902755,0,0,2
0,-54.307231514716186,-60.12943642375283,-52.85613999701207,-69.50758498429973,-66.69833761102008,0,0,1
0,-55.40509804495758,-61.40820158566028,-107.36562582131035,-88.56482655721457,-87.61478579135068,0,0,0
1,-55.30516801455242,-61.28208392250985,-83.27497563490897,-51.8072994430475,-69.89045299662592,1,1,1
0,-55.38182999719932,-60.52228762145845,-126.47693464960136,-75.78103674084709,-93.32491039207972,0,0,0
0,-58.127607698674396,-62.86279141077917,-71.21160784015481,-62.18540136706087,-79.49109005072084,0,0,0
1,-53.71576596305628,-56.69902219961487,-45.47468114278713,-44.48231564871945,-56.960962597493236,1,1,1
1,-52.21835670618983,-55.1514006225222,-37.362786376998265,-43.48215260306707,-59.96145671648958,0,1,0
0,-52.08948030449755,-56.35228978167042,-59.405880905590514,-53.5924372732326,-66.44550867337499,0,0,1
0,-55.40509804495758,-61.40820158566028,-107.36562582131035,-88.56482655721457,-87.61478579135068,0,0,0
1,-55.30516801455242,-61.28208392250985,-83.27497563490897,-56.661822662035526,-69.89045299662592,1,1,1
0,-55.38182999719932,-60.52228762145845,-126.47693464960136,-75.78103674084709,-93.32491039207972,0,0,0
0,-58.127607698674396,-62.86279141077917,-71.21160784015481,-59.17900355358636,-79.49109005072084,0,0,0
1,-53.71576596305628,-56.69902219961487,-45.47468114278713,-44.48231564871945,-56.960962597493236,1,1,1
1,-55.01269075949355,-58.006731923518124,-28.15234598476215,-34.78830972105074,-63.458394554922194,0,0,0
0,-55.40509804495758,-61.40820158566028,-107.36562582131035,-88.56482655721457,-87.61478579135068,0,0,0
1,-55.30516801455242,-61.28208392250985,-83.27497563490897,-51.8072994430475,-69.89045299662592,1,1,1
0,-55.38182999719932,-60.52228762145845,-126.47693464960136,-75.78103674084709,-93.32491039207972,0,0,0
0,-58.127607698674396,-62.86279141077917,-71.21160784015481,-62.18540136706087,-79.49109005072084,0,0,0
1,-53.71576596305628,-56.69902219961487,-45.47468114278713,-44.48231564871945,-56.960962597493236,1,1,1
1,-55.01269075949355,-58.006731923518124,-28.15234598476215,-34.78830972105074,-63.458394554922194,0,0,0
0,-56.67380406043415,-62.77812508764622,-96.74406263673225,-60.34401444099937,-85.69702285145382,0,0,0
0,-58.21251697091522,-63.86902864142093,-114.96390914805967,-68.79669777031114,-92.70168971533312,0,0,0
0,-58.127607698674396,-62.86279141077917,-71.21160784015481,-62.18540136706087,-79.49109005072084,0,0,0
1,-53.71576596305628,-56.69902219961487,-45.47468114278713,-44.48231564871945,-56.960962597493236,1,1,1
1,-55.01269075949355,-58.006731923518124,-28.15234598476215,-34.78830972105074,-63.458394554922194,0,0,0
0,-56.67380406043415,-62.77812508764622,-96.74406263673225,-60.34401444099937,-85.69702285145382,0,0,0
0,-58.21251697091522,-63.86902864142093,-114.96390914805967,-68.79669777031114,-92.70168971533312,0,0,0
1,-58.673838992367884,-61.896270291312966,-64.99410755370661,-42.08352453515285,-74.70633535568014,0,1,0
1,-55.01269075949355,-58.006731923518124,-28.15234598476215,-34.78830972105074,-63.458394554922194,0,0,0
0,-56.67380406043415,-62.77812508764622,-96.74406263673225,-60.34401444099937,-85.69702285145382,0,0,0
0,-57.7725543488912,-60.875988364480214,-83.41498833817883,-65.27988640104037,-82.79705085034485,0,0,0
1,-61.25523444933984,-64.12871634170824,-46.57322676923438,-45.777994840063634,-75.22720248011015,0,0,0
0,-57.7725543488912,-60.875988364480214,-83.41498833817883,-65.27988640104037,-82.79705085034485,0,0,0
1,-61.66108020177292,-61.66108020177292,-64.09459944114319,-47.23704388771278,-77.42372413131615,0,1,0
1,-51.001560108102716,-54.00427191677809,-37.362786376998265,-44.738686270518954,-58.744660118402464,0,1,0
0,-53.053745765192254,-57.21250545866935,-60.41660794664418,-51.155284669091834,-71.1787281491855,0,0,0
0,-57.36906201988502,-63.04803122877202,-116.3750319404016,-71.59996791916738,-92.2815716020055,0,0,0
0,-64.24656358783778,-70.22593737351454,-78.12481671960735,-77.09720473695668,-84.21827270092027,0,1,0
0,-52.87665736411524,-58.9505013901727,-114.59515630855279,-66.81649264723961,-81.76214281334053,0,2,0
0,-53.64318602629525,-58.82967954598143,-52.10031432740153,-41.68570217693565,-65.80754442171599,0,0,1
1,-53.85906603537883,-58.45600046821416,-50.83461556665017,-41.02372895419834,-69.10945070537389,0,0,0
0,-53.849083263320274,-56.704759195921106,-74.20454794594272,-54.4206937961653,-76.11044764710309,0,0,0
1,-54.77734176408334,-57.66733314441214,-27.26088366779854,-35.95272641945782,-57.46254542108235,0,0,2
0,-57.36906201988502,-63.04803122877202,-116.3750319404016,-71.59996791916738,-92.2815716020055,0,0,0
0,-64.24656358783778,-70.22593737351454,-78.12481671960735,-77.09720473695668,-84.21827270092027,0,1,0
0,-52.87665736411524,-58.9505013901727,-114.59515630855279,-65.00633078781206,-81.76214281334053,0,2,0
0,-53.64318602629525,-58.82967954598143,-52.10031432740153,-41.68570217693565,-65.80754442171599,0,0,1
1,-53.85906603537883,-58.45600046821416,-50.83461556665017,-41.02372895419834,-69.10945070537389,0,0,0
0,-53.849083263320274,-56.704759195921106,-74.20454794594272,-54.4206937961653,-76.11044764710309,0,0,0
1,-54.77734176408334,-57.66733314441214,-27.26088366779854,-35.95272641945782,-57.46254542108235,0,0,2
0,-57.36906201988502,-63.04803122877202,-116.3750319404016,-71.59996791916738,-92.2815716020055,0,0,0
0,-64.24656358783778,-70.22593737351454,-78.12481671960735,-77.09720473695668,-84.21827270092027,0,1,0
0,-52.87665736411524,-58.9505013901727,-114.59515630855279,-65.36062824935013,-81.76214281334053,0,2,0
1,-52.18797612274464,-56.41802751843985,-30.11114967287236,-53.942016553291964,-57.75558512180662,0,1,0
0,-54.58393362404019,-57.60056448076772,-66.05875672577542,-49.89165164704273,-70.9358247389731,0,0,1
1,-54.77734176408334,-57.66733314441214,-27.26088366779854,-35.95272641945782,-57.46254542108235,0,0,2
0,-57.36906201988502,-63.04803122877202,-116.3750319404016,-71.59996791916738,-92.2815716020055,0,0,0
0,-64.24656358783778,-70.22593737351454,-78.12481671960735,-77.09720473695668,-84.21827270092027,0,1,0
0,-53.735545434857904,-58.45492111083916,-48.5320304573446,-47.17161994621658,-68.29515457206128,0,0,0
1,-57.059896070244065,-59.70964388983148,-45.68176445227078,-48.87896561253077,-67.29868950312557,0,0,1
1,-54.77734176408334,-57.66733314441214,-27.26088366779854,-35.95272641945782,-57.46254542108235,0,0,2
0,-57.36906201988502,-63.04803122877202,-116.3750319404016,-71.59996791916738,-92.2815716020055,0,0,0
0,-64.24656358783778,-70.22593737351454,-78.12481671960735,-77.09720473695668,-84.21827270092027,0,1,0
1,-54.632661497611494,-57.77173359748495,-46.57322676923438,-47.71943266191139,-65.13889362558209,0,1,0
1,-54.77734176408334,-57.66733314441214,-27.26088366779854,-35.95272641945782,-57.46254542108235,0,0,2
0,-57.36906201988502,-63.04803122877202,-116.3750319404016,-71.59996791916738,-92.2815716020055,0,0,0
1,-60.63395889875433,-63.666595831324365,-59.814023364040196,-46.60360122982826,-73.08510446462584,0,2,0
1,-54.77734176408334,-57.66733314441214,-27.26088366779854,-35.95272641945782,-57.46254542108235,0,0,2
0,-61.941596637130786,-64.74346529021378,-102.89784915422771,-59.15742547894345,-92.8109513833991,0,0,0
1,-64.00777741174741,-64.00777741174741,-54.88415904890707,-47.81093277301139,-80.47302512641953,0,0,0
1,-51.84283738821684,-54.65749687681911,-64.99410755370661,-43.51830591142228,-60.943861945929655,1,1,1
0,-53.51079009235013,-57.605496233188035,-68.13871540414276,-54.998158859175476,-73.95240471359295,0,0,0
0,-61.7318577693765,-67.5164427667739,-90.89818738537839,-79.89929456328382,-89.00131398499002,0,0,0
0,-53.18291366862268,-58.807561704316335,-84.27793085587166,-65.62916683291772,-72.97323148204363,0,2,0
1,-50.787853734853066,-54.82754258022711,-28.155038183839952,-37.7579336669791,-48.83715748160587,1,1,1
0,-54.29561234117439,-57.2396254483125,-83.41498833817883,-52.41127687997696,-75.85437293982831,0,0,1
1,-55.78940516036786,-58.65154297912517,-56.15521914922839,-39.559496161769836,-72.63597090513638,0,0,0
0,-61.7318577693765,-67.5164427667739,-90.89818738537839,-79.89929456328382,-89.00131398499002,0,0,0
0,-53.18291366862268,-58.807561704316335,-84.27793085587166,-65.62916683291772,-72.97323148204363,0,2,0
1,-50.787853734853066,-54.82754258022711,-28.155038183839952,-37.7579336669791,-48.83715748160587,1,1,1
0,-54.29561234117439,-57.2396254483125,-83.41498833817883,-52.13014983872718,-75.85437293982831,0,0,1
1,-55.78940516036786,-58.65154297912517,-56.15521914922839,-39.559496161769836,-72.63597090513638,0,0,0
0,-61.7318577693765,-67.5164427667739,-90.89818738537839,-79.89929456328382,-89.00131398499002,0,0,0
0,-54.85340105491674,-59.37877836218104,-64.3037025684735,-60.021922813913655,-74.14451182545878,0,0,0
1,-54.25649706637197,-56.79698444878405,-28.15234598476215,-41.9560957037222,-59.236464959000884,0,0,1
1,-55.78940516036786,-58.65154297912517,-56.15521914922839,-39.559496161769836,-72.63597090513638,0,0,0
0,-61.7318577693765,-67.5164427667739,-90.89818738537839,-83.84740056624034,-89.00131398499002,0,0,0
1,-57.51008691091423,-60.53626275521657,-30.10845747379456,-43.41502005551348,-54.1180909041126,1,2,1
1,-55.78940516036786,-58.65154297912517,-56.15521914922839,-39.559496161769836,-72.63597090513638,0,0,0
0,-59.803732902709086,-62.600263289873496,-91.73129727295918,-56.87494438906066,-87.32312208459683,0,0,0
1,-64.19847564840559,-64.19847564840559,-64.09459944114319,-38.935592201386385,-83.42685548074854,0,0,0
0,-52.42957307901539,-55.65136186404013,-83.41498833817882,-65.0053888417172,-73.98833367766932,0,1,0
1,-52.557266747844174,-56.66837158627089,-34.36984627121035,-44.411050454247906,-52.4710129208081,1,1,1
0,-52.4156757117962,-57.714616357616556,-78.1221475791152,-53.90018883708838,-72.38658408273103,0,0,1
0,-56.260052244784376,-62.142996560718835,-74.06453524267286,-73.4384985068618,-75.01367691478652,0,0,1
0,-63.88354735657521,-70.17478550306559,-104.75154806905437,-85.02253639452229,-95.30901177729152,0,0,0
0,-54.55594629201148,-60.25030146965105,-105.75346875582355,-71.41170133321569,-86.28198691875855,0,0,0
1,-50.0614383682307,-54.16663658779971,-42.88718947913556,-38.57815365922391,-59.461859309171636,0,0,1
0,-51.432141173841394,-54.39048196708744,-76.16065943497513,-48.7148160714791,-70.81460310153422,0,0,1
0,-51.633477431956365,-54.50562408906236,-74.20454794594269,-61.46174217467114,-70.42910591293945,0,1,0
1,-53.04490721150035,-57.16516820634905,-57.74247084958071,-46.184800327483366,-70.36764846637456,0,0,0
0,-56.260052244784376,-62.142996560718835,-74.06453524267286,-73.4384985068618,-75.01367691478652,0,0,1
0,-63.88354735657521,-70.17478550306559,-104.75154806905437,-85.02253639452229,-95.30901177729152,0,0,0
0,-54.55594629201148,-60.25030146965105,-105.75346875582355,-71.41170133321569,-86.28198691875855,0,0,0
1,-50.0614383682307,-54.16663658779971,-42.88718947913556,-38.57815365922391,-59.461859309171636,0,0,1
0,-51.432141173841394,-54.39048196708744,-76.16065943497513,-48.794793344939194,-70.81460310153422,0,0,1
1,-55.92007874325545,-58.80138155678343,-48.52933825826679,-45.47381648384114,-67.01314431793577,0,1,0
0,-55.98080477711877,-60.20886287664953,-68.61632129782663,-56.31706293370079,-73.09996526366704,0,0,1
0,-63.88354735657521,-70.17478550306559,-104.75154806905437,-85.02253639452229,-95.30901177729152,0,0,0
0,-54.55594629201148,-60.25030146965105,-105.75346875582355,-71.41170133321569,-86.28198691875855,0,0,0
1,-50.0614383682307,-54.16663658779971,-42.88718947913556,-38.57815365922391,-59.461859309171636,0,0,1
0,-51.432141173841394,-54.39048196708744,-76.16065943497513,-48.794793344939194,-70.81460310153422,0,0,1
1,-57.73591979818453,-60.72501971639458,-54.89220484450689,-38.63467129053938,-74.2035812515366,0,0,0
0,-63.88354735657521,-70.17478550306559,-104.75154806905437,-85.02253639452229,-95.30901177729152,0,0,0
0,-54.55594629201148,-60.25030146965105,-105.75346875582355,-71.41170133321569,-86.28198691875855,0,0,0
1,-50.0614383682307,-54.16663658779971,-42.88718947913556,-38.57815365922391,-59.461859309171636,0,0,1
0,-51.432141173841394,-54.39048196708744,-76.16065943497513,-48.794793344939194,-70.81460310153422,0,0,1
1,-57.73591979818453,-60.72501971639458,-54.89220484450689,-38.63467129053938,-74.2035812515366,0,0,0
0,-63.88354735657521,-70.17478550306559,-104.75154806905437,-85.02253639452229,-95.30901177729152,0,0,0
0,-55.431877086891156,-60.02696153610138,-66.95291124181682,-64.24930175470126,-72.05201455663648,0,1,0
1,-53.22438100634871,-55.83037776295575,-37.362786376998265,-41.44454664596039,-60.967481016648456,0,0,1
1,-57.73591979818453,-60.72501971639458,-54.89220484450689,-38.63467129053938,-74.2035812515366,0,0,0
0,-63.88354735657521,-70.17478550306559,-104.75154806905437,-85.02253639452229,-95.30901177729152,0,0,0
1,-56.30054904995006,-59.39643203619832,-48.52933825826679,-45.66466882724234,-67.39361462463037,0,1,0
1,-57.73591979818453,-60.72501971639458,-54.89220484450689,-38.63467129053938,-74.2035812515366,0,0,0
0,-61.143236186027174,-64.45308676034728,-84.47963751024764,-55.03827856067024,-86.48712743910147,0,0,0
1,-62.2248188451164,-62.2248188451164,-54.88415904890707,-43.3721263092451,-78.69006655978852,0,0,0
1,-52.520129179247306,-55.51420172356906,-47.954374298460756,-45.81599198640646,-61.41338002544498,0,2,0
0,-52.942076124923574,-57.05108830226525,-39.02888863208587,-51.91458409618085,-64.65074271454934,0,0,0
0,-57.428833742163036,-62.755133623562514,-121.32410659380758,-86.39457102910569,-93.82606572030531,0,0,0
0,-57.39947017527106,-61.94420014883498,-78.4659367433585,-62.32930668127712,-77.47351529547889,0,1,0
1,-52.13197675878611,-55.245135879460236,-45.68176445227078,-46.27874976406343,-62.37077019166761,0,0,1
1,-54.065752210956084,-56.97446530694468,-28.15234598476215,-35.12420700461446,-62.511456006384726,0,0,0
0,-57.428833742163036,-62.755133623562514,-121.32410659380758,-86.39457102910569,-93.82606572030531,0,0,0
0,-57.39947017527106,-61.94420014883498,-78.4659367433585,-62.32930668127712,-77.47351529547889,0,1,0
1,-52.13197675878611,-55.245135879460236,-45.68176445227078,-46.53425920208424,-62.37077019166761,0,0,1
1,-54.065752210956084,-56.97446530694468,-28.15234598476215,-35.12420700461446,-62.511456006384726,0,0,0
0,-57.428833742163036,-62.755133623562514,-121.32410659380758,-86.39457102910569,-93.82606572030531,0,0,0
1,-59.10162333751159,-62.09059450993759,-45.68176445227078,-43.3848983923603,-69.3404167703931,0,1,0
1,-54.065752210956084,-56.97446530694468,-28.15234598476215,-35.12420700461446,-62.511456006384726,0,0,0
0,-59.37142651951047,-62.09044701795014,-93.6874087619916,-57.25638271889145,-87.47764914810796,0,0,0
1,-63.434850858802726,-63.434850858802726,-54.88415904890707,-36.51830697458599,-79.90009857347485,0,0,0
1,-52.42797993634198,-55.26575007597173,-36.471324060034654,-45.32066128507214,-59.90364125155264,0,0,1
0,-51.58610062261542,-55.69785329504384,-56.75667223224718,-53.90343589318713,-65.14736638948985,0,0,1
0,-61.122928196093376,-66.83618742412999,-100.10862777761449,-77.44368858176149,-91.15551652937772,0,0,0
0,-53.31892386976231,-59.24779660640751,-102.73537723521449,-52.05697830664139,-84.13953704032664,0,0,0
0,-50.77281430170584,-55.895150320396624,-40.926588931698475,-42.43830435053722,-59.58505507841566,0,1,0
1,-51.376421184540355,-55.86019528252007,-28.155038183839952,-37.93498151834242,-49.42572493129316,1,1,1
0,-54.918665996609576,-57.80152095707764,-64.10264523674302,-53.70144915277352,-70.68372366483275,0,1,0
1,-54.16068506587239,-57.072138656947736,-37.362786376998265,-36.188172921297344,-61.90378507617215,0,0,1
0,-61.122928196093376,-66.83618742412999,-100.10862777761449,-77.44368858176149,-91.15551652937772,0,0,0
0,-53.31892386976231,-59.24779660640751,-102.73537723521449,-52.05697830664139,-84.13953704032664,0,0,0
0,-50.77281430170584,-55.895150320396624,-40.926588931698475,-42.43830435053722,-59.58505507841566,0,1,0
1,-51.376421184540355,-55.86019528252007,-28.155038183839952,-37.93498151834242,-49.42572493129316,1,1,1
0,-54.918665996609576,-57.80152095707764,-64.10264523674302,-53.70144915277352,-70.68372366483275,0,1,0
1,-54.16068506587239,-57.072138656947736,-37.362786376998265,-36.188172921297344,-61.90378507617215,0,0,1
0,-61.122928196093376,-66.83618742412999,-100.10862777761449,-77.44368858176149,-91.15551652937772,0,0,0
0,-53.31892386976231,-59.24779660640751,-102.73537723521449,-52.05697830664139,-84.13953704032664,0,0,0
1,-52.43656270572584,-56.51839050810097,-55.7863593605483,-56.27524995071633,-65.70673461109061,0,1,0
0,-53.816989318594466,-56.750957059603,-64.99410755370661,-46.63944156899851,-73.31522158470645,0,0,0
1,-54.16068506587239,-57.072138656947736,-37.362786376998265,-36.188172921297344,-61.90378507617215,0,0,1
0,-61.122928196093376,-66.83618742412999,-100.10862777761449,-83.08019589270998,-91.15551652937772,0,0,0
0,-53.72814791912831,-58.26978487874862,-48.5320304573446,-44.37933537656832,-64.82202115353196,0,1,0
1,-54.72913706802631,-57.26115851343027,-46.57322676923438,-47.49592801706753,-68.70110509879663,0,0,0
1,-54.16068506587239,-57.072138656947736,-37.362786376998265,-36.188172921297344,-61.90378507617215,0,0,1
0,-61.122928196093376,-66.83618742412999,-100.10862777761449,-83.08019589270998,-91.15551652937772,0,0,0
1,-55.99775884255563,-58.989589445204764,-46.57322676923438,-45.26741420323477,-69.96972687332595,0,0,0
1,-54.16068506587239,-57.072138656947736,-37.362786376998265,-36.188172921297344,-61.90378507617215,0,0,1
0,-60.73323673749113,-63.48773300319201,-91.73129727295915,-55.349367930249336,-88.25262591937889,0,0,0
1,-64.15586551070166,-64.15586551070166,-45.67371865667096,-42.87647361557873,-77.85798110770294,0,0,0
0,-51.1782596743656,-54.13588081072396,-74.2045479459427,-63.99612349203126,-69.97388815534869,0,1,0
0,-52.013275857045166,-56.48218690071456,-65.36835174054231,-46.19086291513602,-71.62378137920786,0,0,0
1,-52.62658795115965,-57.9524128797829,-60.04774041491615,-41.91974688439733,-67.17517417283477,0,1,0
0,-55.25459735092134,-60.99507221345988,-84.31449645074225,-56.91739447440622,-80.54894628614402,0,0,0
0,-57.78966691092432,-63.24642305364219,-87.39264731615879,-74.08256166450514,-80.54172520297223,0,0,1
0,-57.20998896114129,-61.94855724722615,-69.2554963511224,-70.78993691591762,-77.98663786647802,0,0,0
1,-55.3000326367803,-58.378962799849944,-27.25583682840309,-43.750072136840146,-51.05225043636123,1,1,2
0,-51.1782596743656,-54.13588081072396,-74.2045479459427,-63.99612349203126,-69.97388815534869,0,1,0
1,-52.68073029841626,-56.816639164976806,-66.2598140575059,-58.32457308064686,-69.09293861286831,0,1,0
0,-53.87576458786231,-59.11423693247392,-82.38084417745318,-50.72823401676365,-78.59001784109826,0,0,0
0,-57.78966691092432,-63.24642305364219,-87.39264731615879,-74.1087257388141,-80.54172520297223,0,0,1
0,-57.20998896114129,-61.94855724722615,-69.2554963511224,-73.07470421454809,-77.98663786647802,0,0,0
1,-55.3000326367803,-58.378962799849944,-27.25583682840309,-43.750072136840146,-51.05225043636123,1,1,2
0,-52.201945047562,-55.09889573280183,-73.3130856289791,-48.34506910454402,-70.730134833456,0,1,0
1,-53.47437932718038,-57.5229356097293,-78.4659367433585,-48.117434346858985,-77.01416035018792,0,0,0
0,-57.78966691092432,-63.24642305364219,-87.39264731615879,-74.08256166450514,-80.54172520297223,0,0,1
0,-57.20998896114129,-61.94855724722615,-69.2554963511224,-73.07470421454809,-77.98663786647802,0,0,0
1,-55.3000326367803,-58.378962799849944,-27.25583682840309,-43.750072136840146,-51.05225043636123,1,1,2
1,-58.15401027945367,-60.963608380681876,-46.57322676923438,-49.89936312585548,-68.66024240742426,0,1,0
0,-59.39461825227835,-63.10773748420332,-68.36136489366665,-49.540991618084334,-79.90302772037835,0,0,0
0,-57.20998896114129,-61.94855724722615,-69.2554963511224,-70.78993691591762,-77.98663786647802,0,0,0
1,-55.3000326367803,-58.378962799849944,-27.25583682840309,-43.750072136840146,-51.05225043636123,1,1,2
1,-58.83633661214997,-61.31049766275422,-47.63520680081103,-42.57209244869036,-73.12689865239328,0,0,0
0,-57.20998896114129,-61.94855724722615,-69.2554963511224,-70.78993691591762,-77.98663786647802,0,0,0
1,-55.3000326367803,-58.378962799849944,-27.25583682840309,-43.750072136840146,-51.05225043636123,1,1,2
1,-58.83633661214997,-61.31049766275422,-47.63520680081103,-42.57209244869036,-73.12689865239328,0,0,0
0,-60.344865723972845,-63.58423254709574,-74.20454794594272,-56.79793219145869,-82.60623010775566,0,0,0
1,-64.77104870748607,-64.77104870748607,-45.67371865667096,-42.44199574928157,-78.47316430448736,0,0,0
1,-50.93757242673291,-53.64831002095663,-27.25583682840309,-44.66586675764379,-46.68979022631384,1,2,1
0,-56.33432615333037,-60.51454805755401,-62.001167447918704,-57.745956833413736,-71.46894048490627,0,0,1
0,-62.252727302854225,-68.04041257514652,-106.09994237609669,-79.105655098404,-94.08271001568323,0,0,0
0,-56.02480284204487,-61.89963616748449,-88.22671942880706,-56.58619667603266,-79.02708276788726,0,1,0
0,-52.0232684764719,-57.120572070319,-60.04774041491615,-42.881542328613556,-70.03759060094674,0,0,0
1,-50.96706780671316,-55.34007480719933,-48.5320304573446,-38.63525624738001,-62.06094104111681,0,0,1
0,-51.79258248637504,-54.686426884099454,-82.52352602121523,-48.729134906835604,-73.08390438993989,0,0,1
1,-57.136102325731244,-60.04755591680659,-55.7836671614705,-40.737515304938896,-73.87120247417239,0,0,0
0,-62.252727302854225,-68.04041257514652,-106.09994237609669,-79.105655098404,-94.08271001568323,0,0,0
0,-56.02480284204487,-61.89963616748449,-88.22671942880706,-55.79225873558818,-79.02708276788726,0,1,0
0,-52.0232684764719,-57.120572070319,-60.04774041491615,-42.881542328613556,-70.03759060094674,0,0,0
1,-50.96706780671316,-55.34007480719933,-48.5320304573446,-38.31695930106832,-62.06094104111681,0,0,1
0,-51.79258248637504,-54.686426884099454,-82.52352602121523,-48.729134906835604,-73.08390438993989,0,0,1
1,-57.136102325731244,-60.04755591680659,-55.7836671614705,-40.737515304938896,-73.87120247417239,0,0,0
0,-62.252727302854225,-68.04041257514652,-106.09994237609669,-79.105655098404,-94.08271001568323,0,0,0
0,-56.02480284204487,-61.89963616748449,-88.22671942880706,-55.79225873558818,-79.02708276788726,0,1,0
1,-53.106179199691454,-57.10421206510921,-55.7863593605483,-57.645064337256485,-66.37635110505623,0,1,0
0,-52.15976050818836,-55.03356604571257,-55.7836671614705,-43.19805174649838,-68.8948606566295,0,0,0
1,-57.136102325731244,-60.04755591680659,-55.7836671614705,-40.737515304938896,-73.87120247417239,0,0,0
0,-62.252727302854225,-68.04041257514652,-106.09994237609669,-79.105655098404,-94.08271001568323,0,0,0
0,-55.12420362458871,-59.51685084082,-66.95291124181682,-46.091615800133326,-71.74434109433403,0,1,0
1,-53.639145573376915,-56.1379769758327,-46.57322676923438,-41.328706191655904,-64.14537770134751,0,0,1
1,-57.136102325731244,-60.04755591680659,-55.7836671614705,-40.737515304938896,-73.87120247417239,0,0,0
0,-62.252727302854225,-68.04041257514652,-106.09994237609669,-79.105655098404,-94.08271001568323,0,0,0
1,-55.88096635540881,-58.77441210867813,-64.10264523674302,-45.41159917709827,-75.11175992643172,0,0,0
1,-57.136102325731244,-60.04755591680659,-55.7836671614705,-40.737515304938896,-73.87120247417239,0,0,0
0,-63.40882894582129,-66.20339822050651,-75.26652797751936,-55.91525001833453,-85.9887873390771,0,0,0
1,-63.801576503479666,-63.801576503479666,-45.67371865667096,-41.40665829927708,-77.50369210048095,0,0,0
0,-54.288924840127315,-57.53985859154601,-91.73396641345134,-81.4229327546934,-78.34337886136299,0,1,0
1,-51.95458288785903,-56.06214598570644,-40.00964041002394,-38.44215575023701,-47.47829068084457,2,2,2
0,-52.74017746716538,-57.860960844206716,-90.69982225272568,-54.24834582572526,-79.95012414298309,0,0,0
0,-55.2525490580054,-60.59849724780088,-82.38084417745318,-70.55370097022684,-79.96680231124135,0,0,0
0,-57.58513340235021,-62.376940482755074,-87.67637713559462,-72.50565704802105,-83.8880465430286,0,0,0
1,-55.91462987065531,-59.00483206573077,-64.96021109932816,-44.664154482037645,-75.40269320045375,0,0,0
0,-57.845166974984885,-60.75243099147921,-83.4149883381788,-66.91069204117728,-79.4039275736388,0,1,0
1,-51.340496463029304,-55.33491486516526,-48.5320304573446,-43.94520865794845,-65.90010560023268,0,0,0
0,-55.2525490580054,-60.59849724780088,-82.38084417745318,-70.55370097022684,-79.96680231124135,0,0,0
0,-57.58513340235021,-62.376940482755074,-87.67637713559462,-70.2519691276234,-83.8880465430286,0,0,0
1,-55.91462987065531,-59.00483206573077,-64.96021109932816,-44.664154482037645,-75.40269320045375,0,0,0
1,-54.64171457400032,-57.435833894783194,-57.73977865050291,-46.00574287869105,-68.49791226635146,0,1,0
0,-55.730429434782174,-59.449043193458905,-74.97651874357456,-55.64897774112918,-78.22338505785454,0,0,0
0,-57.58513340235021,-62.376940482755074,-87.67637713559462,-72.50565704802105,-83.8880465430286,0,0,0
1,-55.91462987065531,-59.00483206573077,-64.96021109932816,-44.664154482037645,-75.40269320045375,0,0,0
1,-56.174531336830555,-58.692846014154206,-45.67909531177862,-38.40553920575683,-69.87825993036414,0,0,0
0,-57.58513340235021,-62.376940482755074,-87.67637713559462,-72.50565704802105,-83.8880465430286,0,0,0
1,-55.91462987065531,-59.00483206573077,-64.96021109932816,-44.664154482037645,-75.40269320045375,0,0,0
1,-56.174531336830555,-58.692846014154206,-45.67909531177862,-38.40553920575683,-69.87825993036414,0,0,0
0,-59.69336834868706,-62.972423015932236,-83.41498833817883,-57.711233798773506,-84.7178648501407,0,0,0
1,-63.51408169954244,-63.51408169954244,-54.88415904890707,-40.79532586283749,-76.51359351141484,0,1,0
0,-51.593545597809914,-54.82471299114374,-83.41498833817882,-77.35829844865587,-76.61804209926356,0,0,0
1,-51.86250623182387,-56.065736970715,-55.09326217623739,-40.558268296602066,-68.39048488469508,0,0,0
0,-53.773202306869884,-59.0029148416684,-80.42473268842079,-55.41954187071053,-74.4348862105964,0,0,1
0,-57.209347954739734,-62.96582392362139,-79.07633838137843,-72.66845502163494,-77.46651356635354,0,0,1
0,-59.43893476863,-65.65461665615692,-114.96657828855183,-85.96676875555924,-93.92890825519555,0,0,0
0,-65.08539608434216,-71.042969768971,-70.15231226460803,-77.01457694747528,-82.66535386092485,0,1,0
0,-51.90999068310399,-57.495013688510426,-104.14411083858775,-64.93815118143822,-83.15322393468031,0,0,0
1,-50.57679459071069,-54.7044734992847,-40.931077990103134,-36.50339415179399,-62.85611798774163,0,0,0
0,-54.05181335936793,-57.09067006444285,-64.10264523674302,-54.504767238859685,-73.28260693039083,0,0,0
0,-55.41565204456344,-58.35011447030627,-85.3710998272112,-64.6450484947198,-77.56124608992708,0,1,0
1,-54.682286938125216,-58.806731342431455,-28.155038183839952,-48.18545332638247,-59.66306249047747,0,0,1
0,-57.209347954739734,-62.96582392362139,-79.07633838137843,-72.66845502163494,-77.46651356635354,0,0,1
0,-59.43893476863,-65.65461665615692,-114.96657828855183,-86.79132809632834,-93.92890825519555,0,0,0
0,-65.08539608434216,-71.042969768971,-70.15231226460803,-77.01457694747528,-82.66535386092485,0,1,0
0,-51.90999068310399,-57.495013688510426,-104.14411083858775,-64.93815118143822,-83.15322393468031,0,0,0
1,-50.57679459071069,-54.7044734992847,-40.931077990103134,-36.50339415179399,-62.85611798774163,0,0,0
0,-54.05181335936793,-57.09067006444285,-64.10264523674302,-54.504767238859685,-73.28260693039083,0,0,0
1,-51.14305065590116,-53.99872674705911,-46.57322676923438,-44.81553549191354,-65.11501868667148,0,0,0
0,-55.065078526250616,-59.21680830013334,-51.89926473871898,-56.85511319228105,-67.16912204506659,0,0,1
0,-59.43893476863,-65.65461665615692,-114.96657828855183,-85.96676875555924,-93.92890825519555,0,0,0
0,-65.08539608434216,-71.042969768971,-70.15231226460803,-77.01457694747528,-82.66535386092485,0,1,0
0,-51.90999068310399,-57.495013688510426,-104.14411083858775,-64.93815118143822,-83.15322393468031,0,0,0
1,-50.57679459071069,-54.7044734992847,-40.931077990103134,-36.50339415179399,-62.85611798774163,0,0,0
0,-54.05181335936793,-57.09067006444285,-64.10264523674302,-54.504767238859685,-73.28260693039083,0,0,0
1,-57.41973641462217,-60.3026978753566,-28.15234598476215,-40.14420245775543,-62.39970430725109,0,0,1
0,-59.43893476863,-65.65461665615692,-114.96657828855183,-86.79132809632834,-93.92890825519555,0,0,0
0,-65.08539608434216,-71.042969768971,-70.15231226460803,-77.01457694747528,-82.66535386092485,0,1,0
0,-51.90999068310399,-57.495013688510426,-104.14411083858775,-64.93815118143822,-83.15322393468031,0,0,0
1,-50.57679459071069,-54.7044734992847,-40.931077990103134,-36.50339415179399,-62.85611798774163,0,0,0
0,-54.05181335936793,-57.09067006444285,-64.10264523674302,-54.504767238859685,-73.28260693039083,0,0,0
1,-57.41973641462217,-60.3026978753566,-28.15234598476215,-40.14420245775543,-62.39970430725109,0,0,1
0,-59.43893476863,-65.65461665615692,-114.96657828855183,-86.79132809632834,-93.92890825519555,0,0,0
0,-65.08539608434216,-71.042969768971,-70.15231226460803,-77.01457694747528,-82.66535386092485,0,1,0
0,-52.61319414359051,-57.187211985124854,-56.558307099594494,-62.01416630028558,-66.11495037066913,0,1,0
1,-55.77147289162748,-58.38087447505352,-57.73977865050291,-48.989060486631566,-69.62767058397863,0,0,1
1,-57.41973641462217,-60.3026978753566,-28.15234598476215,-40.14420245775543,-62.39970430725109,0,0,1
0,-59.43893476863,-65.65461665615692,-114.96657828855183,-86.79132809632834,-93.92890825519555,0,0,0
0,-65.08539608434216,-71.042969768971,-70.15231226460803,-77.01457694747528,-82.66535386092485,0,1,0
1,-53.94253121088567,-56.998271727272034,-37.362786376998265,-46.36804241955585,-61.685631221185425,0,1,0
1,-57.41973641462217,-60.3026978753566,-28.15234598476215,-39.061471302118925,-62.39970430725109,0,0,1
0,-59.43893476863,-65.65461665615692,-114.96657828855183,-86.79132809632834,-93.92890825519555,0,0,0
1,-60.26090467998035,-63.24334746451766,-36.47132406003466,-45.72809238077235,-67.73656599519103,0,1,0
1,-57.41973641462217,-60.3026978753566,-28.15234598476215,-40.14420245775543,-62.39970430725109,0,0,1
0,-61.07485093421325,-64.38214058817132,-101.83586912265108,-58.67503926201283,-91.62561167100857,0,0,0
1,-62.49883968989864,-62.49883968989864,-45.67371865667096,-39.8545007409267,-65.80374757850075,1,1,1
1,-51.24572479462373,-54.151545010122206,-28.15234598476215,-47.499382339412065,-56.225692687252646,0,1,0
0,-53.445277656740075,-57.33166600728273,-50.83461556665017,-50.38836822094589,-68.69566232673512,0,0,0
0,-57.728051823200154,-62.96825740544985,-130.5345469860437,-82.77892549918495,-96.88841591901326,0,0,0
0,-59.76314722630003,-64.33436626547807,-89.63248862462702,-60.95676857093801,-83.18715791088842,0,1,0
1,-54.551464990131144,-57.52672646695369,-38.42743554906707,-52.07966595679957,-62.613959752051535,0,1,0
1,-53.639149497639515,-56.28657966686145,-37.357714540415685,-34.795415073755315,-59.35340241642366,0,0,2
0,-57.728051823200154,-62.96825740544985,-130.5345469860437,-82.77892549918495,-96.88841591901326,0,0,0
0,-59.76314722630003,-64.33436626547807,-89.63248862462702,-60.95676857093801,-83.18715791088842,0,1,0
1,-54.551464990131144,-57.52672646695369,-38.42743554906707,-52.44818733502582,-62.613959752051535,0,1,0
1,-53.639149497639515,-56.28657966686145,-37.357714540415685,-34.795415073755315,-59.35340241642366,0,0,2
0,-57.728051823200154,-62.96825740544985,-130.5345469860437,-67.11888883499448,-96.88841591901326,0,0,0
1,-60.63552302080135,-63.650983258841464,-39.31889786603068,-40.838310863146155,-68.96545647781083,0,1,0
1,-53.639149497639515,-56.28657966686145,-37.357714540415685,-34.795415073755315,-59.35340241642366,0,0,2
0,-59.15382325661356,-61.90704451729347,-91.73129727295918,-57.08839108172158,-86.67321243850131,0,0,0
1,-62.41303350577597,-62.41303350577597,-45.67371865667096,-44.57363689509994,-72.64941319997753,0,1,0
1,-51.001560108102716,-53.849108605283064,-36.47132406003466,-44.596913810790056,-51.54574961771394,1,1,1
0,-53.97139570804967,-57.759486379919956,-67.72218984037086,-53.284647137067765,-74.28805266016093,0,0,0
0,-56.98095808658355,-61.269524795805616,-68.36136489366665,-70.3484920993584,-77.48936755468354,0,0,0
1,-56.35052197943201,-59.350036719646525,-48.52933825826679,-45.68943094410553,-67.44358755411233,0,1,0
1,-54.585269337001115,-57.10459169572311,-38.42476640857491,-36.65548650201166,-60.61963781623304,0,0,2
0,-56.98095808658355,-61.269524795805616,-68.36136489366665,-73.12399832580098,-77.48936755468354,0,0,0
1,-56.35052197943201,-59.350036719646525,-48.52933825826679,-45.68943094410553,-67.44358755411233,0,1,0
1,-54.585269337001115,-57.10459169572311,-38.42476640857491,-36.65548650201166,-60.61963781623304,0,0,2
0,-59.309866027014124,-62.018129160128396,-66.86731799409905,-56.84797196871462,-79.37006142524385,0,0,0
1,-64.96752603434447,-64.96752603434447,-64.09459944114319,-42.33058151296881,-84.19590586668743,0,0,0
0,-52.38271341407424,-55.51623946892529,-102.40578624306163,-54.07043408390466,-83.10444928699272,0,0,0
1,-51.13667509683843,-55.14452666474446,-28.155038183839952,-39.29208322694166,-56.11745064919069,0,0,1
0,-53.482288214826,-58.58853245170598,-78.12214757911522,-54.43690555009029,-76.91893248856056,0,0,0
0,-54.307231514716186,-59.949466015508996,-55.64365445820062,-67.53101622278122,-71.00032785217637,0,0,0
0,-62.49683045699566,-68.69012926464752,-88.94474503683813,-82.45558375899653,-89.1802539680471,0,0,0
0,-55.197265215044816,-60.72734347853568,-99.9102626449618,-65.92297528189722,-79.67728256519281,0,2,0
1,-52.389978137756785,-56.444935621717434,-47.64056814038099,-40.538522070635224,-66.68214857987108,0,0,0
0,-53.488641950786636,-56.36556881104714,-75.26919711801152,-51.484824640262715,-76.06940108619008,0,0,0
0,-56.41741545729637,-59.19269870312179,-74.20454794594269,-64.50218904763533,-75.21304393827945,0,1,0
1,-52.937957491614824,-56.8231224701963,-36.47401625911247,-44.85654310992347,-60.41442646654884,0,0,1
0,-54.307231514716186,-59.949466015508996,-55.64365445820062,-67.53101622278122,-71.00032785217637,0,0,0
0,-62.49683045699566,-68.69012926464752,-88.94474503683813,-88.76276501466165,-89.1802539680471,0,0,0
0,-55.197265215044816,-60.72734347853568,-99.9102626449618,-65.92297528189722,-79.67728256519281,0,2,0
1,-52.389978137756785,-56.444935621717434,-47.64056814038099,-40.538522070635224,-66.68214857987108,0,0,0
0,-53.488641950786636,-56.36556881104714,-75.26919711801152,-51.484824640262715,-76.06940108619008,0,0,0
1,-57.24972628128199,-59.90232293778286,-36.47132406003466,-46.5874872411284,-64.72538759649267,0,1,0
0,-56.45931000553635,-60.510335477848756,-47.34786670735838,-52.605063959383074,-65.17060857440332,0,0,2
0,-62.49683045699566,-68.69012926464752,-88.94474503683813,-82.45558375899653,-89.1802539680471,0,0,0
0,-55.197265215044816,-60.72734347853568,-99.9102626449618,-65.92297528189722,-79.67728256519281,0,2,0
1,-52.389978137756785,-56.444935621717434,-47.64056814038099,-40.538522070635224,-66.68214857987108,0,0,0
0,-53.488641950786636,-56.36556881104714,-75.26919711801152,-51.484824640262715,-76.06940108619008,0,0,0
1,-56.79186936845875,-59.61032651869054,-28.15234598476215,-35.924990732142426,-59.74451172054684,0,0,2
0,-62.49683045699566,-68.69012926464752,-88.94474503683813,-82.45558375899653,-89.1802539680471,0,0,0
0,-55.197265215044816,-60.72734347853568,-99.9102626449618,-65.92297528189722,-79.67728256519281,0,2,0
1,-52.389978137756785,-56.444935621717434,-47.64056814038099,-40.538522070635224,-66.68214857987108,0,0,0
0,-53.488641950786636,-56.36556881104714,-75.26919711801152,-51.484824640262715,-76.06940108619008,0,0,0
1,-56.79186936845875,-59.61032651869054,-28.15234598476215,-34.92883992743645,-59.74451172054684,0,0,2
0,-62.49683045699566,-68.69012926464752,-88.94474503683813,-88.76276501466165,-89.1802539680471,0,0,0
0,-58.17946265611629,-62.66828072809895,-57.74247084958071,-64.78552449270326,-72.03646800819078,0,1,0
1,-55.97492112311788,-58.449575030970735,-48.52933825826679,-50.652758303768564,-67.06798669779819,0,0,1
1,-56.79186936845875,-59.61032651869054,-28.15234598476215,-35.924990732142426,-59.74451172054684,0,0,2
0,-62.49683045699566,-68.69012926464752,-88.94474503683813,-82.45558375899653,-89.1802539680471,0,0,0
1,-55.81549300419635,-58.72400750007121,-36.66968919268734,-42.58812609123397,-66.81639976200255,0,0,0
1,-56.79186936845875,-59.61032651869054,-28.15234598476215,-35.924990732142426,-59.74451172054684,0,0,2
0,-58.99933982092978,-62.23017895577343,-82.52352602121523,-55.59755818409178,-83.75639762729435,0,0,0
1,-61.38639709103767,-61.38639709103767,-45.67371865667096,-41.28872075159362,-75.08851268803896,0,0,0
1,-52.56794435463592,-55.65418305024301,-46.57322676923438,-44.91888146173278,-63.07417648260651,0,1,0
0,-51.74302131681739,-55.87409501308586,-51.89926473871898,-51.9647538921039,-63.847064835633354,0,0,1
0,-57.36906201988502,-63.0035907097883,-113.54546289751856,-72.2496214088652,-91.43270088914059,0,0,0
0,-64.51212775785815,-70.55955361884105,-73.17307292570925,-76.78584113028163,-82.99831373277121,0,1,0
0,-55.916136255003025,-62.05691298699806,-121.1562580196867,-82.96469607186202,-92.26301366090902,0,0,0
0,-53.60688517105013,-58.85564923607153,-62.00385190394856,-41.2966054405919,-68.74230483943498,0,0,1
1,-51.368045063860365,-55.94023950304646,-39.32159006510848,-39.15371237184775,-52.76731437499373,1,1,1
0,-54.36318155348001,-57.25458691698642,-76.16065943497513,-53.20132895404792,-73.74564348117282,0,0,1
1,-53.13594796582302,-55.998253348943194,-39.31889786603068,-35.84988723941862,-64.93161732563223,0,0,0
0,-57.36906201988502,-63.0035907097883,-113.54546289751856,-72.2496214088652,-91.43270088914059,0,0,0
0,-64.51212775785815,-70.55955361884105,-73.17307292570925,-76.78584113028163,-82.99831373277121,0,1,0
0,-55.916136255003025,-62.05691298699806,-121.1562580196867,-82.96469607186202,-92.26301366090902,0,0,0
0,-53.60688517105013,-58.85564923607153,-62.00385190394856,-41.61323287055248,-68.74230483943498,0,0,1
1,-51.368045063860365,-55.94023950304646,-39.32159006510848,-39.15371237184775,-52.76731437499373,1,1,1
0,-54.36318155348001,-57.25458691698642,-76.16065943497513,-53.20132895404792,-73.74564348117282,0,0,1
1,-53.13594796582302,-55.998253348943194,-39.31889786603068,-35.84988723941862,-64.93161732563223,0,0,0
0,-57.36906201988502,-63.0035907097883,-113.54546289751856,-72.2496214088652,-91.43270088914059,0,0,0
0,-64.51212775785815,-70.55955361884105,-73.17307292570925,-76.78584113028163,-82.99831373277121,0,1,0
0,-55.916136255003025,-62.05691298699806,-121.1562580196867,-82.96469607186202,-92.26301366090902,0,0,0
1,-51.909868876837514,-56.137951752712986,-60.817003697932485,-53.03364200783091,-70.15496998621725,0,0,0
0,-54.5839336240402,-57.5758244871185,-64.99410755370661,-50.21694343737236,-70.61642998735246,0,0,1
1,-53.13594796582302,-55.998253348943194,-39.31889786603068,-35.84988723941862,-64.93161732563223,0,0,0
0,-57.36906201988502,-63.0035907097883,-113.54546289751856,-72.2496214088652,-91.43270088914059,0,0,0
0,-64.51212775785815,-70.55955361884105,-73.17307292570925,-76.78584113028163,-82.99831373277121,0,1,0
0,-55.73520611286143,-60.47020034295156,-45.882821784001266,-49.60840139725041,-66.03431674526209,0,1,0
1,-57.059896070244065,-59.70767537001174,-46.57322676923438,-48.94133719745873,-67.56612819821466,0,0,1
1,-53.13594796582302,-55.998253348943194,-39.31889786603068,-35.84988723941862,-64.93161732563223,0,0,0
0,-57.36906201988502,-63.0035907097883,-113.54546289751856,-72.2496214088652,-91.43270088914059,0,0,0
0,-64.51212775785815,-70.55955361884105,-73.17307292570925,-77.64269167541795,-82.99831373277121,0,1,0
1,-56.632322175615016,-59.787012829597344,-55.7836671614705,-50.15621411294522,-69.90168642125644,0,1,0
1,-53.13594796582302,-55.998253348943194,-39.31889786603068,-35.84988723941862,-64.93161732563223,0,0,0
0,-57.36906201988502,-63.0035907097883,-113.54546289751856,-72.2496214088652,-91.43270088914059,0,0,0
1,-60.012270910237014,-63.09020717881734,-56.96644955804418,-45.803249882154205,-71.60914433430972,0,2,0
1,-53.13594796582302,-55.998253348943194,-39.31889786603068,-35.84988723941862,-64.93161732563223,0,0,0
0,-61.4706878824137,-64.23708076823547,-82.52085688072306,-62.89613680453384,-86.22694494663062,0,0,0
1,-64.0208628576015,-64.0208628576015,-54.88415904890707,-37.84673136252131,-80.48611057227362,0,0,0
1,-52.53080481754006,-55.35769860391619,-55.090569977159575,-44.36683784451368,-65.59223990788821,0,1,0
0,-51.74302131681739,-55.98418889503199,-47.64056814038099,-53.30676280768549,-66.03519175893169,0,0,0
0,-56.21320379135852,-61.73353459784536,-89.63517308065688,-71.4927988304385,-83.10375571555558,0,0,0
1,-55.055735579237705,-60.801274459040016,-62.00652104444072,-48.151720201334726,-73.65769189256991,0,0,0
0,-55.87873037650457,-61.274797462865564,-120.1167372038534,-78.33582610576835,-91.91375153766059,0,0,0
0,-62.46582075807666,-68.63393988853745,-92.48541602714505,-78.24363985475445,-86.74570966342046,0,1,0
0,-51.945392594487075,-57.38249746711722,-97.23625555565721,-66.30733052836634,-81.11626926118424,0,0,0
1,-50.65593188143139,-54.72890811934688,-50.14151838233926,-38.276782774643515,-65.69838739613317,0,0,0
0,-53.408551596935126,-56.41044747797008,-73.31308562897914,-53.44550196501602,-71.93674138282914,0,0,1
1,-53.93958446679103,-56.91198373185734,-38.42743554906707,-35.41195180246396,-62.00207922871143,0,0,1
0,-56.21320379135852,-61.73353459784536,-89.63517308065688,-69.740260247427,-83.10375571555558,0,0,0
1,-55.055735579237705,-60.801274459040016,-62.00652104444072,-48.151720201334726,-73.65769189256991,0,0,0
0,-55.87873037650457,-61.274797462865564,-120.1167372038534,-78.33582610576835,-91.91375153766059,0,0,0
0,-62.46582075807666,-68.63393988853745,-92.48541602714505,-83.83624111324708,-86.74570966342046,0,1,0
0,-51.945392594487075,-57.38249746711722,-97.23625555565721,-66.30733052836634,-81.11626926118424,0,0,0
1,-50.65593188143139,-54.72890811934688,-50.14151838233926,-38.276782774643515,-65.69838739613317,0,0,0
0,-53.408551596935126,-56.41044747797008,-73.31308562897914,-53.44550196501602,-71.93674138282914,0,0,1
1,-53.93958446679103,-56.91198373185734,-38.42743554906707,-35.41195180246396,-62.00207922871143,0,0,1
0,-55.210747318148975,-60.725129252795305,-86.97879089287903,-51.73021440575291,-81.30438458601269,0,0,0
0,-58.278662474183676,-64.14128675173643,-128.43571527912593,-80.75445188838177,-96.80937705792145,0,0,0
0,-62.46582075807666,-68.63393988853745,-92.48541602714505,-83.83624111324708,-86.74570966342046,0,1,0
0,-51.945392594487075,-57.38249746711722,-97.23625555565721,-66.30733052836634,-81.11626926118424,0,0,0
1,-50.65593188143139,-54.72890811934688,-50.14151838233926,-38.276782774643515,-65.69838739613317,0,0,0
0,-53.408551596935126,-56.41044747797008,-73.31308562897914,-53.44550196501602,-71.93674138282914,0,0,1
1,-53.93958446679103,-56.91198373185734,-38.42743554906707,-35.41195180246396,-62.00207922871143,0,0,1
0,-55.210747318148975,-60.725129252795305,-86.97879089287903,-51.73021440575291,-81.30438458601269,0,0,0
0,-58.278662474183676,-64.14128675173643,-128.43571527912593,-80.75445188838177,-96.80937705792145,0,0,0
0,-62.46582075807666,-68.63393988853745,-92.48541602714505,-83.83624111324708,-86.74570966342046,0,1,0
0,-53.61587998078113,-58.072882597412196,-65.0756503075197,-56.751730444862915,-67.64551362969648,0,2,0
1,-53.9312926634678,-56.49151648822361,-28.15234598476215,-41.20663861391253,-58.911260556096714,0,0,1
1,-53.93958446679103,-56.91198373185734,-38.42743554906707,-35.41195180246396,-62.00207922871143,0,0,1
0,-55.210747318148975,-60.725129252795305,-86.97879089287903,-56.79855498477951,-81.30438458601269,0,0,0
0,-58.278662474183676,-64.14128675173643,-128.43571527912593,-80.75445188838177,-96.80937705792145,0,0,0
0,-62.46582075807666,-68.63393988853745,-92.48541602714505,-78.24363985475445,-86.74570966342046,0,1,0
1,-54.1863768037102,-57.13062700718159,-44.98866726795986,-40.3085069575962,-62.18991554075761,0,2,0
1,-53.93958446679103,-56.91198373185734,-38.42743554906707,-35.41195180246396,-62.00207922871143,0,0,1
0,-55.210747318148975,-60.725129252795305,-86.97879089287903,-56.79855498477951,-81.30438458601269,0,0,0
0,-58.278662474183676,-64.14128675173643,-128.43571527912593,-80.75445188838177,-96.80937705792145,0,0,0
1,-58.23404732427602,-61.503598493672094,-56.8483163335393,-51.404874667502725,-71.8228063215381,0,0,1
1,-53.93958446679103,-56.91198373185734,-38.42743554906707,-35.41195180246396,-62.00207922871143,0,0,1
0,-55.210747318148975,-60.725129252795305,-86.97879089287903,-56.79855498477951,-81.30438458601269,0,0,0
0,-59.907515674745206,-62.90506550572296,-93.69007790248375,-77.26287761989087,-88.01453904549032,0,0,0
1,-60.96670062996244,-63.71468967878699,-36.47132406003466,-44.2021848640272,-71.90809784797284,0,0,0
0,-59.907515674745206,-62.90506550572296,-93.69007790248375,-77.26287761989087,-88.01453904549032,0,0,0
1,-59.00933667378419,-59.00933667378419,-64.09459944114319,-46.428071405492815,-78.23771650612714,0,0,0
0,-54.377033030308844,-57.5998642242938,-92.62542873041491,-82.15273140172374,-82.16466164943331,0,0,0
1,-52.64675052822623,-56.70498388538857,-55.7863593605483,-42.26235533572996,-65.916922433591,0,1,0
0,-52.63045282167469,-57.63958888039151,-76.16603609008281,-53.350029492682175,-75.48026364869953,0,0,0
0,-55.82730601040442,-61.550356625426886,-83.27497563490896,-70.69666735264742,-80.80979870087711,0,0,0
0,-62.93284710758118,-69.24210333607184,-100.80439410241758,-85.66543151520898,-93.17416533830645,0,0,0
0,-53.18291366862268,-58.75215498072359,-89.60127662627845,-65.81867468293524,-74.57023521316566,0,2,0
1,-51.48283667441529,-55.47005447104703,-52.09762987137167,-37.40881837638722,-67.11212563582679,0,0,0
0,-52.27522794324143,-55.196279639943405,-75.26919711801155,-52.11651945981383,-71.39025117584518,0,0,1
0,-52.89883590987324,-55.71811108571487,-92.62542873041492,-62.35465973827225,-77.220728626198,0,1,0
1,-52.28134944354843,-56.196755253950705,-37.36547857607607,-45.2914385199661,-60.02525711357152,0,0,1
0,-55.82730601040442,-61.550356625426886,-83.27497563490896,-70.69666735264742,-80.80979870087711,0,0,0
0,-62.93284710758118,-69.24210333607184,-100.80439410241758,-85.66543151520898,-93.17416533830645,0,0,0
0,-53.18291366862268,-58.75215498072359,-89.60127662627845,-65.81867468293524,-74.57023521316566,0,2,0
1,-51.48283667441529,-55.47005447104703,-52.09762987137167,-37.40881837638722,-67.11212563582679,0,0,0
0,-52.27522794324143,-55.196279639943405,-75.26919711801155,-52.11651945981383,-71.39025117584518,0,0,1
1,-54.281290333243035,-56.95773796232459,-37.362786376998265,-44.42046484092504,-65.49012624634251,0,0,0
0,-55.18869398552317,-59.296457023663905,-74.97918788406672,-54.3402802932827,-77.68245035074318,0,0,0
0,-62.93284710758118,-69.24210333607184,-100.80439410241758,-89.63524675168514,-93.17416533830645,0,0,0
0,-53.18291366862268,-58.75215498072359,-89.60127662627845,-65.81867468293524,-74.57023521316566,0,2,0
1,-51.48283667441529,-55.47005447104703,-52.09762987137167,-37.40881837638722,-67.11212563582679,0,0,0
0,-52.27522794324143,-55.196279639943405,-75.26919711801155,-52.11651945981383,-71.39025117584518,0,0,1
1,-56.73255150387722,-59.60135636069723,-54.89220484450689,-40.4520363784275,-73.20021295722928,0,0,0
0,-62.93284710758118,-69.24210333607184,-100.80439410241758,-89.63524675168514,-93.17416533830645,0,0,0
0,-53.18291366862268,-58.75215498072359,-89.60127662627845,-65.81867468293524,-74.57023521316566,0,2,0
1,-51.48283667441529,-55.47005447104703,-52.09762987137167,-37.40881837638722,-67.11212563582679,0,0,0
0,-52.27522794324143,-55.196279639943405,-75.26919711801155,-52.11651945981383,-71.39025117584518,0,0,1
1,-56.73255150387722,-59.60135636069723,-54.89220484450689,-40.4520363784275,-73.20021295722928,0,0,0
0,-62.93284710758118,-69.24210333607184,-100.80439410241758,-85.66543151520898,-93.17416533830645,0,0,0
0,-55.30898386263707,-59.77895444630863,-57.0493736652698,-59.862962629133385,-68.95806005941829,0,1,0
1,-53.13085497334787,-55.61887130701764,-38.42743554906707,-39.87118201236151,-52.23455238912799,1,1,2
1,-56.73255150387722,-59.60135636069723,-54.89220484450689,-38.801632189560124,-73.20021295722928,0,0,0
0,-62.93284710758118,-69.24210333607184,-100.80439410241758,-85.66543151520898,-93.17416533830645,0,0,0
1,-56.75787263852926,-59.728641759238855,-39.31889786603068,-43.51847482219016,-63.06048055499791,0,2,0
1,-56.73255150387722,-59.60135636069723,-54.89220484450689,-38.801632189560124,-73.20021295722928,0,0,0
0,-60.07190587722365,-63.37919553118172,-83.41498833817883,-56.65626780946752,-85.0964023786773,0,0,0
1,-62.48384121845629,-62.48384121845629,-45.67371865667096,-41.22263027658112,-72.72022091265785,0,0,1
0,-52.62251612560922,-55.796387540907425,-90.34777204482951,-64.10544445424559,-79.72684773905807,0,0,0
1,-52.28199888637021,-56.4112392213015,-36.67238139176515,-39.05367054019123,-59.81797740110003,0,0,1
0,-53.36981025954296,-58.69768316629089,-86.4411256543877,-54.05331427440718,-79.30214795585927,0,0,0
0,-53.90585652679872,-59.408926138549546,-51.904618335241,-66.18831255083872,-69.47724202737102,0,0,0
0,-56.84255077209708,-63.03743346274868,-123.11236950871911,-92.29876878667383,-93.77626162471282,0,0,0
0,-64.25602193973867,-70.2137346761276,-95.48104833201077,-78.39048415732982,-89.43460053654218,0,1,0
0,-51.8815796893436,-57.38359671173464,-104.14411083858775,-65.81516331730913,-83.12481294091992,0,0,0
1,-50.65593188143141,-54.79114530247422,-47.83893327303368,-38.362194571010214,-65.00761186334151,0,0,0
0,-53.408551596935126,-56.43707307546672,-76.16065943497514,-53.39599259583827,-72.79101352462794,0,0,1
0,-56.41741545729637,-59.31408747014706,-74.20454794594269,-64.54926358498003,-75.21304393827945,0,1,0
1,-52.82547953633177,-56.96800261568678,-27.263575866876344,-45.01102199792766,-57.53881639359494,0,0,1
0,-53.90585652679872,-59.408926138549546,-51.904618335241,-66.18831255083872,-69.47724202737102,0,0,0
0,-56.84255077209708,-63.03743346274868,-123.11236950871911,-92.29876878667383,-93.77626162471282,0,0,0
0,-64.25602193973867,-70.2137346761276,-95.48104833201077,-77.71094662428006,-89.43460053654218,0,1,0
0,-51.8815796893436,-57.38359671173464,-104.14411083858775,-65.81516331730913,-83.12481294091992,0,0,0
1,-50.65593188143141,-54.79114530247422,-47.83893327303368,-38.362194571010214,-65.00761186334151,0,0,0
0,-53.408551596935126,-56.43707307546672,-76.16065943497514,-53.39599259583827,-72.79101352462794,0,0,1
1,-52.04890993836976,-54.95886469564416,-36.47132406003466,-43.870981646902294,-52.593099447980975,1,1,1
0,-54.147440097668564,-58.06173971515699,-50.88346586108273,-51.76772492736482,-69.41247985599338,0,0,0
0,-56.84255077209708,-63.03743346274868,-123.11236950871911,-92.29876878667383,-93.77626162471282,0,0,0
0,-64.25602193973867,-70.2137346761276,-95.48104833201077,-77.71094662428006,-89.43460053654218,0,1,0
0,-51.8815796893436,-57.38359671173464,-104.14411083858775,-65.81516331730913,-83.12481294091992,0,0,0
1,-50.65593188143141,-54.79114530247422,-47.83893327303368,-38.362194571010214,-65.00761186334151,0,0,0
0,-53.408551596935126,-56.43707307546672,-76.16065943497514,-53.39599259583827,-72.79101352462794,0,0,1
1,-54.69551900498967,-57.377250300397485,-37.362786376998265,-33.99237503030625,-62.438619015289426,0,0,1
0,-56.84255077209708,-63.03743346274868,-123.11236950871911,-92.29876878667383,-93.77626162471282,0,0,0
0,-64.25602193973867,-70.2137346761276,-95.48104833201077,-77.71094662428006,-89.43460053654218,0,1,0
0,-51.8815796893436,-57.38359671173464,-104.14411083858775,-65.81516331730913,-83.12481294091992,0,0,0
1,-50.65593188143141,-54.79114530247422,-47.83893327303368,-38.362194571010214,-65.00761186334151,0,0,0
0,-53.408551596935126,-56.43707307546672,-76.16065943497514,-53.39599259583827,-72.79101352462794,0,0,1
1,-54.69551900498967,-57.377250300397485,-37.362786376998265,-35.37434978007434,-62.438619015289426,0,0,1
0,-56.84255077209708,-63.03743346274868,-123.11236950871911,-92.29876878667383,-93.77626162471282,0,0,0
0,-64.25602193973867,-70.2137346761276,-95.48104833201077,-77.71094662428006,-89.43460053654218,0,1,0
0,-53.39384313015395,-57.85151883139094,-74.20724014502049,-62.57482919556365,-75.6560151736601,0,0,0
1,-54.17712726869164,-56.79958827657477,-37.36278637699826,-43.948784071691406,-61.92022727899138,0,0,1
1,-54.69551900498967,-57.377250300397485,-37.362786376998265,-35.37434978007434,-62.438619015289426,0,0,1
0,-56.84255077209708,-63.03743346274868,-123.11236950871911,-92.29876878667383,-93.77626162471282,0,0,0
0,-64.25602193973867,-70.2137346761276,-95.48104833201077,-77.71094662428006,-89.43460053654218,0,1,0
1,-52.93671378471985,-55.881637072797155,-46.57322676923438,-41.973704599405295,-66.90868181549017,0,0,0
1,-54.69551900498967,-57.377250300397485,-37.362786376998265,-35.37434978007434,-62.438619015289426,0,0,1
0,-56.84255077209708,-63.03743346274868,-123.11236950871911,-92.29876878667383,-93.77626162471282,0,0,0
1,-61.14180693179105,-64.17993099855376,-66.95021904273902,-53.204907351446,-77.76113674181303,0,1,0
1,-54.69551900498967,-57.377250300397485,-37.362786376998265,-35.37434978007434,-62.438619015289426,0,0,1
0,-60.65175553299734,-63.90085609243275,-93.69007790248374,-55.96301122753512,-88.75877890374247,0,0,0
1,-64.40343768644,-64.40343768644,-81.82238304130448,-60.81549488688355,-88.95015259883134,0,0,0
0,-53.244938083052155,-56.48304856350532,-102.20742111040894,-65.16332313275659,-83.90716441617484,0,0,0
1,-53.00119385493132,-57.09690139264315,-45.68445665134858,-40.38749802757005,-63.240794947536166,0,0,1
0,-54.83947327438578,-60.06978546341672,-94.58691687455503,-55.780356779684894,-79.74981243395257,0,0,1
0,-54.59491349658829,-60.41421912019484,-73.37143805836195,-72.47907411730378,-73.14060901129714,0,0,1
0,-61.87648493708328,-68.04964619954713,-119.2252748868898,-93.79175984102812,-97.64406740315022,0,0,0
0,-53.42237065688214,-59.02961830400876,-105.75346875582355,-70.46929648081296,-85.1484112836292,0,0,0
1,-50.6559318814314,-54.744342862452896,-51.20616755440807,-38.44401013944244,-66.01778214775382,0,0,0
0,-53.408551596935126,-56.3801288183392,-74.20454794594274,-53.2510035708971,-72.20418007791822,0,0,1
0,-56.338278166575655,-59.20141738220687,-103.79198061168348,-65.05460104769966,-87.47587235008069,0,0,0
1,-53.09738518305885,-57.1915675164484,-48.5320304573446,-45.97662291848823,-67.65699432026223,0,0,0
0,-54.59491349658829,-60.41421912019484,-73.37143805836195,-72.47907411730378,-73.14060901129714,0,0,1
0,-61.87648493708328,-68.04964619954713,-119.2252748868898,-93.79175984102812,-97.64406740315022,0,0,0
0,-53.42237065688214,-59.02961830400876,-105.75346875582355,-70.46929648081296,-85.1484112836292,0,0,0
1,-50.6559318814314,-54.744342862452896,-51.20616755440807,-38.44401013944244,-66.01778214775382,0,0,0
0,-53.408551596935126,-56.3801288183392,-74.20454794594274,-53.0466904252102,-72.20418007791822,0,0,1
1,-53.74199556230346,-56.60360957361241,-64.10264523674302,-44.05590231210529,-72.97278913332636,0,0,0
0,-55.30695663914167,-59.500938882223686,-66.66020980879422,-57.59159136742004,-71.83928367898021,0,0,1
0,-61.87648493708328,-68.04964619954713,-119.2252748868898,-93.79175984102812,-97.64406740315022,0,0,0
0,-53.42237065688214,-59.02961830400876,-105.75346875582355,-69.27669050540175,-85.1484112836292,0,0,0
1,-50.6559318814314,-54.744342862452896,-51.20616755440807,-38.44401013944244,-66.01778214775382,0,0,0
0,-53.408551596935126,-56.3801288183392,-74.20454794594274,-53.0466904252102,-72.20418007791822,0,0,1
1,-54.83678912700863,-57.79820304801004,-46.57322676923438,-41.5784372593618,-65.34302125497922,0,0,1
0,-61.87648493708328,-68.04964619954713,-119.2252748868898,-93.79175984102812,-97.64406740315022,0,0,0
0,-53.42237065688214,-59.02961830400876,-105.75346875582355,-70.46929648081296,-85.1484112836292,0,0,0
1,-50.6559318814314,-54.744342862452896,-51.20616755440807,-38.44401013944244,-66.01778214775382,0,0,0
0,-53.408551596935126,-56.3801288183392,-74.20454794594274,-53.2510035708971,-72.20418007791822,0,0,1
1,-54.83678912700863,-57.79820304801004,-46.57322676923438,-41.5784372593618,-65.34302125497922,0,0,1
0,-61.87648493708328,-68.04964619954713,-119.2252748868898,-93.79175984102812,-97.64406740315022,0,0,0
0,-56.72697530324387,-61.31350803442094,-66.06144892485322,-67.75390412555612,-73.07967407790011,0,1,0
1,-53.58557131921823,-56.16122988708004,-55.7836671614705,-44.576708427411575,-63.38919966205993,0,0,3
1,-54.83678912700863,-57.79820304801004,-46.57322676923438,-50.36147470619401,-65.34302125497922,0,0,1
0,-61.87648493708328,-68.04964619954713,-119.2252748868898,-93.79175984102812,-97.64406740315022,0,0,0
1,-56.18557011791988,-59.259350435937264,-57.73977865050291,-46.57311687143689,-63.11029600467157,1,1,1
1,-54.83678912700863,-57.79820304801004,-46.57322676923438,-41.5784372593618,-65.34302125497922,0,0,1
0,-59.03081329532185,-62.27683122952382,-74.2045479459427,-58.02212635908708,-81.29217767910467,0,0,0
1,-63.03256370007177,-63.03256370007177,-45.67371865667096,-44.612032780921375,-76.73467929707306,0,0,0
0,-51.178259674365606,-54.428090672831324,-76.16065943497512,-64.70030368198418,-70.56072160205842,0,1,0
1,-53.34112557630447,-57.50182412837815,-48.5320304573446,-42.059504030758774,-67.90073471350784,0,0,0
0,-53.64670011944196,-58.92558645094656,-100.80172496192542,-57.54425054688999,-83.88721760801958,0,0,0
0,-56.03605807698568,-61.91424185931865,-83.27497563490894,-70.80574679933962,-77.55281486465864,0,0,1
0,-63.79611309968344,-70.13751476137809,-92.48541602714508,-84.77790310008194,-91.54173790782696,0,0,0
0,-54.141281550262754,-59.85275941085403,-100.80172496192543,-64.93447699623535,-84.38179903884038,0,0,0
1,-50.59532843321939,-54.65740949255236,-52.79072705568259,-39.23656906581052,-62.96681064712444,0,1,0
0,-51.80896676331593,-54.71993516917987,-75.0621138085279,-48.31275926443789,-74.3276009058743,0,0,0
0,-52.41295170283519,-55.33469207358815,-75.2691971180115,-64.00319989542419,-71.52797493543892,0,1,0
1,-52.89974013829859,-56.98871040774049,-46.57591896831219,-45.574345817203,-63.40677992599252,0,0,1
0,-56.03605807698568,-61.91424185931865,-83.27497563490894,-70.80574679933962,-77.55281486465864,0,0,1
0,-63.79611309968344,-70.13751476137809,-92.48541602714508,-78.38586136964079,-91.54173790782696,0,0,0
0,-54.141281550262754,-59.85275941085403,-100.80172496192543,-64.93447699623535,-84.38179903884038,0,0,0
1,-50.59532843321939,-54.65740949255236,-52.79072705568259,-39.23656906581052,-62.96681064712444,0,1,0
0,-51.80896676331593,-54.71993516917987,-75.0621138085279,-48.31275926443789,-74.3276009058743,0,0,0
1,-56.089977731825556,-58.93998981994674,-46.57322676923438,-47.38918542108594,-66.59620985979615,0,1,0
0,-55.98080477711876,-60.167069979462106,-71.21160784015481,-55.194661422949416,-73.87855122636549,0,0,1
0,-63.79611309968344,-70.13751476137809,-92.48541602714508,-84.77790310008194,-91.54173790782696,0,0,0
0,-54.141281550262754,-59.85275941085403,-100.80172496192543,-64.93447699623535,-84.38179903884038,0,0,0
1,-50.59532843321939,-54.65740949255236,-52.79072705568259,-39.23656906581052,-62.96681064712444,0,1,0
0,-51.80896676331593,-54.71993516917987,-75.0621138085279,-48.31275926443789,-74.3276009058743,0,0,0
1,-57.562537833702976,-60.5098448547256,-55.7836671614705,-38.763788936896844,-74.29763798214412,0,0,0
0,-63.79611309968344,-70.13751476137809,-92.48541602714508,-84.77790310008194,-91.54173790782696,0,0,0
0,-54.141281550262754,-59.85275941085403,-100.80172496192543,-64.93447699623535,-84.38179903884038,0,0,0
1,-50.59532843321939,-54.65740949255236,-52.79072705568259,-39.23656906581052,-62.96681064712444,0,1,0
0,-51.80896676331593,-54.71993516917987,-75.0621138085279,-48.31275926443789,-74.3276009058743,0,0,0
1,-57.562537833702976,-60.5098448547256,-55.7836671614705,-38.763788936896844,-74.29763798214412,0,0,0
0,-63.79611309968344,-70.13751476137809,-92.48541602714508,-78.38586136964079,-91.54173790782696,0,0,0
0,-55.13551199127834,-59.78206952835329,-58.71278372127959,-62.295510560035154,-69.2836112048625,0,1,0
1,-54.04502139868411,-56.59435004485739,-39.31889786603068,-42.32546877986915,-65.84069075849332,0,0,0
1,-57.562537833702976,-60.5098448547256,-55.7836671614705,-38.763788936896844,-74.29763798214412,0,0,0
0,-63.79611309968344,-70.13751476137809,-92.48541602714508,-84.77790310008194,-91.54173790782696,0,0,0
1,-56.00418395433724,-59.1379890782525,-45.88012958492346,-42.97976818114605,-66.30248692701456,0,1,0
1,-57.562537833702976,-60.5098448547256,-55.7836671614705,-38.763788936896844,-74.29763798214412,0,0,0
0,-61.22794283862738,-64.61946238742861,-84.47963751024766,-55.430988115940934,-86.57183409170167,0,0,0
1,-62.315717466047495,-62.315717466047495,-54.88415904890707,-40.87170160737203,-78.78096518071962,0,0,0
1,-53.00407331317473,-55.86153792996337,-36.47132406003466,-47.154093151484844,-53.548262822785944,1,1,1
0,-53.040662677147914,-57.261690857084304,-60.045055958886294,-62.69197861144171,-67.58844356201408,0,0,1
0,-62.66289462469593,-68.39460457688739,-119.22260574639763,-94.49394523123819,-98.42967634861522,0,0,0
0,-52.916809022539134,-58.516653871188126,-128.43304613863376,-84.4392688779388,-91.44672286412926,0,0,0
1,-50.8605138596308,-55.00162020735217,-49.30397819639079,-37.508313442953245,-62.185971415748305,0,0,1
0,-54.13347037473714,-57.12002254084203,-73.31308562897912,-55.012646549573724,-76.12739606343088,0,0,0
1,-54.904496374422514,-57.886566373038185,-45.68176445227078,-41.02149915883948,-65.14328980730403,0,0,1
0,-62.66289462469593,-68.39460457688739,-119.22260574639763,-94.49394523123819,-98.42967634861522,0,0,0
0,-52.916809022539134,-58.516653871188126,-128.43304613863376,-84.4392688779388,-91.44672286412926,0,0,0
1,-50.8605138596308,-55.00162020735217,-49.30397819639079,-37.508313442953245,-62.185971415748305,0,0,1
0,-54.13347037473714,-57.12002254084203,-73.31308562897912,-55.012646549573724,-76.12739606343088,0,0,0
1,-54.904496374422514,-57.886566373038185,-45.68176445227078,-41.02149915883948,-65.14328980730403,0,0,1
0,-62.66289462469593,-68.39460457688739,-119.22260574639763,-94.49394523123819,-98.42967634861522,0,0,0
0,-55.90687311613725,-60.46545777327803,-69.2554963511224,-64.66404680322653,-73.21778611867425,0,1,0
1,-55.305304629152275,-57.86610740076585,-36.47132406003466,-47.853093662045794,-62.78096594436294,0,0,1
1,-54.904496374422514,-57.886566373038185,-45.68176445227078,-41.02149915883948,-65.14328980730403,0,0,1
0,-62.66289462469593,-68.39460457688739,-119.22260574639763,-94.49394523123819,-98.42967634861522,0,0,0
1,-55.72515566668135,-58.703436747714335,-47.637875941303186,-48.461092755982214,-66.55078254627259,0,1,0
1,-54.904496374422514,-57.886566373038185,-45.68176445227078,-41.02149915883948,-65.14328980730403,0,0,1
0,-60.66414060638512,-63.38918547820158,-82.52085688072306,-57.720365230107234,-85.42039767060203,0,0,0
1,-62.404045992741125,-62.404045992741125,-64.09459944114319,-42.99125257968516,-81.63242582508408,0,0,0
1,-50.87778196044428,-53.68523069701975,-30.10845747379456,-45.33881908443512,-49.51311149418347,1,1,1
0,-51.4911677676991,-55.6010531910432,-48.23932902432198,-54.06131793397307,-62.49723057219597,0,0,1
0,-61.33118304230303,-67.0794847702177,-90.89818738537838,-82.80803209760244,-88.60063925791654,0,0,0
0,-53.97869204223307,-59.631946233008264,-117.26649425736525,-81.3034407958655,-89.15864031944264,0,0,0
1,-51.198682718574595,-55.296704251652514,-43.58028666344647,-38.42119172313083,-60.807032814808814,0,0,1
0,-54.80699635634091,-57.69202444277906,-84.47963751024764,-54.596767873994715,-80.15088760941521,0,0,0
1,-53.13390086589234,-55.97501797608814,-45.68176445227078,-35.21970501665316,-66.83843020157357,0,0,0
0,-61.33118304230303,-67.0794847702177,-90.89818738537838,-82.80803209760244,-88.60063925791654,0,0,0
0,-53.97869204223307,-59.631946233008264,-117.26649425736525,-81.67507416094398,-89.15864031944264,0,0,0
1,-51.198682718574595,-55.296704251652514,-43.58028666344647,-38.42119172313083,-60.807032814808814,0,0,1
0,-54.80699635634091,-57.69202444277906,-84.47963751024764,-54.18501347744129,-80.15088760941521,0,0,0
1,-53.13390086589234,-55.97501797608814,-45.68176445227078,-35.21970501665316,-66.83843020157357,0,0,0
0,-61.33118304230303,-67.0794847702177,-90.89818738537838,-82.80803209760244,-88.60063925791654,0,0,0
0,-53.27544941661608,-57.86456898587113,-76.16335163405296,-60.61749519575048,-76.12445490683197,0,0,0
1,-54.51721156361008,-57.06542673971683,-46.573226769234374,-46.750770412867034,-68.48917959438039,0,0,0
1,-53.13390086589234,-55.97501797608814,-45.68176445227078,-35.21970501665316,-66.83843020157357,0,0,0
0,-61.33118304230303,-67.0794847702177,-90.89818738537838,-77.20542634243427,-88.60063925791654,0,0,0
1,-54.67321260386167,-57.71252581614555,-73.10600231949546,-45.548508970565855,-76.60501329971031,0,0,0
1,-53.13390086589234,-55.97501797608814,-45.68176445227078,-35.21970501665316,-66.83843020157357,0,0,0
0,-60.143038010730095,-62.97521888280981,-84.47696836975548,-55.103938644729666,-85.48612852165674,0,0,0
1,-63.77280806880744,-63.77280806880744,-45.67371865667096,-38.21345808899466,-77.47492366580873,0,0,0
0,-51.566532460827155,-54.77606589885955,-99.55821243706562,-62.99352689198487,-81.43399619194685,0,0,0
1,-51.66157470038684,-55.75956467588409,-37.36547857607607,-36.42757555405364,-59.405482370409935,0,1,0
0,-54.740499060761614,-59.99475533498014,-77.23068526215158,-59.94116559671314,-77.9097046394071,0,0,0
0,-55.70513689540651,-61.41681229369686,-72.10842375364044,-74.93739775563094,-73.87192811869892,0,0,1
0,-61.7318577693765,-67.95655482507928,-91.79231884283413,-79.9892880048145,-89.26955342222674,0,0,0
0,-54.60856088171775,-60.334000754914605,-104.86200643885992,-81.44954962478151,-80.57410137003517,0,2,0
1,-51.72625472327819,-55.833283375409636,-39.32159006510848,-38.973198941261764,-60.056995840011005,0,0,1
0,-54.12135064090308,-56.991403782640425,-66.95021904273902,-51.13353226370434,-74.20641635372479,0,0,0
0,-56.212475884582666,-59.077897537999306,-73.3130856289791,-64.78425024354453,-74.74066567047667,0,1,0
1,-52.042357119775524,-56.086523572951904,-50.25549985816186,-47.33572547692818,-67.11900707722408,0,0,0
0,-55.70513689540651,-61.41681229369686,-72.10842375364044,-71.95225910081365,-73.87192811869892,0,0,1
0,-61.7318577693765,-67.95655482507928,-91.79231884283413,-83.93739400777102,-89.26955342222674,0,0,0
0,-54.60856088171775,-60.334000754914605,-104.86200643885992,-81.44954962478151,-80.57410137003517,0,2,0
1,-51.72625472327819,-55.833283375409636,-39.32159006510848,-38.973198941261764,-60.056995840011005,0,0,1
0,-54.12135064090308,-56.991403782640425,-66.95021904273902,-51.13353226370434,-74.20641635372479,0,0,0
1,-55.503381810084534,-58.314979941180304,-74.2045479459427,-45.47406943449499,-77.76474619386735,0,0,0
0,-55.25521838534607,-59.328903817622475,-66.66020980879422,-56.373470703334256,-71.78754542518462,0,0,1
0,-61.7318577693765,-67.95655482507928,-91.79231884283413,-79.9892880048145,-89.26955342222674,0,0,0
0,-54.60856088171775,-60.334000754914605,-104.86200643885992,-81.44954962478151,-80.57410137003517,0,2,0
1,-51.72625472327819,-55.833283375409636,-39.32159006510848,-38.973198941261764,-60.056995840011005,0,0,1
0,-54.12135064090308,-56.991403782640425,-66.95021904273902,-51.13353226370434,-74.20641635372479,0,0,0
1,-56.84577466771802,-59.686891777913814,-45.68176445227077,-39.97643598817421,-67.08456810059953,0,0,1
0,-61.7318577693765,-67.95655482507928,-91.79231884283413,-79.9892880048145,-89.26955342222674,0,0,0
0,-54.60856088171775,-60.334000754914605,-104.86200643885992,-79.51869887636803,-80.57410137003517,0,2,0
1,-51.72625472327819,-55.833283375409636,-39.32159006510848,-38.973198941261764,-60.056995840011005,0,0,1
0,-54.12135064090308,-56.991403782640425,-66.95021904273902,-50.729844765647975,-74.20641635372479,0,0,0
1,-56.84577466771802,-59.686891777913814,-45.68176445227077,-38.577664761731434,-67.08456810059953,0,0,1
0,-61.7318577693765,-67.95655482507928,-91.79231884283413,-79.9892880048145,-89.26955342222674,0,0,0
0,-54.86572153424491,-59.535624746222844,-61.30807026360779,-59.71863463749292,-73.25814261332725,0,0,0
1,-53.314589438946015,-55.86585928993954,-38.42743554906706,-43.60682794437394,-61.3770842008664,0,0,1
1,-56.84577466771802,-59.686891777913814,-45.68176445227077,-39.97643598817421,-67.08456810059953,0,0,1
0,-61.7318577693765,-67.95655482507928,-91.79231884283413,-79.9892880048145,-89.26955342222674,0,0,0
1,-57.510086910914225,-60.62423132175424,-30.10845747379456,-43.54824863602692,-61.04956270971205,0,2,0
1,-56.84577466771802,-59.686891777913814,-45.68176445227077,-39.97643598817421,-67.08456810059953,0,0,1
0,-59.07898085572023,-62.38280366006436,-92.62542873041494,-56.288036222819954,-86.86660947484471,0,0,0
1,-64.00730951193783,-64.00730951193783,-54.88415904890707,-39.59869425486,-80.47255722660995,0,0,0
0,-52.423969812106456,-55.34508023014113,-75.26919711801153,-62.33080894895054,-71.5389930447102,0,1,0
0,-51.45787450563015,-55.899945703987406,-66.2598140575059,-44.742597320993504,-71.33581872288192,0,0,0
1,-52.09614774393623,-57.35104412409035,-39.32427452113833,-37.42147157218308,-63.893430100277726,0,0,0
0,-54.68500798174532,-60.46563659578864,-88.74637990418546,-58.01449456776974,-81.30892195300096,0,0,0
0,-53.30695315916409,-59.00473364413076,-64.85409485043674,-68.96195432774563,-69.29744571149539,0,0,1
0,-55.646177330447564,-61.53813001827224,-103.79735726679114,-67.13412142328697,-86.7853845104849,0,0,0
0,-57.74278406689626,-62.33402727246737,-64.10533743582081,-61.51153041620526,-73.50864939484278,0,1,0
1,-53.28875609357548,-56.35933342747734,-38.42743554906707,-44.31928096378992,-54.41977904989642,1,1,1
0,-52.423969812106456,-55.34508023014113,-75.26919711801153,-62.33080894895054,-71.5389930447102,0,1,0
1,-53.069393882278554,-57.23056001411813,-50.25549985816186,-57.170606351793026,-68.14604383972711,0,0,0
0,-54.74825968768853,-60.054296815161265,-59.70126679464298,-51.11726405453787,-69.1929038232817,0,0,1
0,-53.30695315916409,-59.00473364413076,-64.85409485043674,-68.96195432774563,-69.29744571149539,0,0,1
0,-55.646177330447564,-61.53813001827224,-103.79735726679114,-67.13412142328697,-86.7853845104849,0,0,0
0,-57.74278406689626,-62.33402727246737,-64.10533743582081,-56.6865327177851,-73.50864939484278,0,1,0
1,-53.28875609357548,-56.35933342747734,-38.42743554906707,-44.31928096378992,-54.41977904989642,1,1,1
0,-52.454965787663795,-55.377173738182655,-75.2691971180115,-47.69971796272927,-71.56998902026753,0,1,0
1,-53.53531475065828,-57.74762162981648,-46.94747095607007,-46.88065808623411,-64.15382013467958,0,0,1
0,-53.30695315916409,-59.00473364413076,-64.85409485043674,-68.96195432774563,-69.29744571149539,0,0,1
0,-55.646177330447564,-61.53813001827224,-103.79735726679114,-67.13412142328697,-86.7853845104849,0,0,0
0,-57.74278406689626,-62.33402727246737,-64.10533743582081,-61.51153041620526,-73.50864939484278,0,1,0
1,-53.28875609357548,-56.35933342747734,-38.42743554906707,-44.31928096378992,-54.41977904989642,1,1,1
1,-55.95159167526605,-58.924940373103524,-64.3010103693957,-48.358711709483764,-64.84468707768558,1,1,1
0,-53.98249826104941,-58.0187944977825,-58.019686536968685,-41.44908079706384,-67.92266831934029,0,0,1
0,-55.646177330447564,-61.53813001827224,-103.79735726679114,-67.13412142328697,-86.7853845104849,0,0,0
0,-57.74278406689626,-62.33402727246737,-64.10533743582081,-56.6865327177851,-73.50864939484278,0,1,0
1,-53.28875609357548,-56.35933342747734,-38.42743554906707,-44.31928096378992,-54.41977904989642,1,1,1
1,-54.43008908673064,-57.227427142143014,-46.57322676923438,-40.141094576040885,-64.93632121470124,0,0,1
0,-55.646177330447564,-61.53813001827224,-103.79735726679114,-67.13412142328697,-86.7853845104849,0,0,0
0,-57.74278406689626,-62.33402727246737,-64.10533743582081,-61.51153041620526,-73.50864939484278,0,1,0
1,-53.28875609357548,-56.35933342747734,-38.42743554906707,-44.31928096378992,-54.41977904989642,1,1,1
1,-54.43008908673064,-57.227427142143014,-46.57322676923438,-40.141094576040885,-64.93632121470124,0,0,1
0,-55.646177330447564,-61.53813001827224,-103.79735726679114,-67.13412142328697,-86.7853845104849,0,0,0
1,-57.62386462281495,-60.71590636542408,-55.7836671614705,-39.13789588613108,-68.86590332791555,0,2,0
1,-54.43008908673064,-57.227427142143014,-46.57322676923438,-40.141094576040885,-64.93632121470124,0,0,1
0,-59.189834394354165,-62.48733097018456,-91.73396641345134,-61.70348653314631,-86.71002431838957,0,0,0
1,-65.2217052412863,-65.2217052412863,-64.09459944114319,-49.52749761873051,-80.98434917082953,0,1,0
1,-51.60796373634607,-54.36994312929354,-36.47132406003466,-45.267670136475544,-50.12482770541647,1,2,1
0,-54.63123726164847,-58.517625612191125,-69.2554963511224,-53.81695971051065,-75.4078861669852,0,0,0
0,-58.051850273756656,-63.29935523440411,-112.11366620157145,-83.42781166438296,-91.68595013422808,0,0,0
0,-58.51235657591088,-62.93812563114185,-64.99679975278441,-60.26035613647063,-78.0113965017462,0,0,0
1,-54.551464990131144,-57.43858877604856,-36.47132406003466,-52.4346445458741,-62.02712630534182,0,1,0
1,-54.82510910254791,-57.47253927176985,-28.1472991453667,-38.22400656332008,-50.84476559721792,1,1,2
0,-58.051850273756656,-63.29935523440411,-112.11366620157145,-83.42781166438296,-91.68595013422808,0,0,0
0,-58.51235657591088,-62.93812563114185,-64.99679975278441,-60.26035613647063,-78.0113965017462,0,0,0
1,-54.551464990131144,-57.43858877604856,-36.47132406003466,-52.4346445458741,-62.02712630534182,0,1,0
1,-54.82510910254791,-57.47253927176985,-28.1472991453667,-38.22400656332008,-50.84476559721792,1,1,2
0,-58.051850273756656,-63.29935523440411,-112.11366620157145,-83.42781166438296,-91.68595013422808,0,0,0
1,-59.214106926340826,-62.08411718043388,-37.362786376998265,-43.768131577398826,-66.95720693664059,0,1,0
1,-54.82510910254791,-57.47253927176985,-28.1472991453667,-38.22400656332008,-50.84476559721792,1,1,2
0,-60.533752798540284,-63.29427343761796,-91.73129727295918,-57.21164302546045,-88.05314198042804,0,0,0
1,-62.71211797316668,-62.71211797316668,-45.67371865667096,-44.71222288350555,-72.94849766736824,0,1,0
1,-50.720708132976725,-53.39011443343261,-48.52933825826679,-43.99510121867565,-59.786448167116205,0,2,0
0,-51.99436929951561,-55.73234802605188,-47.34519756686622,-51.31413526297813,-66.19792856957548,0,0,0
0,-56.19682632775734,-60.547284524985045,-86.78224567813885,-63.85827980258217,-82.231500031199,0,0,0
1,-53.64294662165404,-56.56772675182633,-57.046681466191984,-45.671909490849394,-70.75695106151164,0,0,0
1,-56.09330612669861,-58.56251654008658,-39.11281675349037,-36.090707601608536,-67.82715115274571,0,0,0
0,-56.19682632775734,-60.547284524985045,-86.78224567813885,-69.25377832458331,-82.231500031199,0,0,0
1,-53.64294662165404,-56.56772675182633,-57.046681466191984,-45.671909490849394,-70.75695106151164,0,0,0
1,-56.09330612669861,-58.56251654008658,-39.11281675349037,-36.090707601608536,-67.82715115274571,0,0,0
0,-59.535520484416,-62.367701356495715,-84.47696836975547,-55.985064979479525,-84.87861099534264,0,0,0
1,-63.8129749958329,-63.8129749958329,-54.88415904890707,-40.18163360453171,-80.27822271050502,0,0,0
0,-53.35222807449441,-56.53919006026146,-102.90051829471987,-65.39063883221242,-84.22238356291038,0,0,0
1,-51.812522980511545,-55.94728448760746,-37.36547857607607,-39.791952620444945,-56.090694747734915,0,1,1
0,-55.547082080129265,-60.81283423516428,-85.37647648231889,-57.180452542497164,-77.69428912202521,0,0,1
0,-57.38272991922128,-63.124985775932785,-90.52930453811265,-79.1448998411247,-81.07578537785535,0,0,1
0,-58.06503250772771,-64.26374835013283,-88.57319304908025,-72.32568401962084,-84.63699042245179,0,0,0
0,-63.893010838859176,-69.83582048700528,-79.0763383813784,-74.78485533745244,-84.15017645047298,0,1,0
0,-53.716653402836805,-59.30662704545952,-104.14411083858774,-68.30688978726296,-84.95988665441313,0,0,0
1,-51.35407060211317,-55.45628378926106,-39.32159006510848,-38.31753104837567,-59.684811718845985,0,1,0
0,-51.821487904861804,-54.88511794693242,-66.05875672577542,-49.02653693802679,-68.17337901979471,0,0,1
0,-58.0501065476986,-60.984568973441434,-85.37109982721121,-65.82044620015797,-80.19570059306224,0,1,0
1,-54.986014571565704,-59.029215937947185,-48.5320304573446,-47.261133663868314,-66.07988780596936,0,0,1
0,-57.38272991922128,-63.124985775932785,-90.52930453811265,-79.1448998411247,-81.07578537785535,0,0,1
0,-58.06503250772771,-64.26374835013283,-88.57319304908025,-72.32568401962084,-84.63699042245179,0,0,0
0,-63.893010838859176,-69.83582048700528,-79.0763383813784,-76.69334206666495,-84.15017645047298,0,1,0
0,-53.716653402836805,-59.30662704545952,-104.14411083858774,-68.30688978726296,-84.95988665441313,0,0,0
1,-51.35407060211317,-55.45628378926106,-39.32159006510848,-38.31753104837567,-59.684811718845985,0,1,0
0,-51.821487904861804,-54.88511794693242,-66.05875672577542,-49.02653693802679,-68.17337901979471,0,0,1
1,-55.708422078519185,-58.551324363547586,-48.52933825826679,-47.76237653682796,-66.8014876531995,0,1,0
0,-56.52517070632607,-60.58820112246016,-40.09353780415468,-57.655597665366095,-65.08749614477276,0,0,1
0,-58.06503250772771,-64.26374835013283,-88.57319304908025,-72.32568401962084,-84.63699042245179,0,0,0
0,-63.893010838859176,-69.83582048700528,-79.0763383813784,-76.69334206666495,-84.15017645047298,0,1,0
0,-53.716653402836805,-59.30662704545952,-104.14411083858774,-68.30688978726296,-84.95988665441313,0,0,0
1,-51.35407060211317,-55.45628378926106,-39.32159006510848,-38.31753104837567,-59.684811718845985,0,1,0
0,-51.821487904861804,-54.88511794693242,-66.05875672577542,-49.02653693802679,-68.17337901979471,0,0,1
1,-56.898665131953116,-59.761396466734126,-46.57322676923438,-39.352540326185625,-67.40489725992371,0,0,1
0,-58.06503250772771,-64.26374835013283,-88.57319304908025,-72.32568401962084,-84.63699042245179,0,0,0
0,-63.893010838859176,-69.83582048700528,-79.0763383813784,-76.69334206666495,-84.15017645047298,0,1,0
0,-53.716653402836805,-59.30662704545952,-104.14411083858774,-68.30688978726296,-84.95988665441313,0,0,0
1,-51.35407060211317,-55.45628378926106,-39.32159006510848,-38.31753104837567,-59.684811718845985,0,1,0
0,-51.821487904861804,-54.88511794693242,-66.05875672577542,-49.02653693802679,-68.17337901979471,0,0,1
1,-56.898665131953116,-59.761396466734126,-46.57322676923438,-40.17334932784578,-67.40489725992371,0,0,1
0,-58.06503250772771,-64.26374835013283,-88.57319304908025,-72.32568401962084,-84.63699042245179,0,0,0
0,-63.893010838859176,-69.83582048700528,-79.0763383813784,-76.69334206666495,-84.15017645047298,0,1,0
0,-55.457581155380076,-60.012523134728404,-76.93529937309913,-65.01453883536435,-75.07243506451009,0,1,0
1,-55.76073624932215,-58.36374797350807,-46.57322676923438,-45.82103967735262,-59.335496571693284,1,1,1
1,-56.898665131953116,-59.761396466734126,-46.57322676923438,-40.17334932784578,-67.40489725992371,0,0,1
0,-58.06503250772771,-64.26374835013283,-88.57319304908025,-72.32568401962084,-84.63699042245179,0,0,0
0,-63.893010838859176,-69.83582048700528,-79.0763383813784,-76.69334206666495,-84.15017645047298,0,1,0
1,-55.207437585973736,-58.2631781023601,-37.362786376998265,-46.32598982437114,-62.950537596273485,0,1,0
1,-56.898665131953116,-59.761396466734126,-46.57322676923438,-40.17334932784578,-67.40489725992371,0,0,1
0,-58.06503250772771,-64.26374835013283,-88.57319304908025,-72.32568401962084,-84.63699042245179,0,0,0
1,-59.18878426468782,-62.17122704922513,-37.362786376998265,-44.3251532940384,-60.000412469388124,1,1,1
1,-56.898665131953116,-59.761396466734126,-46.57322676923438,-39.352540326185625,-67.40489725992371,0,0,1
0,-61.75414062779718,-65.08711297088878,-103.79198061168348,-58.05774006733778,-92.89173481130223,0,0,0
1,-64.87994144452749,-64.87994144452749,-54.88415904890707,-39.9345469741161,-77.87945325639988,0,1,0
0,-51.94047640386717,-55.175284672670536,-92.62542873041491,-79.72685351294892,-76.26236912019192,0,1,0
1,-52.35259443127307,-56.62467280808605,-46.57591896831219,-38.29985297696064,-66.32537012176672,0,0,0
0,-53.883014763490266,-59.27075816882352,-96.54302836358744,-58.39783305229459,-82.8459232725665,0,0,0
0,-53.74893583259675,-59.38427943265982,-62.89798336140433,-67.82825418363974,-72.61833084101805,0,0,0
0,-55.80916194327883,-61.64022618272172,-110.01216535416152,-65.86063817685609,-88.81281154952728,0,0,0
0,-57.72617402315852,-62.372858854918995,-66.95291124181682,-59.69472154030666,-74.34631149290384,0,1,0
1,-54.41082392845927,-57.47163094712793,-40.006948210946135,-46.30150843849442,-49.93372406172147,2,2,2
0,-56.706551015334135,-59.70986107899883,-74.20454794594269,-65.52652538096508,-73.4748539557764,0,2,0
1,-51.184872822504175,-55.39338813194439,-48.23932902432198,-44.15115640718407,-62.190935627001046,0,0,1
0,-53.74893583259675,-59.38427943265982,-62.89798336140433,-67.82825418363974,-72.61833084101805,0,0,0
0,-55.80916194327883,-61.64022618272172,-110.01216535416152,-65.86063817685609,-88.81281154952728,0,0,0
0,-57.72617402315852,-62.372858854918995,-66.95291124181682,-59.69472154030666,-74.34631149290384,0,1,0
1,-54.41082392845927,-57.47163094712793,-40.006948210946135,-46.30150843849442,-49.93372406172147,2,2,2
1,-52.4265800044325,-55.36632700072442,-37.362786376998265,-43.079315266747045,-63.63541591753198,0,0,0
0,-53.30499638288331,-57.309423619899846,-61.1097051309551,-53.42479589967249,-68.17217201937011,0,0,1
0,-55.80916194327883,-61.64022618272172,-110.01216535416152,-65.86063817685609,-88.81281154952728,0,0,0
0,-57.72617402315852,-62.372858854918995,-66.95291124181682,-59.69472154030666,-74.34631149290384,0,1,0
1,-54.41082392845927,-57.47163094712793,-40.006948210946135,-46.30150843849442,-49.93372406172147,2,2,2
1,-54.711980275269255,-57.44763919913749,-45.88012958492346,-36.52379048829116,-68.4760191507463,0,0,0
0,-55.80916194327883,-61.64022618272172,-110.01216535416152,-65.86063817685609,-88.81281154952728,0,0,0
0,-57.72617402315852,-62.372858854918995,-66.95291124181682,-59.69472154030666,-74.34631149290384,0,1,0
1,-54.41082392845927,-57.47163094712793,-40.006948210946135,-41.21610984901459,-49.93372406172147,2,2,2
1,-54.711980275269255,-57.44763919913749,-45.88012958492346,-36.52379048829116,-68.4760191507463,0,0,0
0,-55.80916194327883,-61.64022618272172,-110.01216535416152,-65.86063817685609,-88.81281154952728,0,0,0
1,-59.504124451812395,-62.601002926601694,-48.52933825826679,-40.77144696923059,-68.56986448595188,0,2,0
1,-54.711980275269255,-57.44763919913749,-45.88012958492346,-36.52379048829116,-68.4760191507463,0,0,0
0,-59.56761661190491,-62.90905101364354,-92.62542873041495,-55.84824020786409,-87.3552452310294,0,0,0
1,-61.732985402571366,-61.732985402571366,-64.09459944114319,-46.731989702720526,-77.4956293321146,0,0,1
1,-52.66398440465238,-55.49627622277484,-37.362786376998265,-46.31351237495213,-63.87282031775186,0,0,0
0,-53.39912045208145,-57.636344047000755,-59.15359364192268,-55.10799846246948,-71.14519854465826,0,0,0
0,-54.81855560080568,-60.3098405051044,-86.69955013184786,-70.34886256674133,-80.82842064036004,0,0,0
1,-56.457629410081736,-62.35825497221573,-62.89798336140433,-52.3863343378018,-69.83396297516248,0,0,2
0,-56.540242132686664,-61.64188758074754,-128.43304613863376,-86.4637862081417,-95.07015597427679,0,0,0
0,-57.96889606622263,-62.688472991639614,-68.61632129782663,-62.891361608519134,-75.0880565527709,0,1,0
1,-53.92089670333334,-56.8997665425087,-45.68176445227078,-45.06602295314817,-57.22821833061539,1,1,1
1,-54.58795006099533,-57.62487457456156,-44.988667267959855,-38.667423040668695,-64.61881433858356,0,0,1
0,-54.81855560080568,-60.3098405051044,-86.69955013184786,-69.76450940224372,-80.82842064036004,0,0,0
1,-56.457629410081736,-62.35825497221573,-62.89798336140433,-52.3863343378018,-69.83396297516248,0,0,2
0,-56.540242132686664,-61.64188758074754,-128.43304613863376,-86.4637862081417,-95.07015597427679,0,0,0
0,-57.96889606622263,-62.688472991639614,-68.61632129782663,-60.20654647089908,-75.0880565527709,0,1,0
1,-53.92089670333334,-56.8997665425087,-45.68176445227078,-45.06602295314817,-57.22821833061539,1,1,1
1,-54.58795006099533,-57.62487457456156,-44.988667267959855,-38.667423040668695,-64.61881433858356,0,0,1
0,-55.90883137281499,-61.53950626096265,-65.37103619657216,-61.439186981275554,-75.52014223178664,0,0,0
0,-58.212516970915225,-63.79594425533551,-114.61011206958739,-68.79864637583609,-92.59555059179144,0,0,0
0,-57.96889606622263,-62.688472991639614,-68.61632129782663,-62.891361608519134,-75.0880565527709,0,1,0
1,-53.92089670333334,-56.8997665425087,-45.68176445227078,-45.06602295314817,-57.22821833061539,1,1,1
1,-54.58795006099533,-57.62487457456156,-44.988667267959855,-38.667423040668695,-64.61881433858356,0,0,1
0,-55.90883137281499,-61.53950626096265,-65.37103619657216,-61.439186981275554,-75.52014223178664,0,0,0
0,-58.212516970915225,-63.79594425533551,-114.61011206958739,-68.79864637583609,-92.59555059179144,0,0,0
1,-58.673838992367884,-61.89421445482291,-64.99410755370661,-42.13494518609119,-74.70633535568014,0,1,0
1,-54.58795006099533,-57.62487457456156,-44.988667267959855,-38.667423040668695,-64.61881433858356,0,0,1
0,-55.90883137281499,-61.53950626096265,-65.37103619657216,-61.439186981275554,-75.52014223178664,0,0,0
0,-56.469032500979225,-59.45800367340523,-72.61998844466821,-63.647006628688075,-78.25502903437969,0,0,0
1,-59.2431497384222,-62.15480412813019,-46.944778756992264,-43.68878874733295,-73.32658336551988,0,0,0
0,-56.469032500979225,-59.45800367340523,-72.61998844466821,-63.123379131595954,-78.25502903437969,0,0,0
1,-57.58764800460238,-57.58764800460238,-63.401502256832266,-45.29871265368966,-76.60809868165205,0,0,0
1,-52.42797993634198,-55.23342864304987,-36.471324060034654,-45.30158768753976,-59.90364125155264,0,0,1
0,-51.58610062261542,-55.26056075457275,-58.45782731711961,-53.415775475703605,-65.65771291495157,0,0,1
0,-56.40267827564926,-60.6563760043121,-74.28342155926363,-66.68462061074857,-78.68770474342834,0,0,0
1,-53.956298614716424,-56.948129217365555,-38.050836721913726,-44.09736573171181,-52.94701638235055,1,1,2
1,-53.353162149314045,-55.8273231999183,-38.42476640857491,-35.44532869017749,-61.4148561690868,0,0,1
0,-56.40267827564926,-60.6563760043121,-74.28342155926363,-61.33718435562432,-78.68770474342834,0,0,0
1,-53.956298614716424,-56.948129217365555,-38.050836721913726,-44.09736573171181,-52.94701638235055,1,1,2
1,-53.353162149314045,-55.8273231999183,-38.42476640857491,-35.44532869017749,-61.4148561690868,0,0,1
0,-59.634625173460165,-62.389121439161045,-73.31041648848694,-54.43307886503857,-81.62775012000624,0,0,0
1,-62.59279657676081,-62.59279657676081,-27.25283787219872,-39.41231567902521,-70.76864793842043,0,0,0
1,-51.27071623198278,-53.994106974739715,-37.362786376998265,-44.006306169997515,-52.08234443668308,1,1,1
0,-54.89983971127257,-58.75811349919887,-49.30130905589863,-54.41203983081397,-66.22449652524243,0,0,1
0,-56.539213064539545,-60.852059664372746,-86.14307062484308,-69.29637506082435,-82.38213425199247,0,0,0
1,-54.41021595094895,-57.31533536804599,-45.68176445227078,-43.981642209483375,-64.64900938383046,0,1,0
1,-56.33828418784875,-58.92778966262675,-36.468654919542494,-38.78732477675211,-63.813144760911776,0,0,1
0,-56.539213064539545,-60.852059664372746,-86.14307062484308,-73.09310591931485,-82.38213425199247,0,0,0
1,-54.41021595094895,-57.31533536804599,-45.68176445227078,-45.7266621350678,-64.64900938383046,0,1,0
1,-56.33828418784875,-58.92778966262675,-36.468654919542494,-38.78732477675211,-63.813144760911776,0,0,1
0,-59.793494265869796,-62.58806354055501,-75.26652797751937,-57.657325361376074,-82.3734526591256,0,0,0
1,-62.31564901858493,-62.31564901858493,-45.67371865667096,-40.835481266900956,-76.01776461558622,0,0,0
0,-52.429573079015384,-55.379455191908804,-83.41498833817882,-64.27114872254116,-73.9883336776693,0,1,0
0,-53.188630293246206,-57.57563893814648,-57.74247084958071,-42.891047360690706,-60.11416383972124,1,1,1
1,-51.27782000929531,-56.522052851071145,-42.691508802512715,-39.43825634783579,-60.61953674724939,0,0,1
0,-55.037376949437906,-60.69320074010979,-85.37914562281107,-53.09946725686112,-80.65112063628122,0,0,0
0,-56.10900901069065,-61.725952930321455,-62.89798336140433,-68.51764881104206,-74.97840401911195,0,0,0
0,-57.87883116846888,-63.68561095889099,-133.3847899325319,-67.17682538051712,-97.89426814822845,0,0,0
0,-58.71676902698847,-63.217008386260844,-66.95291124181682,-59.18242094141151,-78.80264239953351,0,0,0
1,-54.876669393035314,-57.763793178952724,-27.26088366779854,-51.34893820948782,-52.657726784975694,1,1,1
0,-52.429573079015384,-55.379455191908804,-83.41498833817882,-64.27114872254116,-73.9883336776693,0,1,0
1,-53.4097730846606,-57.475326275464774,-48.5320304573446,-57.407683967926374,-64.50364631906426,0,1,0
0,-53.656562025567766,-58.83617925080761,-77.2306852621516,-46.35159451416849,-73.36003170141352,0,0,1
0,-56.10900901069065,-61.725952930321455,-62.89798336140433,-68.51764881104206,-74.97840401911195,0,0,0
0,-57.87883116846888,-63.68561095889099,-133.3847899325319,-67.17682538051712,-97.89426814822845,0,0,0
0,-58.71676902698847,-63.217008386260844,-66.95291124181682,-59.18242094141151,-78.80264239953351,0,0,0
1,-54.876669393035314,-57.763793178952724,-27.26088366779854,-51.34893820948782,-52.657726784975694,1,1,1
0,-52.54649301634596,-55.37308802582942,-82.52352602121522,-47.44208206148594,-73.8378149199108,0,1,0
1,-53.19232411906711,-57.193261693335295,-54.8948970435847,-45.43529270275718,-69.66079323214251,0,0,0
0,-56.10900901069065,-61.725952930321455,-62.89798336140433,-68.51764881104206,-74.97840401911195,0,0,0
0,-57.87883116846888,-63.68561095889099,-133.3847899325319,-67.17682538051712,-97.89426814822845,0,0,0
0,-58.71676902698847,-63.217008386260844,-66.95291124181682,-59.18242094141151,-78.80264239953351,0,0,0
1,-54.876669393035314,-57.763793178952724,-27.26088366779854,-51.34893820948782,-52.657726784975694,1,1,1
1,-51.70019189678998,-54.46217128973745,-36.47132406003466,-44.89875125141948,-59.17585321200065,0,1,0
0,-55.21789046701647,-59.09952542203543,-41.62417517441405,-42.443236840176965,-64.23940711654096,0,0,1
0,-57.87883116846888,-63.68561095889099,-133.3847899325319,-67.17682538051712,-97.89426814822845,0,0,0
0,-58.71676902698847,-63.217008386260844,-66.95291124181682,-59.18242094141151,-78.80264239953351,0,0,0
1,-54.876669393035314,-57.763793178952724,-27.26088366779854,-51.34893820948782,-52.657726784975694,1,1,1
1,-55.86698561309804,-58.50966238679628,-45.68176445227078,-40.2697261525591,-66.10577904597955,0,0,1
0,-57.87883116846888,-63.68561095889099,-133.3847899325319,-67.17682538051712,-97.89426814822845,0,0,0
0,-58.71676902698847,-63.217008386260844,-66.95291124181682,-59.18242094141151,-78.80264239953351,0,0,0
1,-54.876669393035314,-57.763793178952724,-27.26088366779854,-51.34893820948782,-52.657726784975694,1,1,1
1,-55.86698561309804,-58.50966238679628,-45.68176445227078,-40.2697261525591,-66.10577904597955,0,0,1
0,-57.87883116846888,-63.68561095889099,-133.3847899325319,-80.26483928901513,-97.89426814822845,0,0,0
1,-59.41851937741843,-62.36895237971962,-39.31889786603068,-42.5710816225212,-67.74845283442791,0,1,0
1,-55.86698561309804,-58.50966238679628,-45.68176445227078,-40.2697261525591,-66.10577904597955,0,0,1
0,-60.23466833114958,-63.55181828386744,-91.73396641345136,-57.788547462608065,-87.75485825518498,0,0,0
1,-64.29521077738849,-64.29521077738849,-45.67371865667096,-43.534235649797026,-77.99732637438977,0,0,0
1,-53.63225491314714,-56.609745525635745,-46.57322676923438,-48.49783283812347,-67.60422294391746,0,0,0
0,-52.942076124923574,-57.00011426074329,-39.02888863208587,-51.83511080147106,-61.18500681174961,0,0,1
0,-56.88925457827538,-62.45810312012419,-114.07244683109603,-85.49284030344022,-91.11098862760419,0,0,0
0,-58.73767589675259,-64.59702696192757,-72.10842375364044,-63.136684388083694,-80.37020302284472,0,0,0
0,-54.156311138911285,-59.74343655073983,-113.35455123082386,-70.4593299497015,-88.16267650815844,0,0,0
1,-51.21762597615166,-55.35844207069893,-57.0493736652698,-37.924172169022874,-68.3324380757326,0,0,0
0,-52.652053532715954,-55.63792002241746,-64.51650166002275,-50.02165975501263,-68.54126812792306,0,0,1
1,-54.065752210956084,-56.92349126542272,-27.26088366779854,-35.00607716433025,-58.77828140849592,0,0,1
0,-56.88925457827538,-62.45810312012419,-114.07244683109603,-85.49284030344022,-91.11098862760419,0,0,0
0,-58.73767589675259,-64.59702696192757,-72.10842375364044,-62.585217087434195,-80.37020302284472,0,0,0
0,-54.156311138911285,-59.74343655073983,-113.35455123082386,-70.4593299497015,-88.16267650815844,0,0,0
1,-51.21762597615166,-55.35844207069893,-57.0493736652698,-37.924172169022874,-68.3324380757326,0,0,0
0,-52.652053532715954,-55.63792002241746,-64.51650166002275,-50.02165975501263,-68.54126812792306,0,0,1
1,-54.065752210956084,-56.92349126542272,-27.26088366779854,-35.00607716433025,-58.77828140849592,0,0,1
0,-56.88925457827538,-62.45810312012419,-114.07244683109603,-85.49284030344022,-91.11098862760419,0,0,0
0,-58.73767589675259,-64.59702696192757,-72.10842375364044,-63.136684388083694,-80.37020302284472,0,0,0
0,-55.42686491963841,-60.033888075467885,-47.64056814038099,-63.61032014527325,-66.25329945895298,0,1,0
1,-53.9312926634678,-56.55935634485538,-27.26088366779854,-41.2665593124568,-58.64382186100763,0,0,1
1,-54.065752210956084,-56.92349126542272,-27.26088366779854,-35.00607716433025,-58.77828140849592,0,0,1
0,-56.88925457827538,-62.45810312012419,-114.07244683109603,-85.49284030344022,-91.11098862760419,0,0,0
0,-58.73767589675259,-64.59702696192757,-72.10842375364044,-63.136684388083694,-80.37020302284472,0,0,0
1,-56.31185497470138,-59.40612571737117,-54.19910766019597,-49.62805319420822,-72.57158727276017,0,0,0
1,-54.065752210956084,-56.92349126542272,-27.26088366779854,-35.00607716433025,-58.77828140849592,0,0,1
0,-56.88925457827538,-62.45810312012419,-114.07244683109603,-85.49284030344022,-91.11098862760419,0,0,0
1,-58.216148310645295,-61.17693141475555,-37.362786376998265,-41.143142676148294,-65.95924832094505,0,1,0
1,-54.065752210956084,-56.92349126542272,-27.26088366779854,-35.00607716433025,-58.77828140849592,0,0,1
0,-60.84794562539178,-63.50883637112395,-82.52085688072304,-55.27976013450541,-85.6042026896087,0,0,0
1,-64.17859321038618,-64.17859321038618,-45.67371865667096,-43.88794405705711,-77.88070880738746,0,0,0
1,-51.07582580605362,-53.76604610004023,-28.15234598476215,-44.926667474549326,-49.124321893083085,1,1,1
0,-53.445277656740075,-57.68433351860562,-47.34786670735838,-48.49780066174324,-67.64963766894759,0,0,0
0,-56.28778266508534,-61.78705481698391,-107.36295668081819,-72.82198673975134,-88.4966696693308,0,0,0
1,-56.05852820958731,-61.644568032750456,-58.63928676306634,-55.85909698404249,-70.18457833570749,0,0,1
0,-56.39946022408976,-61.43732980882733,-119.22260574639766,-77.87773395481511,-92.16624194800906,0,0,0
0,-57.60597196882861,-62.22507288830972,-78.46593674335851,-59.72979852854238,-81.14575299183616,0,0,0
1,-54.48692668675053,-57.284449113789584,-36.47132406003466,-43.74365006027246,-61.9625880019612,0,0,1
1,-54.453809137118185,-57.45390681766301,-36.47132406003466,-37.019687959336096,-54.9979986467294,1,1,1
0,-56.28778266508534,-61.78705481698391,-107.36295668081819,-72.82198673975134,-88.4966696693308,0,0,0
1,-56.05852820958731,-61.644568032750456,-58.63928676306634,-55.85909698404249,-70.18457833570749,0,0,1
0,-56.39946022408976,-61.43732980882733,-119.22260574639766,-77.87773395481511,-92.16624194800906,0,0,0
0,-57.60597196882861,-62.22507288830972,-78.46593674335851,-59.72979852854238,-81.14575299183616,0,0,0
1,-54.48692668675053,-57.284449113789584,-36.47132406003466,-43.74365006027246,-61.9625880019612,0,0,1
1,-54.453809137118185,-57.45390681766301,-36.47132406003466,-37.019687959336096,-54.9979986467294,1,1,1
0,-57.655047745770304,-63.11992429009036,-76.1660360900828,-64.08266392345124,-80.50485857279514,0,0,0
0,-57.340338504304555,-62.81647853421961,-102.90589494982753,-67.57518878906,-88.21210698925282,0,0,0
0,-57.60597196882861,-62.22507288830972,-78.46593674335851,-59.72979852854238,-81.14575299183616,0,0,0
1,-54.48692668675053,-57.284449113789584,-36.47132406003466,-43.74365006027246,-61.9625880019612,0,0,1
1,-54.453809137118185,-57.45390681766301,-36.47132406003466,-37.019687959336096,-54.9979986467294,1,1,1
0,-57.655047745770304,-63.11992429009036,-76.1660360900828,-64.08266392345124,-80.50485857279514,0,0,0
0,-57.340338504304555,-62.81647853421961,-102.90589494982753,-67.57518878906,-88.21210698925282,0,0,0
1,-58.86748318364411,-61.98738264016325,-55.7836671614705,-45.22676017956766,-72.13684742928554,0,1,0
1,-54.453809137118185,-57.45390681766301,-36.47132406003466,-37.019687959336096,-54.9979986467294,1,1,1
0,-57.655047745770304,-63.11992429009036,-76.1660360900828,-64.08266392345124,-80.50485857279514,0,0,0
0,-57.32141202251407,-60.203095940434835,-73.31308562897914,-61.18280932558642,-79.3153377112078,0,0,0
1,-61.284817803847645,-63.989173709090025,-45.68176445227078,-47.139357214723724,-74.98934713952887,0,0,0
0,-57.32141202251407,-60.203095940434835,-73.31308562897914,-61.18280932558642,-79.3153377112078,0,0,0
1,-59.78368773623396,-59.78368773623396,-82.51548022561539,-45.56246619475124,-84.53833180391857,0,0,0
1,-51.49777361623743,-54.29967702822255,-47.954374298460756,-44.86123259134493,-60.39102446243511,0,2,0
0,-53.90232198389795,-57.59225090295528,-59.150924501430524,-53.477832966201355,-71.64759933432711,0,0,0
0,-55.14300956919039,-59.440012813464676,-85.44997344053215,-69.95494860314466,-80.77800160135004,0,0,0
1,-55.3673312607582,-58.378405101415076,-46.57322676923438,-45.83079738017373,-69.33929929152852,0,0,0
1,-55.822603215999806,-58.312233053704055,-44.29290094315678,-39.05117315732931,-69.11047349894685,0,0,0
0,-55.14300956919039,-59.440012813464676,-85.44997344053215,-69.20802989523892,-80.77800160135004,0,0,0
1,-55.3673312607582,-58.378405101415076,-46.57322676923438,-45.83079738017373,-69.33929929152852,0,0,0
1,-55.822603215999806,-58.312233053704055,-44.29290094315678,-39.05117315732931,-69.11047349894685,0,0,0
0,-58.570568018450295,-61.31776490575341,-66.05608758528327,-55.640887845692426,-78.38739429403527,0,0,0
1,-62.96531076414681,-62.96531076414681,-36.46327826443484,-37.65260045796782,-73.90429424347725,0,0,0
0,-52.93955583898287,-56.12898475964001,-76.16065943497512,-53.70351875535564,-72.32201776667569,0,1,0
1,-53.087747754181656,-57.139749994788104,-57.74247084958071,-41.42029158308577,-66.94475310625614,0,0,1
0,-52.72579015060683,-57.869677944941095,-76.0106041442632,-52.26360539310011,-72.06323549108606,0,0,1
0,-55.398258264708275,-60.932340401912924,-64.85409485043674,-69.4039115479644,-74.8544867198393,0,0,0
0,-57.87883116846888,-63.668396616221536,-133.3847899325319,-67.16516105985795,-97.89426814822845,0,0,0
0,-58.71676902698848,-63.199072467261466,-66.95291124181682,-59.201661053548534,-78.80264239953353,0,0,0
1,-54.876669393035314,-57.76276437333477,-27.26088366779854,-48.9779961810752,-52.657726784975694,1,1,1
0,-53.90711363016946,-56.72015768945519,-101.83586912265106,-63.22816251463208,-84.45787436696477,0,0,0
1,-54.466372104646936,-58.46730967891512,-36.47401625911246,-44.193213665720236,-61.94284107958095,0,0,1
0,-55.398258264708275,-60.932340401912924,-64.85409485043674,-69.4039115479644,-74.8544867198393,0,0,0
0,-57.87883116846888,-63.668396616221536,-133.3847899325319,-67.16516105985795,-97.89426814822845,0,0,0
0,-58.71676902698848,-63.199072467261466,-66.95291124181682,-59.201661053548534,-78.80264239953353,0,0,0
1,-54.876669393035314,-57.76276437333477,-27.26088366779854,-48.9779961810752,-52.657726784975694,1,1,1
1,-51.94401988311074,-54.70599927605821,-36.47132406003466,-44.671552069523145,-59.419681198321406,0,1,0
0,-54.669811559695354,-58.551446514714314,-50.83461556665017,-57.09788965479441,-66.45446032689068,0,0,1
0,-57.87883116846888,-63.668396616221536,-133.3847899325319,-67.16516105985795,-97.89426814822845,0,0,0
0,-58.71676902698848,-63.199072467261466,-66.95291124181682,-59.201661053548534,-78.80264239953353,0,0,0
1,-54.876669393035314,-57.76276437333477,-27.26088366779854,-48.9779961810752,-52.657726784975694,1,1,1
1,-55.88147860989807,-58.52415538359631,-27.26088366779854,-38.69569361409198,-60.5940078074379,0,0,1
0,-57.87883116846888,-63.668396616221536,-133.3847899325319,-67.16516105985795,-97.89426814822845,0,0,0
0,-58.71676902698848,-63.199072467261466,-66.95291124181682,-59.201661053548534,-78.80264239953353,0,0,0
1,-54.876669393035314,-57.76276437333477,-27.26088366779854,-48.9779961810752,-52.657726784975694,1,1,1
1,-55.88147860989807,-58.52415538359631,-27.26088366779854,-38.69569361409198,-60.5940078074379,0,0,1
0,-57.87883116846888,-63.668396616221536,-133.3847899325319,-67.16516105985795,-97.89426814822845,0,0,0
1,-59.361087355827095,-62.293584439128914,-37.362786376998265,-42.35868192060806,-67.10418736612685,0,1,0
1,-55.88147860989807,-58.52415538359631,-27.26088366779854,-38.69569361409198,-60.5940078074379,0,0,1
0,-60.23466833114958,-63.53460394119798,-92.62542873041495,-57.776883141948886,-88.02229695027407,0,0,0
1,-62.8264751526284,-62.8264751526284,-45.67371865667096,-41.82949340168963,-76.52859074962969,0,0,0
1,-55.203425056405315,-58.02571841845432,-28.15234598476215,-47.735523157430976,-53.25192114343478,1,1,1
0,-54.8273433194748,-58.83558668758859,-50.83461556665017,-52.13683181870896,-64.5846665461293,0,0,2
0,-55.80916194327883,-61.489459924309955,-109.12070303719793,-65.03203928278982,-88.5453728544382,0,0,0
0,-62.334586999021454,-68.17502349577235,-95.48104833201074,-75.46287995534617,-90.97890149862468,0,0,0
0,-52.87177798206724,-58.454078854287864,-105.75346875582353,-69.36921899042102,-84.5978186088143,0,0,0
1,-52.11368917128242,-56.26012430898602,-50.83461556665017,-40.109052650584346,-63.898337938477745,0,1,0
0,-52.762183420532224,-55.79980873247276,-55.7836671614705,-49.3679340211794,-69.49728356897337,0,0,0
1,-55.766294552780344,-58.54196959881352,-27.26088366779854,-37.319516268076505,-60.47882375032018,0,0,1
0,-55.80916194327883,-61.489459924309955,-109.12070303719793,-65.03203928278982,-88.5453728544382,0,0,0
0,-62.334586999021454,-68.17502349577235,-95.48104833201074,-75.46287995534617,-90.97890149862468,0,0,0
0,-52.87177798206724,-58.454078854287864,-105.75346875582353,-69.36921899042102,-84.5978186088143,0,0,0
1,-52.11368917128242,-56.26012430898602,-50.83461556665017,-40.109052650584346,-63.898337938477745,0,1,0
0,-52.762183420532224,-55.79980873247276,-55.7836671614705,-49.3679340211794,-69.49728356897337,0,0,0
1,-55.766294552780344,-58.54196959881352,-27.26088366779854,-37.319516268076505,-60.47882375032018,0,0,1
0,-55.80916194327883,-61.489459924309955,-109.12070303719793,-65.03203928278982,-88.5453728544382,0,0,0
0,-62.334586999021454,-68.17502349577235,-95.48104833201074,-75.46287995534617,-90.97890149862468,0,0,0
0,-53.100388119073855,-57.65077873528004,-78.54478729809378,-63.76725493335498,-71.17076286516144,0,2,0
1,-53.24642681485591,-55.837103151421594,-27.25583682840309,-44.77803004691282,-55.930116420036285,0,0,2
1,-55.766294552780344,-58.54196959881352,-27.26088366779854,-37.319516268076505,-60.47882375032018,0,0,1
0,-55.80916194327883,-61.489459924309955,-109.12070303719793,-65.03203928278982,-88.5453728544382,0,0,0
0,-62.334586999021454,-68.17502349577235,-95.48104833201074,-75.46287995534617,-90.97890149862468,0,0,0
1,-52.80002481370976,-55.79465662877803,-55.7836671614705,-41.84471839080628,-69.53512496215092,0,0,0
1,-55.766294552780344,-58.54196959881352,-27.26088366779854,-37.319516268076505,-60.47882375032018,0,0,1
0,-55.80916194327883,-61.489459924309955,-109.12070303719793,-65.03203928278982,-88.5453728544382,0,0,0
1,-59.70067268571694,-62.59931365294807,-46.57322676923438,-44.55391775355414,-70.20690481368753,0,1,0
1,-55.766294552780344,-58.54196959881352,-27.26088366779854,-37.319516268076505,-60.47882375032018,0,0,1
0,-60.19815747215163,-62.99468785931604,-73.31041648848696,-57.4463824968346,-82.19128241869771,0,0,0
1,-62.92707978637164,-62.92707978637164,-54.88415904890707,-47.15019835190696,-79.39232750104377,0,0,0
0,-53.177215853667334,-56.382841444566274,-85.37109982721122,-64.02189725862996,-75.32280989903099,0,1,0
1,-53.10502683342358,-57.30796805463768,-50.14151838233926,-39.43415548680767,-68.14748234812535,0,0,0
0,-54.118811072244284,-59.44010761372014,-82.38084417745321,-58.33213799393778,-78.83306432548025,0,0,0
0,-56.03605807698568,-61.518282142491095,-82.38084417745318,-73.04674097312461,-77.28457542742191,0,0,1
0,-57.91798686409118,-62.815180066967734,-80.42204823239094,-77.31910739657802,-82.04460133380846,0,0,0
1,-54.26784185517041,-57.40164697908567,-37.362786376998265,-47.639799055975246,-55.079470059870715,1,1,1
0,-56.275754458236904,-59.209927366302715,-66.95021904273902,-65.25134240186746,-70.86775872771805,0,2,0
1,-51.992469801202354,-56.13453824678517,-39.32159006510848,-44.98025682538063,-60.32321091793517,0,0,1
0,-56.03605807698568,-61.518282142491095,-82.38084417745318,-73.04674097312461,-77.28457542742191,0,0,1
0,-57.91798686409118,-62.815180066967734,-80.42204823239094,-77.31910739657802,-82.04460133380846,0,0,0
1,-54.26784185517041,-57.40164697908567,-37.362786376998265,-47.486251141595275,-55.079470059870715,1,1,1
1,-50.958268120632546,-53.83156825306706,-38.42743554906707,-44.24644818471896,-56.993437342012115,0,2,0
0,-55.87626665993804,-59.75231435604615,-70.31747638269906,-55.20198686432415,-73.50577367194803,0,0,1
0,-57.91798686409118,-62.815180066967734,-80.42204823239094,-77.31910739657802,-82.04460133380846,0,0,0
1,-54.26784185517041,-57.40164697908567,-37.362786376998265,-47.486251141595275,-55.079470059870715,1,1,1
1,-58.06629433521615,-60.67357371817596,-54.88953570401473,-38.16380192022897,-74.53315504642057,0,0,0
0,-57.91798686409118,-62.815180066967734,-80.42204823239094,-77.31910739657802,-82.04460133380846,0,0,0
1,-54.26784185517041,-57.40164697908567,-37.362786376998265,-47.486251141595275,-55.079470059870715,1,1,1
1,-58.06629433521615,-60.67357371817596,-54.88953570401473,-40.22789995303861,-74.53315504642057,0,0,0
0,-60.719530001357455,-64.0609644030961,-66.95021904273902,-54.88728934112742,-80.80459571417916,0,0,0
1,-63.35581947535229,-63.35581947535229,-45.67371865667096,-41.618677672800374,-77.05793507235357,0,0,0
1,-51.082721533157994,-53.993566791316645,-46.57322676923438,-45.94082837864396,-65.0546895639283,0,0,0
0,-53.07307792782775,-57.20758974028955,-75.87065020103032,-56.542136397782585,-72.36853708533712,0,0,1
0,-61.69790609840592,-67.36456756290869,-89.63517308065688,-87.58556696823297,-88.58845802260299,0,0,0
0,-54.807180363314025,-60.408750752453614,-117.26649425736525,-68.8499460299431,-84.49406719718304,0,2,0
1,-51.053404238746836,-55.21066534320085,-76.16335163405293,-41.744891384838795,-73.90240972896271,0,0,0
0,-51.385226338989355,-54.33626034649708,-64.51650166002275,-46.7799862553812,-67.27444093419646,0,0,1
1,-54.990350493697065,-57.856093993010575,-45.88012958492346,-37.37481031079258,-65.28865346637438,0,0,1
0,-61.69790609840592,-67.36456756290869,-89.63517308065688,-87.58556696823297,-88.58845802260299,0,0,0
0,-54.807180363314025,-60.408750752453614,-117.26649425736525,-68.8499460299431,-84.49406719718304,0,2,0
1,-51.053404238746836,-55.21066534320085,-76.16335163405293,-41.744891384838795,-73.90240972896271,0,0,0
0,-51.385226338989355,-54.33626034649708,-64.51650166002275,-46.7799862553812,-67.27444093419646,0,0,1
1,-54.990350493697065,-57.856093993010575,-45.88012958492346,-37.37481031079258,-65.28865346637438,0,0,1
0,-61.69790609840592,-67.36456756290869,-89.63517308065688,-87.58556696823297,-88.58845802260299,0,0,0
0,-56.92008141061729,-61.56520967576592,-65.76874749183061,-62.505656671953844,-73.18496975536675,0,1,0
1,-55.33093611060267,-57.90789363894889,-39.31889786603068,-49.22524895081501,-63.660869567612146,0,0,1
1,-54.990350493697065,-57.856093993010575,-45.88012958492346,-37.37481031079258,-65.28865346637438,0,0,1
0,-61.69790609840592,-67.36456756290869,-89.63517308065688,-87.58556696823297,-88.58845802260299,0,0,0
1,-56.607590498333444,-59.67241518737427,-46.57322676923438,-44.48932592055435,-58.15502528016376,1,2,1
1,-54.990350493697065,-57.856093993010575,-45.88012958492346,-37.37481031079258,-65.28865346637438,0,0,1
0,-60.01189387909946,-62.72015701221373,-91.73129727295917,-56.64835234464904,-87.5312830609872,0,0,0
1,-64.02739140834767,-64.02739140834767,-45.67371865667096,-40.51634792437021,-77.72950700534895,0,0,0
1,-54.092028456812876,-57.02050604449171,-46.57322676923438,-46.22117041384308,-57.66678877918402,1,1,1
0,-53.36136466195302,-57.153626118434865,-59.150924501430524,-55.466026420739766,-71.10664201238217,0,0,0
0,-56.94426278830213,-61.239994638428506,-88.73835716717127,-66.8700177262767,-83.56576993845351,0,0,0
1,-56.062172240648216,-59.15573272759351,-37.15937440495012,-45.439367931622286,-61.71692311879271,0,0,2
1,-55.89501404250534,-58.454707176906574,-45.67909531177862,-37.9927236820297,-69.59874263603892,0,0,0
0,-56.94426278830213,-61.239994638428506,-88.73835716717127,-66.8700177262767,-83.56576993845351,0,0,0
1,-56.062172240648216,-59.15573272759351,-37.15937440495012,-44.34115703344254,-61.71692311879271,0,0,2
1,-55.89501404250534,-58.454707176906574,-45.67909531177862,-37.9927236820297,-69.59874263603892,0,0,0
0,-60.45321250156359,-63.249742888728,-91.73129727295917,-57.853734769115114,-87.97260168345134,0,0,0
1,-62.975367254278716,-62.975367254278716,-45.67371865667096,-41.22823242082546,-76.67748285128,0,0,0
1,-50.4886781699517,-53.15620474704404,-40.006948210946135,-44.54225852454004,-46.01157830321389,2,2,2
0,-51.99436929951561,-55.72295731854058,-49.94048410919441,-56.036853866461854,-66.97651453227394,0,0,0
0,-56.196826327757336,-60.53746554280292,-84.18695913581065,-66.78675000143002,-81.45291406850053,0,0,0
1,-53.62888169614315,-56.53439307637066,-47.63787594130318,-44.86956514033441,-57.52303677013492,1,1,1
1,-56.19613943720199,-58.68576927490624,-36.468654919542494,-37.02491450279843,-63.67100001026501,0,0,1
0,-56.196826327757336,-60.53746554280292,-84.18695913581065,-61.391251479428895,-81.45291406850053,0,0,0
1,-53.62888169614315,-56.53439307637066,-47.63787594130318,-39.611522121951566,-57.52303677013492,1,1,1
1,-56.19613943720199,-58.68576927490624,-36.468654919542494,-37.02491450279843,-63.67100001026501,0,0,1
0,-59.749334061360805,-62.540166919435215,-73.31041648848695,-54.550733384937715,-81.74245900790689,0,0,0
1,-63.37910411943815,-63.37910411943815,-45.67371865667096,-37.840783346506825,-77.08121971643943,0,0,0
1,-52.05140653554636,-55.005359882752444,-55.7836671614705,-45.910438848808376,-58.38929897558833,1,1,1
0,-51.91804666950832,-55.77632045743462,-76.93263023260697,-56.87122938814991,-71.53209983649069,0,0,1
0,-56.17476801605517,-60.40130847431742,-86.08914849382793,-66.08634245756062,-82.00151256420355,0,0,0
1,-54.46542049078025,-57.53024517982107,-37.362786376998265,-44.95547174812489,-62.208520501079995,0,1,0
1,-54.996395263234035,-57.58590073801204,-27.258214527306382,-35.96995340908663,-59.70812371862622,0,1,0
0,-56.17476801605517,-60.40130847431742,-86.08914849382793,-66.08634245756062,-82.00151256420355,0,0,0
1,-54.46542049078025,-57.53024517982107,-37.362786376998265,-44.5709938328918,-62.208520501079995,0,1,0
1,-54.996395263234035,-57.58590073801204,-27.258214527306382,-35.96995340908663,-59.70812371862622,0,1,0
0,-59.95739837806206,-62.66566151117633,-73.31041648848694,-54.78760603565503,-81.95052332460814,0,0,0
1,-63.35938458422359,-63.35938458422359,-45.67371865667096,-40.42592915612773,-77.06150018122487,0,0,0
0,-50.743439291391425,-53.60139459250567,-75.26919711801152,-48.39491337678076,-69.85846252399516,0,1,0
0,-52.38714939765802,-56.70991897740333,-74.20724014502049,-47.402594033137134,-71.18358553836445,0,0,1
1,-50.52719217912626,-55.76043558364574,-57.74515530561057,-41.56585968945933,-67.85073877080943,0,0,0
0,-53.68019188987814,-59.26140104980444,-86.27060793977468,-51.00862380197707,-79.56137427181054,0,0,0
0,-56.10900901069065,-61.61383978684117,-58.63928676306634,-68.31448131189832,-73.70079503961055,0,0,0
0,-57.87883116846888,-63.64176839127865,-135.68737504183744,-67.03542958419077,-98.58504368102011,0,0,0
0,-58.789606319719454,-63.254189427737145,-85.37379202628904,-56.31426021617382,-80.93600802480644,0,1,0
1,-54.41082392845928,-57.29794771437669,-37.15937440495012,-46.13955150519629,-60.06557480660376,0,0,2
0,-50.743439291391425,-53.60139459250567,-75.26919711801152,-48.39491337678076,-69.85846252399516,0,1,0
1,-52.04232588958324,-56.10787908038741,-57.0493736652698,-53.08261539888653,-69.15713798916417,0,0,0
0,-55.72825781198931,-60.90965940610235,-76.16603609008278,-52.113182985571754,-75.11233273621443,0,0,1
0,-56.10900901069065,-61.61383978684117,-58.63928676306634,-68.31448131189832,-73.70079503961055,0,0,0
0,-57.87883116846888,-63.64176839127865,-135.68737504183744,-67.03542958419077,-98.58504368102011,0,0,0
0,-58.789606319719454,-63.254189427737145,-85.37379202628904,-56.31426021617382,-80.93600802480644,0,1,0
1,-54.41082392845928,-57.29794771437669,-37.15937440495012,-46.13955150519629,-60.06557480660376,0,0,2
0,-52.54649301634596,-55.37308802582942,-82.52352602121522,-47.44208206148594,-73.8378149199108,0,1,0
1,-53.19232411906711,-57.206035499464846,-55.7863593605483,-45.45923478556618,-69.9282319272316,0,0,0
0,-56.10900901069065,-61.61383978684117,-58.63928676306634,-68.31448131189832,-73.70079503961055,0,0,0
0,-57.87883116846888,-63.64176839127865,-135.68737504183744,-67.03542958419077,-98.58504368102011,0,0,0
0,-58.789606319719454,-63.254189427737145,-85.37379202628904,-56.31426021617382,-80.93600802480644,0,1,0
1,-54.41082392845928,-57.29794771437669,-37.15937440495012,-46.13955150519629,-60.06557480660376,0,0,2
1,-51.70019189678998,-54.47494509586699,-37.362786376998265,-44.9226933342285,-59.44329190708973,0,1,0
0,-55.217890467016474,-59.126785467583225,-40.73271285745045,-43.18724426733522,-63.971968421451884,0,0,1
0,-57.87883116846888,-63.64176839127865,-135.68737504183744,-67.03542958419077,-98.58504368102011,0,0,0
0,-58.789606319719454,-63.254189427737145,-85.37379202628904,-56.31426021617382,-80.93600802480644,0,1,0
1,-54.41082392845928,-57.29794771437669,-37.15937440495012,-46.13955150519629,-60.06557480660376,0,0,2
1,-55.86698561309804,-58.53692243234407,-46.57322676923438,-40.35972582832645,-66.37321774106863,0,0,1
0,-57.87883116846888,-63.64176839127865,-135.68737504183744,-67.03542958419077,-98.58504368102011,0,0,0
0,-58.789606319719454,-63.254189427737145,-85.37379202628904,-56.31426021617382,-80.93600802480644,0,1,0
1,-54.41082392845928,-57.29794771437669,-37.15937440495012,-46.13955150519629,-60.06557480660376,0,0,2
1,-55.86698561309804,-58.53692243234407,-46.57322676923438,-40.35972582832645,-66.37321774106863,0,0,1
0,-57.87883116846888,-63.64176839127865,-135.68737504183744,-67.03542958419077,-98.58504368102011,0,0,0
1,-59.41851937741843,-62.33329612846495,-36.47132406003466,-42.53002016964575,-59.96270888702965,1,1,1
1,-55.86698561309804,-58.53692243234407,-46.57322676923438,-40.35972582832645,-66.37321774106863,0,0,1
0,-60.23466833114958,-63.465326981999766,-92.62542873041495,-57.47396329396966,-88.02229695027407,0,0,0
1,-63.59993939784964,-63.59993939784964,-45.67371865667096,-37.94791188011001,-77.30205499485092,0,0,0
0,-53.13492768645921,-56.25604958646768,-100.4496747540292,-64.17048628290101,-83.26983011266796,0,0,0
1,-52.24880083073827,-56.33555836062373,-48.5320304573446,-41.31763776907345,-63.342674065141914,0,1,0
0,-52.869902654096556,-58.1303284378832,-117.26649425736525,-55.862669455675274,-84.58411502850642,0,0,1
0,-56.04631457364631,-61.388406601530974,-91.5912845696893,-74.48290868924629,-83.5236999445531,0,0,0
0,-58.88560222715348,-63.664669542418025,-80.42204823239092,-68.42697429715001,-83.01221669687075,0,0,0
1,-54.269068070353455,-57.325128056115545,-46.57322676923438,-44.29796779303791,-68.24103610112377,0,0,0
0,-56.47807973444825,-59.33226894225311,-127.87862137615572,-64.27405879440941,-94.84166614729497,0,0,0
1,-51.8397056061063,-55.87905213159444,-46.57591896831219,-46.45466298554557,-62.34674539380023,0,0,1
0,-56.04631457364631,-61.388406601530974,-91.5912845696893,-74.48290868924629,-83.5236999445531,0,0,0
0,-58.88560222715348,-63.664669542418025,-80.42204823239092,-68.42697429715001,-83.01221669687075,0,0,0
1,-54.269068070353455,-57.325128056115545,-46.57322676923438,-44.29796779303791,-68.24103610112377,0,0,0
1,-55.07245446069569,-57.87923266410322,-37.362786376998265,-46.03186860658809,-62.815554470995444,0,1,0
0,-56.65299177182028,-60.40387477122454,-65.76607835133845,-51.56053325624935,-72.9170793744221,0,0,1
0,-58.88560222715348,-63.664669542418025,-80.42204823239092,-68.42697429715001,-83.01221669687075,0,0,0
1,-54.269068070353455,-57.325128056115545,-46.57322676923438,-44.29796779303791,-68.24103610112377,0,0,0
1,-56.845367225893064,-59.363681903216715,-36.4686549195425,-37.12253069699306,-64.3202277989561,0,0,1
0,-58.88560222715348,-63.664669542418025,-80.42204823239092,-63.301970166826095,-83.01221669687075,0,0,0
1,-54.269068070353455,-57.325128056115545,-46.57322676923438,-44.29796779303791,-68.24103610112377,0,0,0
1,-56.845367225893064,-59.363681903216715,-36.4686549195425,-37.12253069699306,-64.3202277989561,0,0,1
0,-60.63482334875724,-63.901138250862104,-64.99410755370661,-54.6420622974642,-80.13305561486922,0,0,0
1,-63.59227070751035,-63.59227070751035,-37.1513286093503,-39.553231932462765,-74.73766929031544,0,0,0
1,-51.63481188062002,-54.49839442414927,-39.31889786603068,-44.78563011005156,-59.964745337629495,0,1,0
0,-55.63699277532076,-59.470407068635765,-65.76607835133845,-57.343416716236554,-75.3668162807223,0,0,0
0,-57.03559015887129,-61.201706740942214,-68.36136489366665,-67.87877500231708,-77.54399962697129,0,0,0
1,-53.956298614716424,-56.93654460498617,-39.11548589398253,-44.349310113884336,-60.19788293957063,0,0,2
1,-57.289936925713754,-59.88439303770804,-64.09997609625084,-43.16514088302076,-73.05419385178928,0,0,1
0,-57.03559015887129,-61.201706740942214,-68.36136489366665,-67.87877500231708,-77.54399962697129,0,0,0
1,-53.956298614716424,-56.93654460498617,-39.11548589398253,-44.349310113884336,-60.19788293957063,0,0,2
1,-57.289936925713754,-59.88439303770804,-64.09997609625084,-43.16514088302076,-73.05419385178928,0,0,1
0,-60.4851403195791,-63.152055438688066,-73.31041648848695,-56.34792478625452,-82.47826526612519,0,0,0
1,-62.42157411434511,-62.42157411434511,-54.88415904890707,-38.43494186691879,-78.88682182901724,0,0,0
1,-51.001560108102716,-53.85932768575242,-37.362786376998265,-44.62822199261778,-58.744660118402464,0,1,0
0,-54.96535214688261,-58.82362593480891,-76.93263023260697,-58.20094924882229,-78.0451412166647,0,0,0
0,-56.49858556540796,-60.818731543638926,-97.65609612638477,-73.80148738134099,-85.79541440332338,0,0,0
1,-54.94084402298305,-57.973480955553086,-39.31889786603068,-45.08442462014533,-63.270777479992525,0,1,0
1,-56.61829629727559,-59.2078017720536,-45.67909531177862,-42.20130509964572,-70.32202489080917,0,0,0
0,-56.49858556540796,-60.818731543638926,-97.65609612638477,-73.80148738134099,-85.79541440332338,0,0,0
1,-54.94084402298305,-57.973480955553086,-39.31889786603068,-45.08442462014533,-63.270777479992525,0,1,0
1,-56.61829629727559,-59.2078017720536,-45.67909531177862,-42.20130509964572,-70.32202489080917,0,0,0
0,-59.25750157602813,-62.05937022911112,-75.26652797751937,-59.014994590401066,-81.83745996928394,0,0,0
1,-62.54462901636243,-62.54462901636243,-45.67371865667096,-41.102210258867316,-76.24674461336372,0,0,0
0,-52.59224606835529,-55.84317981977398,-100.25130962137654,-78.92211833936183,-82.66763895476825,0,0,0
1,-52.45778441967554,-56.60602967729227,-38.430127748144876,-37.85557519468054,-63.986822744119,0,0,0
0,-55.899824258632194,-61.193871707635246,-99.67598014440695,-59.17218876963243,-85.80261830195428,0,0,0
0,-53.9693218624781,-59.85006946193794,-80.48746117372039,-72.31483987341488,-74.64982431179449,0,0,1
0,-54.42491785789733,-60.48420917649698,-90.52930453811265,-74.3115929084376,-81.58370921933113,0,0,0
1,-54.39327026963465,-60.156537644545686,-62.89798336140433,-48.5907921229204,-62.86545756965677,1,1,1
0,-56.89699981141883,-62.0099274465078,-124.7120147787871,-70.37669741098928,-94.31060424505495,0,0,0
0,-58.251905942960086,-62.91937748904637,-60.045055958886294,-56.842096557263915,-72.79968682782625,0,1,0
1,-54.48692668675053,-57.28883551117282,-36.47132406003466,-43.72191939603819,-55.03111619636175,1,1,1
0,-56.21247588458266,-59.128152820118785,-73.3130856289791,-63.67933100276486,-74.74066567047667,0,1,0
1,-54.51688003984849,-58.578611819462,-56.85100853261711,-49.480379422738054,-71.57218259963362,0,0,0
0,-53.9693218624781,-59.85006946193794,-80.48746117372039,-72.31483987341488,-74.64982431179449,0,0,1
0,-54.42491785789733,-60.48420917649698,-90.52930453811265,-76.9650233530876,-81.58370921933113,0,0,0
1,-54.39327026963465,-60.156537644545686,-62.89798336140433,-48.5907921229204,-62.86545756965677,1,1,1
0,-56.89699981141883,-62.0099274465078,-124.7120147787871,-70.37669741098928,-94.31060424505495,0,0,0
0,-58.251905942960086,-62.91937748904637,-60.045055958886294,-61.78481764198059,-72.79968682782625,0,1,0
1,-54.48692668675053,-57.28883551117282,-36.47132406003466,-43.72191939603819,-55.03111619636175,1,1,1
1,-54.879226262877104,-57.70838972041001,-48.52933825826679,-45.854792037909576,-65.97229183755742,0,1,0
0,-53.52184845801267,-57.71163111109645,-76.93529937309914,-56.270110295048106,-73.13670236714269,0,0,1
0,-54.42491785789733,-60.48420917649698,-90.52930453811265,-74.3115929084376,-81.58370921933113,0,0,0
1,-54.39327026963465,-60.156537644545686,-62.89798336140433,-52.08087847063028,-62.86545756965677,1,1,1
0,-56.89699981141883,-62.0099274465078,-124.7120147787871,-70.37669741098928,-94.31060424505495,0,0,0
0,-58.251905942960086,-62.91937748904637,-60.045055958886294,-56.842096557263915,-72.79968682782625,0,1,0
1,-54.48692668675053,-57.28883551117282,-36.47132406003466,-43.72191939603819,-55.03111619636175,1,1,1
1,-54.47028248266935,-57.42749681367252,-38.42743554906707,-38.60603334660789,-62.532777244589745,0,0,1
0,-54.42491785789733,-60.48420917649698,-90.52930453811265,-76.9650233530876,-81.58370921933113,0,0,0
1,-54.39327026963465,-60.156537644545686,-62.89798336140433,-48.5907921229204,-62.86545756965677,1,1,1
0,-56.89699981141883,-62.0099274465078,-124.7120147787871,-70.37669741098928,-94.31060424505495,0,0,0
0,-58.251905942960086,-62.91937748904637,-60.045055958886294,-61.78481764198059,-72.79968682782625,0,1,0
1,-54.48692668675053,-57.28883551117282,-36.47132406003466,-43.72191939603819,-55.03111619636175,1,1,1
1,-54.47028248266935,-57.42749681367252,-38.42743554906707,-38.60603334660789,-62.532777244589745,0,0,1
0,-57.06221596764311,-63.0682534905703,-76.16870523057496,-64.44965592247047,-79.9128275368156,0,0,0
0,-59.433007776937416,-65.08290310641411,-113.00779765902723,-66.93382832323425,-93.33534707464558,0,0,0
0,-58.251905942960086,-62.91937748904637,-60.045055958886294,-61.78481764198059,-72.79968682782625,0,1,0
1,-54.48692668675053,-57.28883551117282,-36.47132406003466,-43.72191939603819,-55.03111619636175,1,1,1
1,-54.47028248266935,-57.42749681367252,-38.42743554906707,-38.60603334660789,-62.532777244589745,0,0,1
0,-57.06221596764311,-63.0682534905703,-76.16870523057496,-64.44965592247047,-79.9128275368156,0,0,0
0,-59.433007776937416,-65.08290310641411,-113.00779765902723,-66.93382832323425,-93.33534707464558,0,0,0
1,-59.51341715777559,-62.681687240899905,-37.362786376998265,-43.9210769305955,-67.25651716807535,0,1,0
1,-54.47028248266935,-57.42749681367252,-38.42743554906707,-40.08606221620987,-62.532777244589745,0,0,1
0,-57.06221596764311,-63.0682534905703,-76.16870523057496,-64.44965592247047,-79.9128275368156,0,0,0
0,-59.38654518400243,-62.476747379077885,-75.26919711801155,-63.51868290848644,-81.9673043194059,0,0,0
1,-62.797444769480556,-65.47050994931614,-36.47132406003466,-49.736982919269316,-73.73884198749096,0,0,0
0,-59.38654518400243,-62.476747379077885,-75.26919711801155,-63.51868290848644,-81.9673043194059,0,0,0
1,-60.609098912761155,-60.609098912761155,-64.09459944114319,-47.45966345398628,-79.83747874510411,0,0,0
1,-52.663984404652375,-55.30103317364823,-36.47132406003466,-46.13582825303568,-60.13964571986305,0,0,1
0,-52.942076124923574,-56.57515779980332,-38.1347571746301,-49.471640038332296,-64.38250327731261,0,0,0
0,-56.88463778959824,-61.058280948490086,-86.78224567813885,-67.9866696512717,-82.91931149303988,0,0,0
1,-55.450251766078935,-58.2965017880776,-38.050836721913726,-44.68381594325504,-63.399766879853324,0,0,1
1,-55.73549986110859,-58.16828245463526,-39.11281675349037,-35.038247901922325,-61.97628344381515,0,0,2
0,-56.88463778959824,-61.058280948490086,-86.78224567813885,-67.9866696512717,-82.91931149303988,0,0,0
1,-55.450251766078935,-58.2965017880776,-38.050836721913726,-44.68381594325504,-63.399766879853324,0,0,1
1,-55.73549986110859,-58.16828245463526,-39.11281675349037,-35.038247901922325,-61.97628344381515,0,0,2
0,-59.08580372191537,-61.746694467647536,-73.31041648848694,-54.06804274634055,-81.07892866846144,0,0,0
1,-63.363258233332274,-63.363258233332274,-45.67371865667096,-38.63240420433993,-77.06537383033356,0,0,0
1,-52.709597646720894,-55.70330563623883,-45.68176445227078,-48.690169951161174,-56.016919274002944,1,1,1
0,-51.07943317393579,-54.9469824692449,-66.66020980879422,-54.69151815594002,-67.61176021377433,0,0,1
0,-57.577011616579625,-62.886250379465466,-112.11366620157146,-66.1168588422196,-91.21111147705106,0,0,0
0,-60.03936583825921,-64.63193489747553,-70.32014552319121,-62.356853534179365,-77.66967359241686,0,1,0
1,-54.6131847102668,-57.60702559630582,-46.57322676923438,-48.93890324766086,-65.1194168382374,0,1,0
1,-53.63914949763952,-56.30639971159555,-39.313826029448094,-34.82520855243371,-65.43329730647395,0,0,0
0,-57.577011616579625,-62.886250379465466,-112.11366620157146,-66.1168588422196,-91.21111147705106,0,0,0
0,-60.03936583825921,-64.63193489747553,-70.32014552319121,-62.356853534179365,-77.66967359241686,0,1,0
1,-54.6131847102668,-57.60702559630582,-46.57322676923438,-48.93890324766086,-65.1194168382374,0,1,0
1,-53.63914949763952,-56.30639971159555,-39.313826029448094,-34.82520855243371,-65.43329730647395,0,0,0
0,-57.577011616579625,-62.886250379465466,-112.11366620157146,-66.1168588422196,-91.21111147705106,0,0,0
1,-60.74294323442157,-63.817234968489906,-29.216995156830954,-38.407580108825236,-66.04230587867113,0,1,0
1,-53.63914949763952,-56.30639971159555,-39.313826029448094,-34.82520855243371,-65.43329730647395,0,0,0
0,-59.52594394445207,-62.280440210152946,-100.94173766519529,-55.544104271291886,-89.80846524401065,0,0,0
1,-62.486262590913604,-62.486262590913604,-45.67371865667096,-46.27943182461634,-72.72264228511517,0,1,0
