is_gold,cnt_root_lp,sum_root_lp,sum_leaf_lp,sum_bl_lp,cur_score,chunk_pool_match,L_trans,R_trans
0,-99.8107510643436,-102.74442009028037,-131.43428962357567,-97.18768680572161,-135.77530204861657,0,1,0
1,-71.81916071462311,-76.22272598946007,-50.845603401834026,-52.984375112347614,-83.60710583237359,0,0,1
0,-68.32855790095218,-73.63545315743332,-127.31828915629914,-99.0778498000469,-106.52404464784192,0,0,0
0,-60.42480058168423,-65.59721180327553,-98.85660130807686,-69.5931030024947,-90.08178097410729,0,0,0
0,-65.04442872342632,-69.7345069599733,-98.85391685204699,-70.14592373616594,-94.70060377904042,0,0,0
1,-65.62975746327155,-68.77947097634089,-65.00509538889044,-69.41947690568759,-74.7340783715395,1,1,1
0,-72.94064184058958,-75.93866356967017,-101.84685695783489,-88.71938817958885,-100.02896302514033,0,1,0
1,-62.55709210689028,-66.96727482512074,-52.801714890866435,-56.99832655359854,-78.39760657415022,0,0,0
0,-60.42480058168423,-65.59721180327553,-98.85660130807686,-70.55952260936922,-90.08178097410729,0,0,0
0,-65.04442872342632,-69.7345069599733,-98.85391685204699,-79.3021629188028,-94.70060377904042,0,0,0
1,-65.62975746327155,-68.77947097634089,-65.00509538889044,-69.41947690568759,-74.7340783715395,1,1,1
1,-58.3559943354216,-61.360633507895685,-38.4384233842509,-44.60616454837954,-66.42178544789715,0,1,0
0,-62.0664246059123,-65.93746044237436,-88.74934500235511,-61.24424023169995,-88.69122810661884,0,0,0
0,-65.04442872342632,-69.7345069599733,-98.85391685204699,-70.14592373616594,-94.70060377904042,0,0,0
1,-65.62975746327155,-68.77947097634089,-65.00509538889044,-69.41947690568759,-74.7340783715395,1,1,1
1,-65.12732180905174,-67.59281409975742,-73.32140432367078,-43.677286153006605,-83.65800720335325,0,0,1
0,-65.04442872342632,-69.7345069599733,-98.85391685204699,-70.14592373616594,-94.70060377904042,0,0,0
1,-65.62975746327155,-68.77947097634089,-65.00509538889044,-69.41947690568759,-74.7340783715395,1,1,1
1,-65.12732180905174,-67.59281409975742,-73.32140432367078,-42.40114603014027,-83.65800720335325,0,0,1
0,-67.11555894702096,-70.14835282560955,-64.11363307192686,-56.90967198582527,-86.34964886859902,0,0,0
1,-67.2354287798849,-67.2354287798849,-45.6847064918548,-43.927372136344474,-80.94084072744134,0,0,0
1,-58.77326319977338,-61.84286124433963,-47.068408938470625,-49.227786368646456,-72.89378588131457,0,0,0
0,-64.23874723636457,-68.57581843524227,-84.49331754450928,-74.29519526733978,-89.58674249971736,0,0,0
0,-60.24912136939076,-65.24964462114855,-142.05856032276924,-74.9265160406612,-102.86668946622153,0,0,0
0,-61.15635781346237,-65.85075325998251,-77.83774952524656,-59.977583274465275,-81.04194676823661,0,1,0
1,-66.28214588876016,-69.43128106810089,-37.3737742121821,-59.240519702900016,-67.0970704440156,1,1,1
1,-67.79886779462895,-70.73039544775027,-66.96120687792285,-60.03933990043116,-87.8872298580058,0,0,0
0,-60.24912136939076,-65.24964462114855,-142.05856032276924,-74.9265160406612,-102.86668946622153,0,0,0
0,-61.15635781346237,-65.85075325998251,-77.83774952524656,-59.977583274465275,-81.04194676823661,0,1,0
1,-66.28214588876016,-69.43128106810089,-37.3737742121821,-59.240519702900016,-67.0970704440156,1,1,1
1,-67.79886779462895,-70.73039544775027,-66.96120687792285,-60.03933990043116,-87.8872298580058,0,0,0
0,-60.24912136939076,-65.24964462114855,-142.05856032276924,-74.9265160406612,-102.86668946622153,0,0,0
1,-70.03330918762265,-73.11205842527757,-66.96120687792286,-49.51641434580603,-90.12167125099951,0,0,0
1,-67.79886779462895,-70.73039544775027,-66.96120687792285,-60.03933990043116,-87.8872298580058,0,0,0
0,-68.60348066506471,-71.19593986598836,-93.69839659717543,-79.82039308326145,-96.71299964421733,0,0,0
1,-64.93740130226917,-64.93740130226917,-54.89514688409093,-44.93284212069954,-81.40594536749644,0,0,0
1,-57.799643608439546,-60.770553819011226,-27.26133378537656,-48.05254730647988,-60.48498230071196,0,0,2
0,-63.179609090584215,-67.02541425398985,-79.538904610119,-62.6914283978019,-87.04128047361992,0,0,0
0,-68.20432891707345,-72.38212203758039,-107.17022578682733,-69.67301612043103,-100.35539665312166,0,0,0
1,-70.65455903738916,-73.73423814423688,-57.75076648568674,-59.10910070294143,-84.51405308029545,0,0,1
1,-67.96731849245501,-70.40758011010428,-65.37397823615619,-47.72416606178276,-87.57951196330187,0,0,0
0,-68.20432891707345,-72.38212203758039,-107.17022578682733,-72.38811322104561,-100.35539665312166,0,0,0
1,-70.65455903738916,-73.73423814423688,-57.75076648568674,-59.10910070294143,-84.51405308029545,0,0,1
1,-67.96731849245501,-70.40758011010428,-65.37397823615619,-47.72416606178276,-87.57951196330187,0,0,0
0,-71.84937765585886,-74.41152456750058,-73.32140432367079,-56.55227530785093,-93.8457989529601,0,0,0
1,-71.08779009120052,-71.08779009120052,-54.89514688409092,-48.33144442514831,-87.5563341564278,0,0,0
1,-59.147920712740365,-62.13816149377429,-57.75076648568675,-49.61613512666573,-70.98008921510583,0,0,2
0,-62.47455751142748,-66.29774562765292,-97.95978539459124,-65.84508295049449,-91.86249312980485,0,0,0
0,-67.58415901096944,-71.75903949789756,-116.38066617906347,-69.88183424674965,-102.49835886468848,0,0,0
1,-67.3078433131852,-70.41126268653356,-76.17164727015896,-57.71044992782232,-90.15933749423289,0,0,0
1,-65.4208043250481,-67.87002211363067,-63.41786674712376,-45.84095602366731,-80.9804284463855,0,1,0
0,-67.58415901096944,-71.75903949789756,-116.38066617906347,-69.88183424674965,-102.49835886468848,0,0,0
1,-67.3078433131852,-70.41126268653356,-76.17164727015896,-57.71044992782232,-90.15933749423289,0,0,0
1,-65.4208043250481,-67.87002211363067,-63.41786674712376,-45.84095602366731,-80.9804284463855,0,1,0
0,-72.33974313065202,-74.9203076471741,-82.53184471590689,-58.77008940986726,-97.0992965454241,0,0,0
1,-72.06390476327323,-72.06390476327323,-54.89514688409092,-51.76299002323348,-88.5324488285005,0,0,0
1,-62.2923119167443,-65.19095432433178,-45.692752287454624,-55.30902096688392,-72.53440170018096,0,0,1
0,-66.47292048467308,-70.5860146186472,-86.79590265381488,-77.85010908090878,-92.51169128081754,0,0,0
0,-69.31213231311463,-74.89117273067994,-128.50409331862508,-82.94202182268634,-107.86336030870216,0,0,0
0,-66.46809069601146,-72.71219227445143,-98.85927044856899,-67.70090068218924,-92.66013592778243,0,1,0
0,-72.61568065580126,-78.26934149908139,-79.02726687175479,-84.21181307469658,-92.85812481452797,0,1,0
0,-62.21942708404921,-67.69473407988414,-85.38746431750275,-57.580969720551096,-87.83566637930004,0,0,0
0,-65.21521425534199,-69.91380514681187,-78.47692457854235,-74.86751999796832,-85.29255572610498,0,1,0
1,-61.89931965276237,-65.07264770035538,-64.11363307192684,-50.47154442369056,-81.13340957434042,0,0,0
1,-64.09817223167545,-66.99638715926577,-55.79465499665433,-51.04655912935725,-77.37083282787202,0,0,1
0,-69.31213231311463,-74.89117273067994,-128.50409331862508,-82.94202182268634,-107.86336030870216,0,0,0
0,-66.46809069601146,-72.71219227445143,-98.85927044856899,-69.85181598276874,-92.66013592778243,0,1,0
0,-72.61568065580126,-78.26934149908139,-79.02726687175479,-95.23488014963024,-92.85812481452797,0,1,0
0,-62.21942708404921,-67.69473407988414,-85.38746431750275,-57.580969720551096,-87.83566637930004,0,0,0
0,-65.21521425534199,-69.91380514681187,-78.47692457854235,-74.86751999796832,-85.29255572610498,0,1,0
1,-61.89931965276237,-65.07264770035538,-64.11363307192684,-50.47154442369056,-81.13340957434042,0,0,0
1,-64.09817223167545,-66.99638715926577,-55.79465499665433,-51.04655912935725,-77.37083282787202,0,0,1
0,-69.31213231311463,-74.89117273067994,-128.50409331862508,-82.94202182268634,-107.86336030870216,0,0,0
0,-66.46809069601146,-72.71219227445143,-98.85927044856899,-67.70090068218924,-92.66013592778243,0,1,0
0,-72.61568065580126,-78.26934149908139,-79.02726687175479,-84.21181307469658,-92.85812481452797,0,1,0
0,-62.21942708404921,-67.69473407988414,-85.38746431750275,-57.580969720551096,-87.83566637930004,0,0,0
1,-66.59602832895513,-69.70030325001896,-55.794654996654344,-53.834633972670346,-79.86868892515172,0,1,0
1,-64.09817223167545,-66.99638715926577,-55.79465499665433,-51.04655912935725,-77.37083282787202,0,0,1
0,-69.31213231311463,-74.89117273067994,-128.50409331862508,-91.47859656090077,-107.86336030870216,0,0,0
0,-66.46809069601146,-72.71219227445143,-98.85927044856899,-84.04487846536378,-92.66013592778243,0,1,0
0,-72.61568065580126,-78.26934149908139,-79.02726687175479,-95.23488014963024,-92.85812481452797,0,1,0
1,-68.14702544777028,-71.17311465502263,-66.06974456095926,-74.45051703686596,-77.57074110765888,1,1,1
1,-64.09817223167545,-66.99638715926577,-55.79465499665433,-51.04655912935725,-77.37083282787202,0,0,1
0,-69.31213231311463,-74.89117273067994,-128.50409331862508,-91.47859656090077,-107.86336030870216,0,0,0
0,-66.46809069601146,-72.71219227445143,-98.85927044856899,-68.89608203099772,-92.66013592778243,0,1,0
1,-74.56173140541591,-77.28220808154288,-75.28018495319536,-69.59053485613995,-93.68005098857479,0,1,0
1,-64.09817223167545,-66.99638715926577,-55.79465499665433,-51.04655912935725,-77.37083282787202,0,0,1
0,-69.31213231311463,-74.89117273067994,-128.50409331862508,-82.94202182268634,-107.86336030870216,0,0,0
1,-79.87672084053338,-82.88325764587658,-76.17164727015894,-77.23308564254913,-99.26247911878134,0,1,0
1,-64.09817223167545,-66.99638715926577,-55.79465499665433,-51.04655912935725,-77.37083282787202,0,0,1
0,-66.99267567985947,-69.51002192764537,-91.74228510814302,-67.43485396878143,-94.51536121230238,0,0,0
1,-67.6334750098298,-67.6334750098298,-64.10558727632703,-46.48962299508051,-86.86515119272791,0,0,0
0,-62.87930888346969,-66.0181322079549,-80.45522230346631,-71.54732772406462,-83.55013967170986,0,1,0
0,-72.71209183180619,-76.77843595363078,-93.41105650372279,-91.13483816868063,-100.73540878292303,0,0,0
0,-58.70505751341792,-64.00952620943895,-116.58438490823816,-58.06117421921641,-90.21463708308964,0,0,1
0,-62.13527784321749,-68.14558264542653,-100.8153819376014,-82.6648697505169,-88.91415652169819,0,1,0
1,-58.31566661132197,-64.47828198574155,-80.43838966409677,-54.618238784091616,-82.447183510551,0,0,0
0,-59.14538876406254,-64.19117503089257,-124.78306195877842,-68.00552129278918,-96.58030735169606,0,0,0
0,-62.60266438562199,-67.1817161907792,-114.42722383052322,-84.77715055533511,-96.93083153477895,0,0,0
1,-63.0952499038838,-66.10568077215224,-66.96120687792285,-54.855905344227814,-70.75907871832064,1,2,1
0,-62.87930888346969,-66.0181322079549,-80.45522230346631,-71.54732772406462,-83.55013967170986,0,1,0
0,-72.71209183180619,-76.77843595363078,-93.41105650372279,-77.25427389108147,-100.73540878292303,0,0,0
0,-58.70505751341792,-64.00952620943895,-116.58438490823816,-58.06117421921641,-90.21463708308964,0,0,1
1,-60.92730635497712,-66.97835619207788,-99.7507327655326,-63.998043919258606,-90.8525261846369,0,0,0
0,-61.073556863047024,-66.70793606854444,-117.27748209254909,-59.48585194092896,-96.25680149081175,0,0,0
0,-62.60266438562199,-67.1817161907792,-114.42722383052322,-79.34214930926098,-96.93083153477895,0,0,0
1,-63.0952499038838,-66.10568077215224,-66.96120687792285,-54.855905344227814,-70.75907871832064,1,2,1
0,-62.87930888346969,-66.0181322079549,-80.45522230346631,-71.54732772406462,-83.55013967170986,0,1,0
0,-72.71209183180619,-76.77843595363078,-93.41105650372279,-77.25427389108147,-100.73540878292303,0,0,0
1,-63.48745745335515,-69.01723982263925,-70.53218294705759,-74.60432067105575,-81.1813764346727,0,1,0
0,-63.07550577143367,-68.59831943961227,-103.80834510197498,-82.93458406108236,-94.21800930202616,0,0,0
0,-62.60266438562199,-67.1817161907792,-114.42722383052322,-78.8465869309313,-96.93083153477895,0,0,0
1,-63.0952499038838,-66.10568077215224,-66.96120687792285,-54.855905344227814,-70.75907871832064,1,2,1
0,-62.87930888346969,-66.0181322079549,-80.45522230346631,-71.54732772406462,-83.55013967170986,0,1,0
1,-70.45294951503703,-74.65839258583662,-75.28287715227316,-79.18746895489964,-93.03781266071898,0,0,0
0,-63.0367073594146,-68.03825355977655,-75.28289246781085,-50.35070335035573,-85.62157509975785,0,0,0
0,-62.60266438562199,-67.1817161907792,-114.42722383052322,-85.27271293366479,-96.93083153477895,0,0,0
1,-63.0952499038838,-66.10568077215224,-66.96120687792285,-54.855905344227814,-70.75907871832064,1,2,1
1,-62.22741589459746,-65.21797975901325,-63.9904530080265,-55.470815944598954,-71.02734408860624,1,1,1
0,-62.46181066199358,-66.13901756387101,-82.53453691498471,-47.602441786710315,-87.222171736489,0,0,0
0,-62.60266438562199,-67.1817161907792,-114.42722383052322,-79.14473413157401,-96.93083153477895,0,0,0
1,-63.0952499038838,-66.10568077215224,-66.96120687792285,-54.855905344227814,-70.75907871832064,1,2,1
1,-65.85508926085166,-68.31741695634528,-82.53184471590689,-47.20784963332633,-90.61464267562371,0,0,0
0,-62.60266438562199,-67.1817161907792,-114.42722383052322,-84.77715055533511,-96.93083153477895,0,0,0
1,-63.0952499038838,-66.10568077215224,-66.96120687792285,-54.855905344227814,-70.75907871832064,1,2,1
1,-65.85508926085166,-68.31741695634528,-82.53184471590689,-47.20784963332633,-90.61464267562371,0,0,0
0,-68.51424444865157,-71.44771593521092,-101.8468569578349,-70.48202405481531,-99.06830153600204,0,0,0
1,-72.79954812485862,-72.79954812485862,-64.10558727632704,-51.93867411736479,-92.03122430775673,0,0,0
1,-59.68135941138596,-62.632221621491524,-46.58421460441822,-61.549711296938504,-70.1908878899117,0,0,1
0,-62.40094166866535,-66.55333804261483,-107.17289492731952,-64.47200834481795,-94.55281014686119,0,0,0
0,-66.77203804663264,-72.20553310121709,-99.6869679795908,-72.36345800810041,-96.67812844050988,0,0,0
0,-63.347225860031514,-69.25399241026521,-79.02726687175482,-59.34926654146675,-83.58967001875824,0,1,0
0,-69.16278360404678,-74.92532985075782,-78.13580455479119,-86.33211141936158,-92.60352497048413,0,0,0
0,-58.33880407217813,-64.28799835749113,-107.37661365649423,-58.00987419570701,-90.5517881691264,0,0,0
0,-58.38319614361047,-63.078391609031,-113.01878549421109,-73.17129744131383,-88.82309588907408,0,1,0
0,-61.79039642842574,-66.38575855808915,-83.88798427152352,-60.21548871445303,-86.9567917098828,0,0,0
1,-64.45467307043238,-67.48807150884616,-64.11363307192684,-54.999529029253864,-80.2230270892107,0,0,1
1,-62.849374379385885,-65.59622720757899,-57.057669301375824,-43.938410439159654,-79.96667516979863,0,0,0
0,-66.77203804663264,-72.20553310121709,-99.6869679795908,-72.36345800810041,-96.67812844050988,0,0,0
0,-63.347225860031514,-69.25399241026521,-79.02726687175482,-59.34926654146675,-83.58967001875824,0,1,0
0,-69.16278360404678,-74.92532985075782,-78.13580455479119,-77.15220639766979,-92.60352497048413,0,0,0
0,-58.33880407217813,-64.28799835749113,-107.37661365649423,-58.925302368088,-90.5517881691264,0,0,0
0,-58.38319614361047,-63.078391609031,-113.01878549421109,-68.50304418362711,-88.82309588907408,0,1,0
0,-61.79039642842574,-66.38575855808915,-83.88798427152352,-60.21548871445303,-86.9567917098828,0,0,0
1,-64.45467307043238,-67.48807150884616,-64.11363307192684,-54.999529029253864,-80.2230270892107,0,0,1
1,-62.849374379385885,-65.59622720757899,-57.057669301375824,-43.938410439159654,-79.96667516979863,0,0,0
0,-66.77203804663264,-72.20553310121709,-99.6869679795908,-74.72061697977935,-96.67812844050988,0,0,0
0,-63.347225860031514,-69.25399241026521,-79.02726687175482,-59.34926654146675,-83.58967001875824,0,1,0
0,-69.16278360404678,-74.92532985075782,-78.13580455479119,-77.15220639766979,-92.60352497048413,0,0,0
0,-58.33880407217813,-64.28799835749113,-107.37661365649423,-58.00987419570701,-90.5517881691264,0,0,0
0,-58.38319614361047,-63.078391609031,-113.01878549421109,-73.17129744131383,-88.82309588907408,0,1,0
1,-66.59205145324789,-69.53012922495292,-45.692752287454624,-46.45341896519518,-76.83414123668456,0,1,0
1,-62.849374379385885,-65.59622720757899,-57.057669301375824,-43.938410439159654,-79.96667516979863,0,0,0
0,-66.77203804663264,-72.20553310121709,-99.6869679795908,-74.72061697977935,-96.67812844050988,0,0,0
0,-63.347225860031514,-69.25399241026521,-79.02726687175482,-59.34926654146675,-83.58967001875824,0,1,0
0,-69.16278360404678,-74.92532985075782,-78.13580455479119,-77.15220639766979,-92.60352497048413,0,0,0
0,-58.33880407217813,-64.28799835749113,-107.37661365649423,-58.00987419570701,-90.5517881691264,0,0,0
1,-64.93788948040492,-67.38327330022013,-117.78299774723806,-79.13149771940054,-100.27278880457634,0,0,0
1,-62.849374379385885,-65.59622720757899,-57.057669301375824,-43.938410439159654,-79.96667516979863,0,0,0
0,-66.77203804663264,-72.20553310121709,-99.6869679795908,-74.72061697977935,-96.67812844050988,0,0,0
0,-63.347225860031514,-69.25399241026521,-79.02726687175482,-59.34926654146675,-83.58967001875824,0,1,0
0,-69.16278360404678,-74.92532985075782,-78.13580455479119,-77.15220639766979,-92.60352497048413,0,0,0
1,-62.83610789952764,-65.90919113235512,-63.21345257813229,-58.103917142943345,-78.3344077701676,0,1,0
1,-62.849374379385885,-65.59622720757899,-57.057669301375824,-43.938410439159654,-79.96667516979863,0,0,0
0,-66.77203804663264,-72.20553310121709,-99.6869679795908,-74.72061697977935,-96.67812844050988,0,0,0
0,-63.347225860031514,-69.25399241026521,-79.02726687175482,-59.34926654146675,-83.58967001875824,0,1,0
1,-71.96510644565222,-74.73295885870694,-66.96120687792285,-68.8337483678492,-92.05346850902907,0,0,0
1,-62.849374379385885,-65.59622720757899,-57.057669301375824,-43.938410439159654,-79.96667516979863,0,0,0
0,-66.77203804663264,-72.20553310121709,-99.6869679795908,-74.72061697977935,-96.67812844050988,0,0,0
1,-73.19983514606211,-76.3276499706464,-66.96120687792288,-68.80914410192491,-89.82246130663925,0,1,0
1,-62.849374379385885,-65.59622720757899,-57.057669301375824,-43.938410439159654,-79.96667516979863,0,0,0
0,-73.61916347432397,-76.26185790157247,-93.69839659717545,-71.51059873309354,-101.72868245347661,0,0,0
1,-75.76020725886039,-75.76020725886039,-73.31602766856311,-59.63068845277573,-97.75501555942932,0,0,0
0,-100.17305032654524,-103.11686103381079,-101.84685695783489,-110.47549585118921,-130.7271074138957,0,0,0
1,-75.40557099970164,-79.84663180511393,-62.01215528310255,-58.459651688655626,-90.54348168183269,0,0,1
0,-79.3519165001646,-84.71434974238922,-126.4879224847852,-98.3814432202399,-113.83255734280044,0,1,0
0,-57.94842383115573,-63.570910789771304,-113.02145463470328,-79.82934705252622,-91.85486022156671,0,0,0
0,-59.397547444860656,-64.93460140689808,-113.01878549421109,-75.91961327242217,-93.30318309312398,0,0,0
0,-61.51089184697757,-66.2798199850672,-88.75201414284727,-64.17985466965374,-84.67076018703203,0,1,0
1,-61.28838531900425,-64.43997995987226,-55.79465499665434,-51.40023170656334,-78.02678181800056,0,0,0
0,-76.48570582379803,-79.55279630156747,-113.01340883910342,-94.66475544904546,-110.38972847552905,0,0,0
1,-64.85269680943111,-69.30079236982615,-69.26648418630623,-60.28134491640311,-85.63264206532298,0,0,0
0,-57.94842383115573,-63.570910789771304,-113.02145463470328,-78.28512537346377,-91.85486022156671,0,0,0
0,-59.397547444860656,-64.93460140689808,-113.01878549421109,-75.91961327242217,-93.30318309312398,0,0,0
0,-61.51089184697757,-66.2798199850672,-88.75201414284727,-64.63243059358417,-84.67076018703203,0,1,0
1,-61.28838531900425,-64.43997995987226,-55.79465499665434,-51.40023170656334,-78.02678181800056,0,0,0
1,-64.5531421325688,-67.62726736532098,-55.79465499665434,-52.202145919383014,-77.82580272876537,0,0,1
0,-61.18575492176723,-65.48403053685676,-85.38477986147288,-62.30075347393626,-86.80118888020908,0,0,0
0,-59.397547444860656,-64.93460140689808,-113.01878549421109,-72.88432958727472,-93.30318309312398,0,0,0
0,-61.51089184697757,-66.2798199850672,-88.75201414284727,-64.63243059358417,-84.67076018703203,0,1,0
1,-61.28838531900425,-64.43997995987226,-55.79465499665434,-51.40023170656334,-78.02678181800056,0,0,0
1,-64.43599480103954,-67.36030008848621,-57.75076648568675,-45.52808312671757,-71.36401703834639,1,1,1
0,-59.397547444860656,-64.93460140689808,-113.01878549421109,-75.91961327242217,-93.30318309312398,0,0,0
0,-61.51089184697757,-66.2798199850672,-88.75201414284727,-64.17985466965374,-84.67076018703203,0,1,0
1,-61.28838531900425,-64.43997995987226,-55.79465499665434,-51.40023170656334,-78.02678181800056,0,0,0
1,-64.43599480103954,-67.36030008848621,-57.75076648568675,-43.72548859701606,-71.36401703834639,1,1,1
0,-59.397547444860656,-64.93460140689808,-113.01878549421109,-75.91961327242217,-93.30318309312398,0,0,0
1,-64.78643605923224,-67.94573490534223,-39.32988570121451,-46.62969624240685,-73.11966586679688,0,1,0
1,-64.43599480103954,-67.36030008848621,-57.75076648568675,-45.52808312671757,-71.36401703834639,1,1,1
0,-70.23496644143906,-73.30652811277079,-112.12194652213982,-82.46451621062444,-103.871550398081,0,0,0
1,-66.98535915995743,-66.98535915995743,-64.10558727632703,-42.9273818497722,-86.21703534285554,0,0,0
0,-102.77644153326692,-105.7194923634684,-100.95539464087129,-114.5857524661474,-133.0630599255283,0,0,0
1,-73.26042820447991,-77.57884081959227,-59.16458147710652,-57.05124796479335,-87.54406674481214,0,0,1
0,-61.02222265796981,-66.24918267028521,-133.39577776771574,-84.75916137989348,-101.04095598828454,0,0,0
0,-56.576557922105444,-62.06214703687968,-110.91728464680114,-65.37767241646819,-89.85174331614579,0,0,0
0,-64.05083096483514,-69.77568572219813,-108.06971084080513,-73.4219175487577,-96.47174421707669,0,0,0
0,-90.62915087197374,-96.46976989446311,-97.44814765622704,-85.62887854233851,-119.86359516884184,0,0,0
0,-139.6657397669565,-144.83234379283755,-122.22922588644721,-117.25059639547699,-176.33450753289065,0,0,0
1,-87.36193477459372,-91.75761597483486,-66.96389907700066,-72.83862494049687,-107.45110449769392,0,0,0
0,-91.07730810703106,-93.78304779155964,-111.05729735007102,-108.79749633004403,-124.39449731205237,0,0,0
0,-68.7130684051766,-71.65751069264611,-93.7010657376676,-75.35240278819032,-96.82338812647689,0,0,0
1,-59.53857339515797,-63.84501008229337,-57.75345868476455,-48.49778199332123,-76.86461100058733,0,0,0
0,-56.576557922105444,-62.06214703687968,-110.91728464680114,-65.37767241646819,-89.85174331614579,0,0,0
0,-64.05083096483514,-69.77568572219813,-108.06971084080513,-73.4219175487577,-96.47174421707669,0,0,0
0,-90.62915087197374,-96.46976989446311,-97.44814765622704,-85.62887854233851,-119.86359516884184,0,0,0
0,-139.6657397669565,-144.83234379283755,-122.22922588644721,-117.45068066618865,-176.33450753289065,0,0,0
1,-87.36193477459372,-91.75761597483486,-66.96389907700066,-72.83862494049687,-107.45110449769392,0,0,0
0,-91.07730810703106,-93.78304779155964,-111.05729735007102,-106.66342974428697,-124.39449731205237,0,0,0
1,-60.9030235122584,-63.83548987175094,-55.794654996654344,-47.76958460410297,-77.6414200112547,0,0,0
0,-61.624592196941045,-65.77627021694644,-71.22259567533865,-60.02356541855153,-79.52563499674292,0,0,1
0,-64.05083096483514,-69.77568572219813,-108.06971084080513,-73.4219175487577,-96.47174421707669,0,0,0
0,-90.62915087197374,-96.46976989446311,-97.44814765622704,-85.62887854233851,-119.86359516884184,0,0,0
0,-139.6657397669565,-144.83234379283755,-122.22922588644721,-117.25059639547699,-176.33450753289065,0,0,0
1,-87.36193477459372,-91.75761597483486,-66.96389907700066,-71.43384805808118,-107.45110449769392,0,0,0
0,-91.07730810703106,-93.78304779155964,-111.05729735007102,-106.66342974428697,-124.39449731205237,0,0,0
1,-62.93551635403297,-65.71322404639551,-73.32407346416296,-41.58240874491713,-81.46700249048213,0,1,0
0,-64.05083096483514,-69.77568572219813,-108.06971084080513,-73.4219175487577,-96.47174421707669,0,0,0
0,-90.62915087197374,-96.46976989446311,-97.44814765622704,-85.62887854233851,-119.86359516884184,0,0,0
0,-139.6657397669565,-144.83234379283755,-122.22922588644721,-117.25059639547699,-176.33450753289065,0,0,0
1,-87.36193477459372,-91.75761597483486,-66.96389907700066,-71.43384805808118,-107.45110449769392,0,0,0
0,-91.07730810703106,-93.78304779155964,-111.05729735007102,-108.79749633004403,-124.39449731205237,0,0,0
1,-62.93551635403297,-65.71322404639551,-73.32407346416296,-41.58240874491713,-81.46700249048213,0,1,0
0,-64.05083096483514,-69.77568572219813,-108.06971084080513,-73.4219175487577,-96.47174421707669,0,0,0
0,-90.62915087197374,-96.46976989446311,-97.44814765622704,-86.21792263168652,-119.86359516884184,0,0,0
1,-82.60740782787816,-86.96453970124763,-102.20230993474277,-61.65312202604036,-113.268100808301,0,0,0
0,-116.40890882627289,-119.19496073453438,-94.5925280546312,-109.75891574178965,-141.3209313398625,0,0,1
1,-62.93551635403297,-65.71322404639551,-73.32407346416296,-43.377127896649995,-81.46700249048213,0,1,0
0,-64.05083096483514,-69.77568572219813,-108.06971084080513,-73.4219175487577,-96.47174421707669,0,0,0
0,-69.73598111137954,-74.42924761596163,-76.17433946923677,-75.24497725062608,-92.58828295215058,0,0,0
1,-75.00063094484669,-77.74813352623651,-48.540326093450616,-73.60117023936648,-86.09699287008216,0,0,1
1,-62.93551635403297,-65.71322404639551,-73.32407346416296,-43.377127896649995,-81.46700249048213,0,1,0
0,-64.05083096483514,-69.77568572219813,-108.06971084080513,-73.4219175487577,-96.47174421707669,0,0,0
1,-69.36787685904739,-72.45151407164983,-55.794654996654344,-57.46068004639781,-86.1062733580437,0,0,0
1,-62.93551635403297,-65.71322404639551,-73.32407346416296,-43.377127896649995,-81.46700249048213,0,1,0
0,-70.89178447571801,-73.88476675618958,-101.8468569578349,-59.57816266927188,-101.44584156306848,0,0,0
1,-70.90563618068384,-70.90563618068384,-64.10558727632703,-48.146910613318845,-90.13731236358196,0,0,0
1,-58.810009072714536,-61.90034824304805,-45.692752287454624,-50.167116968953714,-62.12062705055175,1,1,1
0,-62.868728180085455,-67.02097024481999,-73.32676566324075,-62.77344508793675,-84.86675787905767,0,0,0
0,-60.22681142502978,-65.51983444592567,-135.69836287702128,-80.20718951886582,-100.93632028813616,0,0,0
0,-66.79353650725392,-72.59468119833468,-77.07115538272238,-67.91381048569151,-86.44914721927091,0,1,0
0,-82.21700541385573,-88.15324084691393,-104.70247655943074,-82.78129899822464,-113.62774838168495,0,0,0
0,-136.36821814028966,-141.560471103714,-105.76445659100737,-113.79091213176493,-168.09755511759187,0,0,0
1,-83.05018710252148,-87.44729652695982,-71.22259567533865,-64.31798021805038,-100.95122990232335,0,1,0
0,-90.62726502305138,-93.33180813516883,-119.37627542534355,-122.2924700310962,-122.97441174785472,0,1,0
1,-66.57080452148402,-69.50816737983475,-54.90319267969073,-48.17678321163503,-79.57602642259151,0,0,1
0,-60.22681142502978,-65.51983444592567,-135.69836287702128,-117.68075675975092,-100.93632028813616,0,0,0
0,-66.79353650725392,-72.59468119833468,-77.07115538272238,-67.91381048569151,-86.44914721927091,0,1,0
0,-82.21700541385573,-88.15324084691393,-104.70247655943074,-82.78129899822464,-113.62774838168495,0,0,0
0,-136.36821814028966,-141.560471103714,-105.76445659100737,-113.79091213176493,-168.09755511759187,0,0,0
1,-83.05018710252148,-87.44729652695982,-71.22259567533865,-64.31798021805038,-100.95122990232335,0,1,0
0,-90.62726502305138,-93.33180813516883,-119.37627542534355,-122.2924700310962,-122.97441174785472,0,1,0
1,-66.57080452148402,-69.50816737983475,-54.90319267969073,-48.17678321163503,-79.57602642259151,0,0,1
0,-60.22681142502978,-65.51983444592567,-135.69836287702128,-80.20718951886582,-100.93632028813616,0,0,0
0,-66.79353650725392,-72.59468119833468,-77.07115538272238,-68.08076137711458,-86.44914721927091,0,1,0
0,-82.21700541385573,-88.15324084691393,-104.70247655943074,-82.78129899822464,-113.62774838168495,0,0,0
1,-79.66521627788957,-84.03948624863945,-116.5817004522083,-60.09162980242525,-111.17399051075233,0,1,0
0,-105.1467213699653,-107.93420150242399,-101.84685695783492,-108.00056807318897,-135.70077845731578,0,0,0
1,-66.57080452148402,-69.50816737983475,-54.90319267969073,-48.17678321163503,-79.57602642259151,0,0,1
0,-60.22681142502978,-65.51983444592567,-135.69836287702128,-86.92473713772513,-100.93632028813616,0,0,0
0,-66.79353650725392,-72.59468119833468,-77.07115538272238,-67.91381048569151,-86.44914721927091,0,1,0
0,-68.64253170063252,-73.4183889843127,-106.10824575525069,-69.67475817212502,-100.47500542720772,0,0,0
1,-68.59664299952158,-71.36128367829181,-83.42597617336267,-60.84566263038264,-93.62443585153038,0,0,0
1,-66.57080452148402,-69.50816737983475,-54.90319267969073,-48.17678321163503,-79.57602642259151,0,0,1
0,-60.22681142502978,-65.51983444592567,-135.69836287702128,-117.68075675975092,-100.93632028813616,0,0,0
0,-66.79353650725392,-72.59468119833468,-77.07115538272238,-67.91381048569151,-86.44914721927091,0,1,0
1,-75.61379974940853,-78.78002774110907,-83.42597617336267,-64.98599973049794,-100.64159260141733,0,0,0
1,-66.57080452148402,-69.50816737983475,-54.90319267969073,-48.17678321163503,-79.57602642259151,0,0,1
0,-60.22681142502978,-65.51983444592567,-135.69836287702128,-80.20718951886582,-100.93632028813616,0,0,0
1,-73.03510897031157,-76.10790509256151,-47.648863776487005,-53.6646128554924,-83.86403220045794,0,1,0
1,-66.57080452148402,-69.50816737983475,-54.90319267969073,-48.17678321163503,-79.57602642259151,0,0,1
0,-70.51025480597318,-73.02760105375907,-100.95272550037913,-68.99524577511359,-100.79607245608692,0,0,0
1,-72.26550115743943,-72.26550115743943,-72.21748204211589,-61.35505705594733,-93.9307457700742,0,0,0
1,-58.066620813120174,-61.13720219970164,-37.164871361923595,-48.231631927768724,-65.75034631889753,0,0,1
0,-61.85536781425233,-66.15577091094269,-77.58546226157874,-61.88033903438741,-85.13100649272596,0,0,0
0,-62.286175567198725,-67.27700887730222,-123.63767953829702,-77.43033020600215,-99.37747942868782,0,0,0
0,-63.97790878363989,-68.6732534682261,-76.17433946923677,-69.5135708686438,-83.3644747216112,0,1,0
1,-65.56646703041731,-68.68526259894136,-55.79465499665433,-55.973519177430624,-78.83912762661389,0,1,0
1,-67.55554571253307,-70.45040526346706,-55.79465499665434,-49.467145052285986,-84.29394221152938,0,0,0
0,-62.286175567198725,-67.27700887730222,-123.63767953829702,-77.43033020600215,-99.37747942868782,0,0,0
0,-63.97790878363989,-68.6732534682261,-76.17433946923677,-68.99925571288586,-83.3644747216112,0,1,0
1,-65.56646703041731,-68.68526259894136,-55.79465499665433,-55.973519177430624,-78.83912762661389,0,1,0
1,-67.55554571253307,-70.45040526346706,-55.79465499665434,-49.46562439523081,-84.29394221152938,0,0,0
0,-62.286175567198725,-67.27700887730222,-123.63767953829702,-77.43033020600215,-99.37747942868782,0,0,0
1,-67.48642468339276,-70.57214007599931,-39.32988570121451,-48.80089487870946,-75.81965449095739,0,1,0
1,-67.55554571253307,-70.45040526346706,-55.79465499665434,-48.79304746634042,-84.29394221152938,0,0,0
0,-71.48997400771107,-74.05212091935279,-119.37360628485136,-86.80836323300872,-103.83631999036676,0,0,1
1,-69.7667850953967,-69.7667850953967,-82.52646806079923,-48.58873228726786,-94.52472551363647,0,0,0
1,-58.28388896515843,-61.34034173353499,-38.0563336788872,-61.20139515297281,-53.221604738802945,2,2,2
0,-59.62020635597017,-63.74566169610024,-66.96389907700066,-59.91597581476085,-79.70937607907037,0,0,0
0,-58.852492933365234,-64.24929271298318,-119.58001721310389,-75.37338725509943,-94.7264980972964,0,0,0
0,-62.953535889241905,-69.072271243251,-99.75073276553259,-65.93793736061856,-92.87875571890169,0,0,0
0,-62.96016373572496,-69.26254588936426,-120.12772503903726,-71.23746533867634,-98.99848124743613,0,0,0
0,-72.39930754369259,-78.1297330430827,-88.23770726399093,-92.81105041088759,-98.87061972288987,0,0,0
0,-61.63164084242719,-67.15333718846767,-91.60227240487315,-56.71367813496359,-85.64658666108942,0,0,1
0,-62.72166436514139,-67.46211268974558,-96.89780536301456,-74.87490111148674,-91.79100597404576,0,0,0
1,-62.66011237628714,-65.86140253880808,-64.11363307192686,-54.918929914462254,-81.89420229786519,0,0,0
1,-62.705433707678566,-65.61600984142484,-48.54032609345063,-44.75497652568609,-77.26753153571376,0,0,0
0,-58.852492933365234,-64.24929271298318,-119.58001721310389,-74.93747087667796,-94.7264980972964,0,0,0
0,-62.953535889241905,-69.072271243251,-99.75073276553259,-65.93793736061856,-92.87875571890169,0,0,0
0,-62.96016373572496,-69.26254588936426,-120.12772503903726,-71.23746533867634,-98.99848124743613,0,0,0
0,-72.39930754369259,-78.1297330430827,-88.23770726399093,-92.81105041088759,-98.87061972288987,0,0,0
0,-61.63164084242719,-67.15333718846767,-91.60227240487315,-56.71367813496359,-85.64658666108942,0,0,1
0,-62.72166436514139,-67.46211268974558,-96.89780536301456,-74.87490111148674,-91.79100597404576,0,0,0
1,-62.66011237628714,-65.86140253880808,-64.11363307192686,-54.918929914462254,-81.89420229786519,0,0,0
1,-62.705433707678566,-65.61600984142484,-48.54032609345063,-44.75497652568609,-77.26753153571376,0,0,0
0,-58.852492933365234,-64.24929271298318,-119.58001721310389,-75.37338725509943,-94.7264980972964,0,0,0
0,-62.953535889241905,-69.072271243251,-99.75073276553259,-66.02030861161,-92.87875571890169,0,0,0
0,-62.96016373572496,-69.26254588936426,-120.12772503903726,-71.23746533867634,-98.99848124743613,0,0,0
0,-72.39930754369259,-78.1297330430827,-88.23770726399093,-92.81105041088759,-98.87061972288987,0,0,0
0,-61.63164084242719,-67.15333718846767,-91.60227240487315,-56.71367813496359,-85.64658666108942,0,0,1
1,-64.77040039753851,-67.86526840354483,-55.79465499665434,-52.49370381027073,-81.50879689653482,0,0,0
1,-62.705433707678566,-65.61600984142484,-48.54032609345063,-44.75497652568609,-77.26753153571376,0,0,0
0,-58.852492933365234,-64.24929271298318,-119.58001721310389,-75.37338725509943,-94.7264980972964,0,0,0
0,-62.953535889241905,-69.072271243251,-99.75073276553259,-65.93793736061856,-92.87875571890169,0,0,0
0,-62.96016373572496,-69.26254588936426,-120.12772503903726,-71.23746533867634,-98.99848124743613,0,0,0
0,-72.39930754369259,-78.1297330430827,-88.23770726399093,-92.81105041088759,-98.87061972288987,0,0,0
1,-67.99944373312645,-71.09561827591723,-64.11363307192686,-73.22703918133044,-83.7677977519048,0,0,1
1,-62.705433707678566,-65.61600984142484,-48.54032609345063,-44.75497652568609,-77.26753153571376,0,0,0
0,-58.852492933365234,-64.24929271298318,-119.58001721310389,-74.93747087667796,-94.7264980972964,0,0,0
0,-62.953535889241905,-69.072271243251,-99.75073276553259,-65.93793736061856,-92.87875571890169,0,0,0
0,-62.96016373572496,-69.26254588936426,-120.12772503903726,-72.43577739034818,-98.99848124743613,0,0,0
1,-74.43918820465454,-77.20849557614154,-64.11363307192686,-78.38268851766512,-93.6732781262326,0,0,0
1,-62.705433707678566,-65.61600984142484,-48.54032609345063,-44.75497652568609,-77.26753153571376,0,0,0
0,-58.852492933365234,-64.24929271298318,-119.58001721310389,-75.37338725509943,-94.7264980972964,0,0,0
0,-62.953535889241905,-69.072271243251,-99.75073276553259,-65.93793736061856,-92.87875571890169,0,0,0
1,-70.80888525648872,-73.92084832469078,-92.6364165655988,-73.46249077856474,-98.59981022616836,0,0,0
1,-62.705433707678566,-65.61600984142484,-48.54032609345063,-44.75497652568609,-77.26753153571376,0,0,0
0,-58.852492933365234,-64.24929271298318,-119.58001721310389,-75.37338725509943,-94.7264980972964,0,0,0
1,-73.4532870842828,-76.48524768042324,-66.96120687792286,-53.73224574846515,-93.54164914765967,0,0,0
1,-62.705433707678566,-65.61600984142484,-48.54032609345063,-44.75497652568609,-77.26753153571376,0,0,0
0,-71.2967926931907,-73.75546368245224,-128.58404667708749,-86.82683251782596,-109.87200669631693,0,0,0
1,-74.5868814386563,-74.5868814386563,-91.73690845303534,-61.81745011781113,-102.10795397456691,0,0,0
0,-88.77778752250266,-91.72159822976822,-101.84685695783489,-101.30122163139492,-119.33184460985314,0,0,0
1,-71.46072100676858,-75.75313229964274,-62.01215528310255,-57.62699435156077,-86.59863168889963,0,1,0
0,-66.04686886362221,-71.31345173703926,-135.6983628770213,-97.44852329373823,-106.7563777267286,0,0,0
0,-62.808865709135645,-68.4016727866452,-108.06971084080516,-79.43683750510834,-95.22977896137719,0,0,0
0,-60.773432347826834,-66.25100855153511,-120.2731143974148,-77.21503698356254,-96.85536666705127,0,0,0
0,-64.00074787545341,-68.77351355204354,-85.09207842845026,-62.84091555277323,-86.06263550118877,0,1,0
1,-68.68003989893325,-71.86315407383441,-38.4384233842509,-62.34381231020205,-69.81435920580934,1,1,1
0,-67.16326367851391,-70.24079576500428,-112.3203116547925,-87.84607410327497,-100.85935717495167,0,0,0
1,-66.137573011263,-70.42025492943698,-77.83774952524658,-64.85375839037681,-86.02316196603725,0,0,1
0,-62.808865709135645,-68.4016727866452,-108.06971084080516,-79.43683750510834,-95.22977896137719,0,0,0
0,-60.773432347826834,-66.25100855153511,-120.2731143974148,-77.21503698356254,-96.85536666705127,0,0,0
0,-64.00074787545341,-68.77351355204354,-85.09207842845026,-62.84091555277323,-86.06263550118877,0,1,0
1,-68.68003989893325,-71.86315407383441,-38.4384233842509,-62.34381231020205,-69.81435920580934,1,1,1
1,-63.332638906794706,-66.40044161858488,-54.90319267969074,-53.000854909261,-76.3378608079022,0,1,0
0,-67.65811973596976,-71.8045265954749,-75.28287715227319,-67.29947411143964,-86.77724697885199,0,0,1
0,-60.773432347826834,-66.25100855153511,-120.2731143974148,-77.21503698356254,-96.85536666705127,0,0,0
0,-64.00074787545341,-68.77351355204354,-85.09207842845026,-62.84091555277323,-86.06263550118877,0,1,0
1,-68.68003989893325,-71.86315407383441,-38.4384233842509,-62.34381231020205,-69.81435920580934,1,1,1
1,-70.53773314693794,-73.46926080005926,-66.96120687792285,-52.48379021233701,-87.16035930751507,0,0,1
0,-60.773432347826834,-66.25100855153511,-120.2731143974148,-74.35591612922445,-96.85536666705127,0,0,0
0,-64.00074787545341,-68.77351355204354,-85.09207842845026,-62.84091555277323,-86.06263550118877,0,1,0
1,-68.68003989893325,-71.86315407383441,-38.4384233842509,-62.34381231020205,-69.81435920580934,1,1,1
1,-70.53773314693794,-73.46926080005926,-66.96120687792285,-52.48379021233701,-87.16035930751507,0,0,1
0,-60.773432347826834,-66.25100855153511,-120.2731143974148,-77.21503698356254,-96.85536666705127,0,0,0
1,-68.03100275920792,-71.18812222693285,-76.17164727015896,-47.93061326024437,-90.8824969402556,0,0,0
1,-70.53773314693794,-73.46926080005926,-66.96120687792285,-53.880042402261324,-87.16035930751507,0,0,1
0,-65.99095315690522,-69.06046530977936,-103.80296844686731,-80.986901812003,-97.13184369096541,0,0,0
1,-62.71407146163693,-62.71407146163693,-54.89514688409091,-42.117890711172656,-79.1826155268642,0,0,0
1,-55.74062718183362,-58.707156566765235,-45.69275228745462,-59.374393215101954,-59.05124515967083,1,1,1
0,-60.27083929395643,-63.914404898802005,-93.00799161194233,-61.901103245284176,-88.17323677753913,0,0,0
0,-65.90015019546247,-70.04899799231045,-116.38066617906344,-77.8299345504788,-100.81435004918151,0,0,0
1,-66.69748544767262,-69.77758176154963,-57.75076648568674,-59.01882959750281,-80.55697949057891,0,1,0
1,-66.08304864226255,-68.51173504072433,-63.417866747123774,-45.829939273912046,-85.10840866639968,0,0,0
0,-65.90015019546247,-70.04899799231045,-116.38066617906344,-77.39778822309863,-100.81435004918151,0,0,0
1,-66.69748544767262,-69.77758176154963,-57.75076648568674,-59.01882959750281,-80.55697949057891,0,1,0
1,-66.08304864226255,-68.51173504072433,-63.417866747123774,-45.829939273912046,-85.10840866639968,0,0,0
0,-65.23021176356137,-67.7694302684297,-84.48795620493932,-71.79620935428937,-90.57659862504318,0,0,0
1,-66.84949105636392,-66.84949105636392,-64.10558727632701,-44.45560688026224,-86.08116723926202,0,0,0
0,-101.59265334489166,-104.35327916440541,-119.37627542534354,-98.8210543001003,-137.4055359724947,0,0,0
0,-134.00875183552748,-138.35734621148532,-83.42866837244047,-111.48626009295606,-159.03735234725963,0,0,0
1,-82.26750003052057,-87.62758280791385,-79.54425820664102,-63.71772828483276,-106.13077749251286,0,0,0
0,-68.65065795309779,-74.37725925296162,-113.02145463470326,-86.16832177753749,-102.55709434350877,0,0,0
0,-60.3485357208718,-65.90448956890835,-94.60057385023104,-81.07689869100068,-88.72870787594111,0,0,0
0,-62.001559934667775,-67.31681004478214,-113.0436889207441,-79.63192306332199,-95.914666610891,0,0,0
0,-56.8032046935477,-61.584374751998475,-87.68736497077843,-62.43294843837181,-79.64367828198151,0,1,0
1,-60.57970714824656,-63.71362293734298,-46.58421460441821,-44.74939426392724,-71.08923562677231,0,1,0
0,-101.59265334489166,-104.35327916440541,-119.37627542534354,-98.8210543001003,-137.4055359724947,0,0,0
1,-78.60776178801434,-83.06699977393957,-52.801714890866414,-66.32515627779595,-94.44827625527427,0,0,0
0,-63.00282390338134,-68.33389541771652,-78.13313541429905,-53.066063904885745,-86.44276452767106,0,0,0
0,-60.3485357208718,-65.90448956890835,-94.60057385023104,-81.07689869100068,-88.72870787594111,0,0,0
0,-62.001559934667775,-67.31681004478214,-113.0436889207441,-79.63192306332199,-95.914666610891,0,0,0
0,-56.8032046935477,-61.584374751998475,-87.68736497077843,-62.43294843837181,-79.64367828198151,0,1,0
1,-60.57970714824656,-63.71362293734298,-46.58421460441821,-51.75205886776692,-71.08923562677231,0,1,0
0,-71.75657220819181,-74.81026664836067,-83.42597617336264,-74.80972728434575,-93.31862915740088,0,1,0
1,-60.54639571528928,-64.97662243815638,-70.33113335837506,-62.87053758252927,-81.64573572280179,0,0,0
0,-60.3485357208718,-65.90448956890835,-94.60057385023104,-81.07689869100068,-88.72870787594111,0,0,0
0,-62.001559934667775,-67.31681004478214,-113.0436889207441,-79.63192306332199,-95.914666610891,0,0,0
0,-56.8032046935477,-61.584374751998475,-87.68736497077843,-62.43294843837181,-79.64367828198151,0,1,0
1,-60.57970714824656,-63.71362293734298,-46.58421460441821,-51.75205886776692,-71.08923562677231,0,1,0
1,-60.66868323066281,-63.69336640777354,-55.79465499665434,-48.11196727911039,-73.94134382685938,0,1,0
0,-68.36506261782448,-72.58938128365939,-65.00778758796825,-56.234199605181686,-87.86739889421496,0,0,0
0,-62.001559934667775,-67.31681004478214,-113.0436889207441,-73.98969674956797,-95.914666610891,0,0,0
0,-56.8032046935477,-61.584374751998475,-87.68736497077843,-62.43294843837181,-79.64367828198151,0,1,0
1,-60.57970714824656,-63.71362293734298,-46.58421460441821,-51.75205886776692,-71.08923562677231,0,1,0
1,-68.65751050856673,-71.47628562864527,-74.21553578112653,-55.02621590439505,-90.92217124290468,0,0,0
0,-62.001559934667775,-67.31681004478214,-113.0436889207441,-79.63192306332199,-95.914666610891,0,0,0
0,-56.8032046935477,-61.584374751998475,-87.68736497077843,-62.43294843837181,-79.64367828198151,0,1,0
1,-60.57970714824656,-63.71362293734298,-46.58421460441821,-51.75205886776692,-71.08923562677231,0,1,0
1,-68.65751050856673,-71.47628562864527,-74.21553578112653,-55.02621590439505,-90.92217124290468,0,0,0
0,-62.001559934667775,-67.31681004478214,-113.0436889207441,-73.98969674956797,-95.914666610891,0,0,0
1,-64.78944746068383,-67.92503720053675,-54.90319267969074,-46.90608712674261,-77.79466936179134,0,1,0
1,-68.65751050856673,-71.47628562864527,-74.21553578112653,-64.91289035466238,-90.92217124290468,0,0,0
0,-70.82814712691116,-73.89675018663226,-91.7449542486352,-81.717305880708,-94.885897498702,0,0,1
1,-69.43504878160317,-69.43504878160317,-64.10558727632703,-47.03517120380232,-88.66672496450128,0,0,0
1,-58.70424560013298,-61.72303439748617,-54.90319267969073,-50.20355630498069,-71.70946750124047,0,1,0
0,-60.63360088739151,-64.96760745364328,-82.53720605547687,-62.92149081515395,-85.39476270403458,0,0,0
0,-59.424821858647306,-64.46310574523423,-127.54990251636184,-79.62419421009636,-97.68979261355585,0,0,0
0,-57.989997635789905,-62.67273801082939,-74.21822798020436,-57.58492305443759,-80.25546602985122,0,0,0
1,-58.31448233419212,-61.443375279135445,-37.3737742121821,-49.45829385442192,-66.06087869504702,0,0,1
1,-68.88501978785172,-71.84505602646063,-55.79465499665433,-52.98206026307976,-85.62341628684801,0,0,0
0,-59.424821858647306,-64.46310574523423,-127.54990251636184,-79.62419421009636,-97.68979261355585,0,0,0
0,-57.989997635789905,-62.67273801082939,-74.21822798020436,-57.58492305443759,-80.25546602985122,0,0,0
1,-58.31448233419212,-61.443375279135445,-37.3737742121821,-49.45829385442192,-66.06087869504702,0,0,1
1,-68.88501978785172,-71.84505602646063,-55.79465499665433,-52.98206026307976,-85.62341628684801,0,0,0
0,-59.424821858647306,-64.46310574523423,-127.54990251636184,-79.62419421009636,-97.68979261355585,0,0,0
1,-69.20526589685666,-72.24242595329828,-48.54032609345063,-47.49285241952807,-83.76736372489185,0,0,0
1,-68.88501978785172,-71.84505602646063,-55.79465499665433,-52.98206026307976,-85.62341628684801,0,0,0
0,-65.65428335030175,-68.23484786682383,-100.95272550037913,-77.97416106576604,-95.9401010004155,0,0,0
1,-63.70117512735648,-63.70117512735648,-64.10558727632703,-41.73073058298711,-82.93285131025459,0,0,0
0,-98.69853866525288,-101.46550439893014,-120.26773774230713,-98.80749333302063,-134.77885998794503,0,0,0
0,-104.04881882435987,-108.3829138657384,-87.68736497077846,-86.95923321242608,-130.35502831559342,0,0,0
1,-73.01794449517186,-78.34898692219011,-61.12337742216879,-53.12654651081056,-91.3549577218225,0,0,0
0,-84.16657191211868,-89.89632920084378,-110.91728464680115,-104.47554333008436,-113.9760214033593,0,0,1
0,-61.095578626480155,-66.74270348694115,-106.11359935177273,-72.7625985391361,-92.92965843201198,0,0,0
0,-59.42482185864731,-64.92868358429364,-126.4879224847852,-79.8704906033793,-97.37119860408288,0,0,0
0,-63.69607708030436,-68.38651897350294,-87.57671376070016,-66.5967630389841,-89.96909120851441,0,0,0
1,-63.12666413647935,-66.23181068389191,-55.794654996654316,-54.511824985718754,-76.39932473267592,0,1,0
0,-98.69853866525288,-101.46550439893014,-120.26773774230713,-98.80749333302063,-134.77885998794503,0,0,0
1,-76.52618243111458,-80.95638006666475,-62.01215528310255,-63.6125600985019,-91.66409311324561,0,1,0
0,-66.9938426747163,-72.32542225774401,-68.92269502206294,-73.86158826954774,-87.67065118133519,0,0,0
0,-61.095578626480155,-66.74270348694115,-106.11359935177273,-72.7625985391361,-92.92965843201198,0,0,0
0,-59.42482185864731,-64.92868358429364,-126.4879224847852,-84.75545256286547,-97.37119860408288,0,0,0
0,-63.69607708030436,-68.38651897350294,-87.57671376070016,-66.5967630389841,-89.96909120851441,0,0,0
1,-63.12666413647935,-66.23181068389191,-55.794654996654316,-54.511824985718754,-76.39932473267592,0,1,0
0,-66.78949871269893,-69.81415280249273,-83.42597617336267,-71.68401733820417,-88.35155566190801,0,1,0
1,-59.31405767707187,-63.74479246863151,-54.905884878768546,-47.87564092337748,-75.78582314070243,0,0,0
0,-61.095578626480155,-66.74270348694115,-106.11359935177273,-72.7625985391361,-92.92965843201198,0,0,0
0,-59.42482185864731,-64.92868358429364,-126.4879224847852,-79.8704906033793,-97.37119860408288,0,0,0
0,-63.69607708030436,-68.38651897350294,-87.57671376070016,-66.5967630389841,-89.96909120851441,0,0,0
1,-63.12666413647935,-66.23181068389191,-55.794654996654316,-54.511824985718754,-76.39932473267592,0,1,0
1,-60.55536547127571,-63.58055671707897,-63.420535887615934,-51.83516629915667,-76.11579033476076,0,1,0
0,-64.90952849741569,-69.22997959457217,-66.07243676003706,-48.91137977782162,-84.73125952542681,0,0,0
0,-59.42482185864731,-64.92868358429364,-126.4879224847852,-79.8704906033793,-97.37119860408288,0,0,0
0,-63.69607708030436,-68.38651897350294,-87.57671376070016,-66.5967630389841,-89.96909120851441,0,0,0
1,-63.12666413647935,-66.23181068389191,-55.794654996654316,-54.511824985718754,-76.39932473267592,0,1,0
1,-67.63555805783753,-70.55046560923763,-55.79465499665434,-50.49973073253616,-84.37395455683384,0,0,0
0,-59.42482185864731,-64.92868358429364,-126.4879224847852,-79.8704906033793,-97.37119860408288,0,0,0
0,-63.69607708030436,-68.38651897350294,-87.57671376070016,-66.5967630389841,-89.96909120851441,0,0,0
1,-63.12666413647935,-66.23181068389191,-55.794654996654316,-54.511824985718754,-76.39932473267592,0,1,0
1,-67.63555805783753,-70.55046560923763,-55.79465499665434,-50.49973073253616,-84.37395455683384,0,0,0
0,-59.42482185864731,-64.92868358429364,-126.4879224847852,-79.8704906033793,-97.37119860408288,0,0,0
1,-66.04756449029331,-69.12837709151225,-30.108907591372578,-44.780039557089786,-69.58717532436454,0,2,0
1,-67.63555805783753,-70.55046560923763,-55.79465499665434,-50.49973073253616,-84.37395455683384,0,0,0
0,-87.67404913785728,-90.71702689822669,-111.05729735007102,-97.38163241203522,-120.99123834287859,0,0,0
1,-88.98455122345325,-88.98455122345325,-73.31602766856314,-64.10564584961776,-107.51362362122246,0,1,0
0,-63.47384420815272,-66.78341896193342,-73.32407346416295,-59.88001387495793,-85.47106624740161,0,0,0
0,-74.165016683159,-78.6143944984565,-94.59522025370902,-86.17663369354806,-99.07784685647198,0,1,0
0,-63.464128578211714,-68.89584666470938,-105.76445659100739,-64.0691277552818,-95.19346555551392,0,0,0
0,-60.95712452694266,-66.99009155343562,-105.27236868265419,-77.25240215564357,-92.53883513173892,0,0,0
0,-58.600810119639384,-64.78091908985624,-77.07115538272241,-62.48147036229086,-78.25642083165638,0,1,0
1,-54.3828540279352,-60.51773012715038,-62.90897119658817,-52.443134898199695,-73.25554538691165,0,0,0
0,-60.64737127122341,-65.81846607745776,-100.81271279710928,-72.67600092495957,-90.89118511035619,0,0,0
0,-69.92757302932043,-74.59913612733243,-115.67144692531689,-74.36275574257968,-104.6290071069155,0,0,0
1,-72.50312090655066,-75.60654027989902,-48.54032609345063,-64.72685723396032,-74.64068548564586,1,2,1
0,-63.47384420815272,-66.78341896193342,-73.32407346416295,-59.88001387495793,-85.47106624740161,0,0,0
0,-74.165016683159,-78.6143944984565,-94.59522025370902,-86.17663369354806,-99.07784685647198,0,1,0
0,-63.464128578211714,-68.89584666470938,-105.76445659100739,-63.03336395510846,-95.19346555551392,0,0,0
0,-60.95712452694266,-66.99009155343562,-105.27236868265419,-77.74892089098338,-92.53883513173892,0,0,0
1,-61.65906130779927,-67.86226059072719,-99.75073276553259,-63.77480211658968,-91.58428113745904,0,0,0
0,-62.75083801175311,-68.33940612198731,-110.0231531893454,-76.66261528268686,-95.75778396855674,0,0,0
0,-69.92757302932043,-74.59913612733243,-115.67144692531689,-74.36275574257968,-104.6290071069155,0,0,0
1,-72.50312090655066,-75.60654027989902,-48.54032609345063,-64.72685723396032,-74.64068548564586,1,2,1
0,-63.47384420815272,-66.78341896193342,-73.32407346416295,-59.88001387495793,-85.47106624740161,0,0,0
0,-74.165016683159,-78.6143944984565,-94.59522025370902,-86.17663369354806,-99.07784685647198,0,1,0
0,-63.464128578211714,-68.89584666470938,-105.76445659100739,-61.268955937588935,-95.19346555551392,0,0,0
1,-71.66151541133604,-77.7598641423963,-104.72737998596375,-85.22422947748677,-103.07972940712517,0,0,0
0,-70.5933449102611,-76.25023620420804,-140.65010667091943,-80.14507991568999,-112.78837691153691,0,0,0
0,-69.92757302932043,-74.59913612733243,-115.67144692531689,-70.95419618483274,-104.6290071069155,0,0,0
1,-72.50312090655066,-75.60654027989902,-48.54032609345063,-64.72685723396032,-74.64068548564586,1,2,1
0,-63.47384420815272,-66.78341896193342,-73.32407346416295,-59.88001387495793,-85.47106624740161,0,0,0
0,-74.165016683159,-78.6143944984565,-94.59522025370902,-86.17663369354806,-99.07784685647198,0,1,0
1,-64.03931644233127,-69.58919299888063,-83.43135282847034,-74.28358181220594,-85.60298638807265,0,1,0
0,-63.53263506552835,-69.08467580760762,-94.59790470973887,-75.7818906744943,-91.91200647845001,0,0,0
0,-69.92757302932043,-74.59913612733243,-115.67144692531689,-74.36275574257968,-104.6290071069155,0,0,0
1,-72.50312090655066,-75.60654027989902,-48.54032609345063,-64.72685723396032,-74.64068548564586,1,2,1
0,-63.47384420815272,-66.78341896193342,-73.32407346416295,-59.88001387495793,-85.47106624740161,0,0,0
1,-73.88466223334451,-78.2813837111599,-88.95037927549994,-86.42555739316958,-100.56977601599449,0,0,0
0,-66.938111033369,-71.94167960093739,-84.49333286004698,-66.37228214278734,-88.82037498858337,0,0,1
0,-69.92757302932043,-74.59913612733243,-115.67144692531689,-74.36275574257968,-104.6290071069155,0,0,0
1,-72.50312090655066,-75.60654027989902,-48.54032609345063,-64.72685723396032,-74.64068548564586,1,2,1
1,-63.33612728247794,-66.32730521453696,-92.51323650169844,-56.63346145701748,-91.09009823298747,0,0,0
0,-66.23375425760875,-70.08416774644317,-93.40838736323062,-51.40169062824408,-94.25627046657793,0,0,0
0,-69.92757302932043,-74.59913612733243,-115.67144692531689,-70.95419618483274,-104.6290071069155,0,0,0
1,-72.50312090655066,-75.60654027989902,-48.54032609345063,-64.72685723396032,-74.64068548564586,1,2,1
1,-63.401320666391605,-65.84619060946964,-91.04918792383211,-47.67970216858643,-90.71607704354123,0,0,0
0,-69.92757302932043,-74.59913612733243,-115.67144692531689,-74.36275574257968,-104.6290071069155,0,0,0
1,-72.50312090655066,-75.60654027989902,-48.54032609345063,-64.72685723396032,-74.64068548564586,1,2,1
1,-63.401320666391605,-65.84619060946964,-91.04918792383211,-47.67970216858643,-90.71607704354123,0,0,0
0,-72.33974313065201,-75.3956600197988,-85.38208766239508,-59.07124508322792,-97.95436942937053,0,0,0
1,-76.14916011317672,-76.14916011317672,-64.10558727632704,-53.67258344966745,-95.38083629607483,0,0,0
1,-58.29578229112684,-61.132753447468055,-38.0563336788872,-47.84673729163667,-69.712682394793,0,0,0
0,-62.50613488777278,-66.41707245020446,-83.42866837244047,-59.40441076516554,-84.0689994967052,0,0,1
0,-64.4801880723199,-69.82674804584079,-137.65447436605373,-76.13437887097218,-105.77653038213603,0,0,0
1,-64.81079684544484,-70.6669510530684,-70.16330009979187,-78.11345094572386,-85.8597868753824,0,0,0
0,-61.498021938210414,-66.79002338205513,-115.86902844069928,-76.2623932381045,-96.2587304704202,0,0,0
0,-62.71148333902268,-68.41493224549768,-98.65218713908536,-70.87927770379984,-92.30713948074828,0,0,0
0,-79.11733005939371,-84.4592261813234,-97.4703819422679,-66.6624793576099,-104.89270873927435,0,1,0
1,-76.96239395507236,-81.25108166635971,-69.6192449641363,-63.64551955243127,-87.45095973591407,1,1,1
0,-87.25085277204943,-90.03047385491953,-110.16583503310743,-94.56623775454172,-120.30060328198165,0,0,0
1,-61.13522736955421,-63.83128572560208,-57.75076648568675,-44.60395900207235,-74.9947214124605,0,0,1
0,-64.4801880723199,-69.82674804584079,-137.65447436605373,-76.13437887097218,-105.77653038213603,0,0,0
1,-64.81079684544484,-70.6669510530684,-70.16330009979187,-78.11345094572386,-85.8597868753824,0,0,0
0,-61.498021938210414,-66.79002338205513,-115.86902844069928,-75.08513638766593,-96.2587304704202,0,0,0
0,-62.71148333902268,-68.41493224549768,-98.65218713908536,-70.87927770379984,-92.30713948074828,0,0,0
0,-79.11733005939371,-84.4592261813234,-97.4703819422679,-66.6624793576099,-104.89270873927435,0,1,0
1,-76.96239395507236,-81.25108166635971,-69.6192449641363,-63.64551955243127,-87.45095973591407,1,1,1
0,-87.25085277204943,-90.03047385491953,-110.16583503310743,-94.56623775454172,-120.30060328198165,0,0,0
1,-61.13522736955421,-63.83128572560208,-57.75076648568675,-44.60395900207235,-74.9947214124605,0,0,1
0,-71.90454672848419,-77.25734679097948,-96.90048981904442,-67.75540396115288,-100.97469367419751,0,0,0
0,-68.9674175284853,-74.69721633416394,-106.97116521435788,-99.68826709703073,-101.05876709279266,0,0,0
0,-62.71148333902268,-68.41493224549768,-98.65218713908536,-70.87927770379984,-92.30713948074828,0,0,0
0,-79.11733005939371,-84.4592261813234,-97.4703819422679,-76.79067450337112,-104.89270873927435,0,1,0
1,-76.96239395507236,-81.25108166635971,-69.6192449641363,-63.64551955243127,-87.45095973591407,1,1,1
0,-87.25085277204943,-90.03047385491953,-110.16583503310743,-94.56623775454172,-120.30060328198165,0,0,0
1,-61.13522736955421,-63.83128572560208,-57.75076648568675,-44.60395900207235,-74.9947214124605,0,0,1
0,-71.90454672848419,-77.25734679097948,-96.90048981904442,-67.75540396115288,-100.97469367419751,0,0,0
0,-68.9674175284853,-74.69721633416394,-106.97116521435788,-99.68826709703073,-101.05876709279266,0,0,0
0,-62.71148333902268,-68.41493224549768,-98.65218713908536,-70.87927770379984,-92.30713948074828,0,0,0
0,-66.257325680463,-70.78974964988113,-87.68736497077843,-85.23104378727791,-92.56353517169653,0,0,0
1,-74.28567860974556,-76.96473702905327,-45.6927522874546,-68.86897581980725,-84.52776839318221,0,0,1
1,-61.13522736955421,-63.83128572560208,-57.75076648568675,-44.60395900207235,-74.9947214124605,0,0,1
0,-71.90454672848419,-77.25734679097948,-96.90048981904442,-67.87949609589877,-100.97469367419751,0,0,0
0,-68.9674175284853,-74.69721633416394,-106.97116521435788,-99.68826709703073,-101.05876709279266,0,0,0
0,-62.71148333902268,-68.41493224549768,-98.65218713908536,-70.87927770379984,-92.30713948074828,0,0,0
1,-72.90695220074127,-75.82974687817975,-65.00509538889047,-56.85177100596112,-92.40848081740842,0,0,0
1,-61.13522736955421,-63.83128572560208,-57.75076648568675,-44.60395900207235,-74.9947214124605,0,0,1
0,-71.90454672848419,-77.25734679097948,-96.90048981904442,-67.75540396115288,-100.97469367419751,0,0,0
0,-68.9674175284853,-74.69721633416394,-106.97116521435788,-99.68826709703073,-101.05876709279266,0,0,0
1,-69.43519556030908,-72.37315181673424,-82.53451385639906,-67.31602960887567,-94.1955497172288,0,0,0
1,-61.13522736955421,-63.83128572560208,-57.75076648568675,-44.60395900207235,-74.9947214124605,0,0,1
0,-71.90454672848419,-77.25734679097948,-96.90048981904442,-67.87949609589877,-100.97469367419751,0,0,0
0,-78.93634652137536,-81.9286839450471,-101.81296050345647,-102.83679682012357,-109.4802346724123,0,0,0
1,-71.35248390540745,-74.21630068935926,-55.79465499665433,-74.96995182713968,-84.62514450160403,0,1,0
0,-78.93634652137536,-81.9286839450471,-101.81296050345647,-107.53030065647046,-109.4802346724123,0,0,0
1,-72.51340368805938,-72.51340368805938,-64.10558727632704,-60.29621013625657,-88.27934396815778,0,1,0
0,-90.11592227735424,-93.03338192046039,-113.01340883910342,-102.85766331641717,-120.55420902628555,0,1,0
1,-74.1348678751076,-78.5777729800222,-62.01215528310252,-59.70449348695871,-89.27277855723864,0,1,0
0,-68.3267779186313,-73.65403405741881,-117.2774820925491,-76.61844786563698,-103.51002254639602,0,0,0
0,-64.82661207841393,-70.49120301359459,-101.85490275343474,-80.61457806981355,-91.91734700164463,0,0,1
0,-61.55952493391158,-67.08709718145948,-121.3377635694836,-79.93831070835749,-97.96085400475667,0,0,0
0,-60.95261925162664,-65.70405268818988,-89.24012381670997,-60.58310101276809,-87.72465639663963,0,0,0
1,-60.826639694109716,-63.97183278284187,-56.859304168723135,-52.37901445720594,-77.88443094472666,0,0,0
0,-70.48926647058926,-73.52662802974749,-110.16583503310743,-90.3842639580757,-103.53901698052148,0,0,0
1,-65.80793279796389,-70.23226514107346,-65.00778758796825,-61.533452320519054,-85.31026907435437,0,0,0
0,-64.82661207841393,-70.49120301359459,-101.85490275343474,-84.36472291194896,-91.91734700164463,0,0,1
0,-61.55952493391158,-67.08709718145948,-121.3377635694836,-79.93831070835749,-97.96085400475667,0,0,0
0,-60.95261925162664,-65.70405268818988,-89.24012381670997,-60.58310101276809,-87.72465639663963,0,0,0
1,-60.826639694109716,-63.97183278284187,-56.859304168723135,-52.37901445720594,-77.88443094472666,0,0,0
1,-66.4382003412129,-69.4569891385661,-54.90319267969073,-53.07817233761533,-79.44342224232041,0,1,0
0,-68.56310942039617,-72.93368986015506,-89.64347645981087,-80.73773400556391,-95.45615235833944,0,0,0
0,-61.55952493391158,-67.08709718145948,-121.3377635694836,-79.93831070835749,-97.96085400475667,0,0,0
0,-60.95261925162664,-65.70405268818988,-89.24012381670997,-60.58310101276809,-87.72465639663963,0,0,0
1,-60.826639694109716,-63.97183278284187,-56.859304168723135,-52.37901445720594,-77.88443094472666,0,0,0
1,-72.95523230944754,-75.92026920345005,-54.90319267969074,-56.47495614414711,-85.96045421055504,0,0,1
0,-61.55952493391158,-67.08709718145948,-121.3377635694836,-79.93831070835749,-97.96085400475667,0,0,0
0,-60.95261925162664,-65.70405268818988,-89.24012381670997,-60.58310101276809,-87.72465639663963,0,0,0
1,-60.826639694109716,-63.97183278284187,-56.859304168723135,-52.37901445720594,-77.88443094472666,0,0,0
1,-72.95523230944754,-75.92026920345005,-54.90319267969074,-52.481736608116414,-85.96045421055504,0,0,1
0,-61.55952493391158,-67.08709718145948,-121.3377635694836,-79.93831070835749,-97.96085400475667,0,0,0
1,-68.67464176340874,-71.7687908420136,-37.3737742121821,-47.02744754149542,-76.42103812426365,0,1,0
1,-72.95523230944754,-75.92026920345005,-54.90319267969074,-56.47495614414711,-85.96045421055504,0,0,1
0,-68.3638731254957,-71.43056140776669,-91.7449542486352,-80.59189403875926,-95.88735940008625,0,0,0
1,-64.83567729054644,-64.83567729054644,-73.31602766856315,-42.81692246960739,-86.83048559111539,0,0,0
1,-59.92345798029016,-62.999378545818416,-45.69275228745461,-63.28445491226305,-70.16554776372682,0,1,0
0,-60.44318297901698,-64.73425200430194,-76.17433946923677,-61.50157288453434,-83.29548481978802,0,0,0
0,-57.623144554315886,-62.63227618989827,-134.80423141956555,-78.89282630229556,-98.06441398018555,0,0,0
0,-56.56353847858686,-61.269365325821205,-76.1743394692368,-56.320449898334765,-79.4158403193579,0,0,0
1,-60.787409522716075,-63.90154736342531,-37.37377421218209,-50.47887054882182,-59.5750085374307,1,2,1
1,-64.96233212162518,-67.87943081926727,-48.54032609345063,-46.74993586360115,-79.52442994966037,0,0,0
0,-57.623144554315886,-62.63227618989827,-134.80423141956555,-78.89282630229556,-98.06441398018555,0,0,0
0,-56.56353847858686,-61.269365325821205,-76.1743394692368,-56.320449898334765,-79.4158403193579,0,0,0
1,-60.787409522716075,-63.90154736342531,-37.37377421218209,-50.47887054882182,-59.5750085374307,1,2,1
1,-64.96233212162518,-67.87943081926727,-48.54032609345063,-46.74993586360115,-79.52442994966037,0,0,0
0,-57.623144554315886,-62.63227618989827,-134.80423141956555,-78.89282630229556,-98.06441398018555,0,0,0
1,-65.50632640535451,-68.56657293399101,-45.69275228745461,-47.64369440586648,-75.74841618879118,0,1,0
1,-64.96233212162518,-67.87943081926727,-48.54032609345063,-46.74993586360115,-79.52442994966037,0,0,0
0,-66.29595587657217,-68.84275981666092,-91.74228510814301,-80.68245242238633,-93.81864140901507,0,0,0
1,-67.27253480611954,-67.27253480611954,-73.31602766856312,-47.13004262429493,-89.26734310668847,0,0,0
0,-90.28127722378272,-93.2160055795498,-94.59252805463117,-102.08387474234101,-115.19329973737236,0,1,0
1,-71.25010109084222,-75.53267092456542,-80.43303606757475,-51.75295805689503,-95.38001191111465,0,0,0
0,-80.453385928245,-85.64931263412002,-115.69292259127455,-91.51959189320678,-115.16126270562737,0,0,0
0,-65.32298747427389,-70.71502610511044,-95.49203616719463,-86.5656559952607,-93.97059832443227,0,0,0
0,-68.03153793564238,-73.91756143216406,-126.49059162527735,-75.956496441254,-105.97871542322558,0,0,0
1,-63.7156465328965,-69.72715958724557,-63.97362036865697,-65.21263425898798,-79.44199674069387,0,0,1
0,-62.201150899807686,-67.21737473690864,-105.66908398999527,-76.63019830800755,-93.90187609680626,0,0,0
0,-67.72369602967849,-72.3557190644754,-96.20470817870364,-74.22840776092116,-93.11937258048987,0,1,0
1,-71.28235084660672,-74.23994476439586,-55.79465499665434,-58.56659718729789,-84.55501144280329,0,0,1
0,-84.5370724842697,-87.44790579831457,-110.36420016576011,-98.69867627132982,-117.64633253399774,0,0,0
1,-60.33505449622649,-64.60775630562657,-40.995987956302116,-60.857250386671936,-72.63385088311712,0,0,0
0,-65.32298747427389,-70.71502610511044,-95.49203616719463,-86.5656559952607,-93.97059832443227,0,0,0
0,-68.03153793564238,-73.91756143216406,-126.49059162527735,-75.956496441254,-105.97871542322558,0,0,0
1,-63.7156465328965,-69.72715958724557,-63.97362036865697,-65.21263425898798,-79.44199674069387,0,0,1
0,-62.201150899807686,-67.21737473690864,-105.66908398999527,-76.63019830800755,-93.90187609680626,0,0,0
0,-67.72369602967849,-72.3557190644754,-96.20470817870364,-74.22840776092116,-93.11937258048987,0,1,0
1,-71.28235084660672,-74.23994476439586,-55.79465499665434,-58.56659718729789,-84.55501144280329,0,0,1
1,-74.24944514503682,-77.15041043475857,-55.79465499665434,-61.850681355649826,-90.98784164403313,0,0,0
0,-63.38557359569154,-67.4509912774394,-93.70375793674542,-74.77471564673282,-91.49670097671516,0,0,0
0,-68.03153793564238,-73.91756143216406,-126.49059162527735,-75.956496441254,-105.97871542322558,0,0,0
1,-63.7156465328965,-69.72715958724557,-63.97362036865697,-65.21263425898798,-79.44199674069387,0,0,1
0,-62.201150899807686,-67.21737473690864,-105.66908398999527,-76.63019830800755,-93.90187609680626,0,0,0
0,-67.72369602967849,-72.3557190644754,-96.20470817870364,-69.99466016665264,-93.11937258048987,0,1,0
1,-71.28235084660672,-74.23994476439586,-55.79465499665434,-58.56659718729789,-84.55501144280329,0,0,1
1,-64.23567674333015,-66.92935790539968,-65.00509538889045,-45.70877810905497,-83.73720535999728,0,0,0
0,-68.03153793564238,-73.91756143216406,-126.49059162527735,-74.99422086448992,-105.97871542322558,0,0,0
1,-63.7156465328965,-69.72715958724557,-63.97362036865697,-65.21263425898798,-79.44199674069387,0,0,1
0,-62.201150899807686,-67.21737473690864,-105.66908398999527,-76.63019830800755,-93.90187609680626,0,0,0
0,-67.72369602967849,-72.3557190644754,-96.20470817870364,-74.22840776092116,-93.11937258048987,0,1,0
1,-71.28235084660672,-74.23994476439586,-55.79465499665434,-58.56659718729789,-84.55501144280329,0,0,1
1,-64.23567674333015,-66.92935790539968,-65.00509538889045,-44.362894154985405,-83.73720535999728,0,0,0
0,-72.50496980032382,-78.38760358558991,-96.55668533926342,-79.96237507090186,-101.47197540210284,0,0,0
0,-70.45169153979595,-76.00422583522023,-105.07135940669649,-97.97293151064108,-101.97309936180488,0,0,0
0,-67.72369602967849,-72.3557190644754,-96.20470817870364,-74.22840776092116,-93.11937258048987,0,1,0
1,-71.28235084660672,-74.23994476439586,-55.79465499665434,-58.56659718729789,-84.55501144280329,0,0,1
1,-64.23567674333015,-66.92935790539968,-65.00509538889045,-44.362894154985405,-83.73720535999728,0,0,0
0,-72.50496980032382,-78.38760358558991,-96.55668533926342,-96.11064168004549,-101.47197540210284,0,0,0
0,-70.45169153979595,-76.00422583522023,-105.07135940669649,-97.97293151064108,-101.97309936180488,0,0,0
1,-67.437118174848,-70.45349500077968,-63.420535887615934,-50.16968900208496,-82.99754303833305,0,1,0
1,-64.23567674333015,-66.92935790539968,-65.00509538889045,-44.362894154985405,-83.73720535999728,0,0,0
0,-72.50496980032382,-78.38760358558991,-96.55668533926342,-96.35253380072396,-101.47197540210284,0,0,0
0,-73.5556207051258,-76.66789338290081,-103.80296844686733,-121.80582509956425,-104.69651123918601,0,0,0
1,-72.39634472538664,-75.2955851019607,-64.11363307192686,-65.90940469946004,-91.6304346469647,0,0,0
0,-73.5556207051258,-76.66789338290081,-103.80296844686733,-115.4847576884091,-104.69651123918601,0,0,0
1,-66.50753269240629,-66.50753269240629,-54.20204969977998,-58.03676493934582,-82.76814760234028,0,0,0
0,-100.59026324246608,-103.52480323250467,-92.63641656559876,-112.29536823178901,-128.3811882121457,0,0,0
1,-71.42524496347423,-75.79131264456532,-52.80171489086642,-53.49760297903998,-83.80002352793443,0,0,1
0,-65.59636157223541,-70.83885653235755,-122.22922588644721,-95.98303692430694,-102.26512933816957,0,0,0
0,-58.45685433756403,-63.623992487239605,-109.33005600503446,-67.34532985193724,-91.25587113907437,0,0,0
0,-65.23371752173922,-69.94860996791762,-105.46907070195492,-84.90112208149515,-96.8744387323257,0,0,0
1,-66.31089358044487,-69.44738404228508,-55.79465499665432,-67.1564671961133,-72.65208237104198,1,1,1
0,-73.66624166461435,-76.65833901806259,-92.63641656559878,-86.04569423935796,-101.45716663429398,0,0,0
1,-61.98123957212133,-66.30734346028088,-65.00778758796824,-59.22395357811439,-81.4835758485118,0,0,0
0,-58.45685433756403,-63.623992487239605,-109.33005600503446,-67.34532985193724,-91.25587113907437,0,0,0
0,-65.23371752173922,-69.94860996791762,-105.46907070195492,-84.90112208149515,-96.8744387323257,0,0,0
1,-66.31089358044487,-69.44738404228508,-55.79465499665432,-67.1564671961133,-72.65208237104198,1,1,1
1,-60.29110251980094,-63.243236080317615,-54.90319267969074,-48.19654865532257,-76.76206032370816,0,0,0
0,-60.28826825615058,-64.12535368052079,-77.58279312108658,-59.460415666400664,-83.56310619247655,0,0,0
0,-65.23371752173922,-69.94860996791762,-105.46907070195492,-84.90112208149515,-96.8744387323257,0,0,0
1,-66.31089358044487,-69.44738404228508,-55.79465499665432,-67.1564671961133,-72.65208237104198,1,1,1
1,-61.85886966356756,-64.32198476029491,-75.2775158127032,-42.00470233403754,-84.44212440737851,0,0,0
0,-65.23371752173922,-69.94860996791762,-105.46907070195492,-84.90112208149515,-96.8744387323257,0,0,0
1,-66.31089358044487,-69.44738404228508,-55.79465499665432,-67.1564671961133,-72.65208237104198,1,1,1
1,-61.85886966356756,-64.32198476029491,-75.2775158127032,-42.00470233403754,-84.44212440737851,0,0,0
0,-65.09731874650338,-68.16919498095245,-76.17164727015897,-50.435485378034926,-87.94881292755107,0,0,0
1,-63.768296006125155,-63.768296006125155,-54.89514688409092,-38.74907843817868,-80.23684007135243,0,0,0
0,-87.93966051469316,-90.71310837416254,-102.9115061299037,-87.24286919719223,-118.81311235366427,0,0,0
0,-120.72533233349665,-125.07242067439816,-98.85391685204696,-102.12572032729767,-150.38150738911074,0,0,0
1,-79.90470658325589,-85.13380671845678,-78.13313541429906,-64.07584423861691,-92.94743949914643,1,1,1
0,-70.51925309989369,-76.11545557085114,-87.69271856730049,-94.40817036302916,-96.82706867008383,0,0,0
0,-60.1698254774143,-65.65338662719888,-108.26807597345781,-68.2006649935437,-89.18451236665193,0,0,1
0,-63.54429600951314,-69.28911338619794,-92.49640386232892,-69.92094641801546,-91.29321716821181,0,0,0
0,-79.98022074530806,-85.45421655482428,-103.97281378024923,-69.91045509787403,-107.70632897658311,0,1,0
1,-79.32676094716264,-83.6752685893479,-62.01215528310253,-59.925974643683055,-97.9304075320934,0,0,0
0,-100.83492532959987,-103.5980338363701,-101.84685695783492,-113.1825126568769,-131.38898241695034,0,0,0
0,-87.93966051469316,-90.71310837416254,-102.9115061299037,-87.24286919719223,-118.81311235366427,0,0,0
1,-72.00637407654612,-76.33255041606907,-57.75345868476455,-58.254488402273395,-85.86667577917576,0,0,1
0,-67.3026918286232,-72.50162195648639,-80.43572052360464,-77.15679635268944,-87.96767208290487,0,0,1
0,-60.1698254774143,-65.65338662719888,-108.26807597345781,-68.2006649935437,-89.18451236665193,0,0,1
0,-63.54429600951314,-69.28911338619794,-92.49640386232892,-69.92094641801546,-91.29321716821181,0,0,0
0,-79.98022074530806,-85.45421655482428,-103.97281378024923,-69.91045509787403,-107.70632897658311,0,1,0
1,-79.32676094716264,-83.6752685893479,-62.01215528310253,-61.440083598823506,-97.9304075320934,0,0,0
0,-100.83492532959987,-103.5980338363701,-101.84685695783492,-113.1825126568769,-131.38898241695034,0,0,0
0,-68.00965363749228,-70.93028643125885,-76.17164727015894,-70.43319791667162,-87.39541191574024,0,1,0
1,-63.08560002812818,-67.38160636031341,-59.16458147710652,-60.62159437607271,-77.3692385684604,0,1,0
0,-60.1698254774143,-65.65338662719888,-108.26807597345781,-67.76904542133006,-89.18451236665193,0,0,1
0,-63.54429600951314,-69.28911338619794,-92.49640386232892,-69.92094641801546,-91.29321716821181,0,0,0
0,-79.98022074530806,-85.45421655482428,-103.97281378024923,-78.77486284759556,-107.70632897658311,0,1,0
1,-79.32676094716264,-83.6752685893479,-62.01215528310253,-59.925974643683055,-97.9304075320934,0,0,0
0,-100.83492532959987,-103.5980338363701,-101.84685695783492,-113.1825126568769,-131.38898241695034,0,0,0
1,-62.1969428484299,-65.08740563485877,-46.58421460441822,-48.71394310621727,-65.7749995213562,1,1,1
0,-65.77232859189185,-69.92135134394309,-79.73993888326383,-60.03719039569266,-86.22857435407128,0,0,1
0,-63.54429600951314,-69.28911338619794,-92.49640386232892,-69.92094641801546,-91.29321716821181,0,0,0
0,-79.98022074530806,-85.45421655482428,-103.97281378024923,-69.91045509787403,-107.70632897658311,0,1,0
1,-79.32676094716264,-83.6752685893479,-62.01215528310253,-59.925974643683055,-97.9304075320934,0,0,0
0,-100.83492532959987,-103.5980338363701,-101.84685695783492,-113.1825126568769,-131.38898241695034,0,0,0
1,-67.84998432174388,-70.59346352803874,-65.00509538889045,-53.252166257838574,-76.95430523001183,1,1,1
0,-63.54429600951314,-69.28911338619794,-92.49640386232892,-69.92094641801546,-91.29321716821181,0,0,0
0,-79.98022074530806,-85.45421655482428,-103.97281378024923,-70.3718638370093,-107.70632897658311,0,1,0
1,-79.32676094716264,-83.6752685893479,-62.01215528310253,-59.925974643683055,-97.9304075320934,0,0,0
0,-100.83492532959987,-103.5980338363701,-101.84685695783492,-113.1825126568769,-131.38898241695034,0,0,0
1,-67.84998432174388,-70.59346352803874,-65.00509538889045,-53.252166257838574,-76.95430523001183,1,1,1
0,-63.54429600951314,-69.28911338619794,-92.49640386232892,-69.92094641801546,-91.29321716821181,0,0,0
0,-71.51942085492276,-76.21119778549253,-112.12463872121762,-102.6567616323846,-105.15681247128805,0,0,0
1,-77.17880294041032,-79.88429437086624,-55.79465499665433,-82.68656133797862,-90.4514635366069,0,0,1
1,-67.84998432174388,-70.59346352803874,-65.00509538889045,-53.252166257838574,-76.95430523001183,1,1,1
0,-63.54429600951314,-69.28911338619794,-92.49640386232892,-69.92094641801546,-91.29321716821181,0,0,0
1,-72.39506258529649,-75.44382330413694,-65.00509538889045,-59.88793453394564,-88.4308552991639,0,1,0
1,-67.84998432174388,-70.59346352803874,-65.00509538889045,-53.252166257838574,-76.95430523001183,1,1,1
0,-68.80224076278773,-71.7952230432593,-74.21553578112656,-57.30284122431987,-91.0669014971257,0,0,0
1,-69.4340956828229,-69.4340956828229,-45.68470649185479,-48.223201871432565,-79.67377172757962,0,1,0
1,-57.29470468573362,-60.347613607939465,-54.90319267969074,-47.586952188575694,-73.76566248964085,0,0,0
0,-61.91824741703789,-65.9919332901923,-85.38477986147291,-63.00254177020804,-87.53368137547976,0,0,0
0,-57.00625935458337,-62.24729730370984,-117.1845608275567,-71.30111887394996,-88.69589170005067,0,1,0
0,-62.63493813846632,-68.45558157628076,-101.70684425456501,-66.03007875757852,-93.14699141483582,0,0,0
0,-78.45236859339067,-83.98824373551726,-109.13169087238175,-67.2596788608076,-111.1918758551052,0,0,0
1,-75.67154982251454,-80.0730801956868,-62.01215528310254,-54.808747834382764,-94.27519640744529,0,0,0
0,-87.78455541865675,-90.5482158007539,-100.9553946408713,-110.58900676505479,-118.07117381091814,0,0,0
1,-65.25079102301645,-68.10959768978705,-65.00509538889044,-47.88051643901334,-84.75231963968358,0,0,0
0,-57.00625935458337,-62.24729730370984,-117.1845608275567,-71.30111887394996,-88.69589170005067,0,1,0
0,-62.63493813846632,-68.45558157628076,-101.70684425456501,-66.15616625508625,-93.14699141483582,0,0,0
0,-78.45236859339067,-83.98824373551726,-109.13169087238175,-68.09682924689035,-111.1918758551052,0,0,0
1,-75.67154982251454,-80.0730801956868,-62.01215528310254,-54.808747834382764,-94.27519640744529,0,0,0
0,-87.78455541865675,-90.5482158007539,-100.9553946408713,-110.58900676505479,-118.07117381091814,0,0,0
1,-65.25079102301645,-68.10959768978705,-65.00509538889044,-47.88051643901334,-84.75231963968358,0,0,0
0,-57.00625935458337,-62.24729730370984,-117.1845608275567,-70.58018366486948,-88.69589170005067,0,1,0
0,-62.63493813846632,-68.45558157628076,-101.70684425456501,-66.15616625508625,-93.14699141483582,0,0,0
0,-73.95004121810922,-78.72409927370298,-100.46332979110375,-81.40846796429734,-100.62330425264062,0,1,0
1,-72.41555439684608,-75.15980041205997,-45.69275228745462,-71.77067281608781,-82.65764418028274,0,0,1
1,-65.25079102301645,-68.10959768978705,-65.00509538889044,-47.88051643901334,-84.75231963968358,0,0,0
0,-57.00625935458337,-62.24729730370984,-117.1845608275567,-71.30111887394996,-88.69589170005067,0,1,0
0,-62.63493813846632,-68.45558157628076,-101.70684425456501,-66.06038348977654,-93.14699141483582,0,0,0
1,-77.72504004095171,-80.84181373858708,-64.11363307192686,-50.047576731346645,-96.95912996252977,0,0,0
1,-65.25079102301645,-68.10959768978705,-65.00509538889044,-47.88051643901334,-84.75231963968358,0,0,0
0,-57.00625935458337,-62.24729730370984,-117.1845608275567,-71.30111887394996,-88.69589170005067,0,1,0
1,-66.49789693905763,-69.56586976677787,-55.79465499665433,-48.619905441411255,-72.83908572965474,1,1,1
1,-65.25079102301645,-68.10959768978705,-65.00509538889044,-47.88051643901334,-84.75231963968358,0,0,0
0,-70.49630049911323,-72.99643664812108,-121.3297177738838,-69.32752898599574,-106.89521583127836,0,0,0
1,-74.04329942951308,-74.04329942951308,-73.31602766856312,-58.70240109088452,-92.5723718272823,0,1,0
1,-59.48250623476639,-62.449233922004574,-27.271871502982368,-51.33127901008031,-57.266859977261916,1,1,1
0,-60.00720348139303,-64.17080332067427,-79.54157375061116,-60.669147502090894,-80.40393970377666,0,0,1
0,-62.32914648663639,-67.6923562065781,-98.85660130807686,-80.23009268920076,-91.98612687905944,0,0,0
0,-81.67452717471488,-87.18527842482388,-91.60227240487313,-68.5220427509277,-109.15520889617682,0,0,0
1,-82.12139320665176,-86.53559492661935,-62.01215528310255,-61.191063756277785,-100.72503979158253,0,0,0
0,-101.38332680680627,-104.17072457011892,-101.84685695783492,-116.98692478594194,-128.471647991357,0,1,0
1,-63.75706702364559,-66.54669653528397,-54.90319267969072,-46.27728942467753,-76.76228892475308,0,0,1
0,-62.32914648663639,-67.6923562065781,-98.85660130807686,-80.23009268920076,-91.98612687905944,0,0,0
0,-81.67452717471488,-87.18527842482388,-91.60227240487313,-68.5220427509277,-109.15520889617682,0,0,0
1,-82.12139320665176,-86.53559492661935,-62.01215528310255,-61.191063756277785,-100.72503979158253,0,0,0
0,-101.38332680680627,-104.17072457011892,-101.84685695783492,-116.98692478594194,-128.471647991357,0,1,0
1,-63.75706702364559,-66.54669653528397,-54.90319267969072,-46.27728942467753,-76.76228892475308,0,0,1
0,-62.32914648663639,-67.6923562065781,-98.85660130807686,-80.23009268920076,-91.98612687905944,0,0,0
0,-70.78099692582234,-75.51180669127947,-103.8056606459451,-81.4252668383268,-101.92269511960586,0,0,0
1,-71.14096378121397,-73.90958518258371,-55.794654996654344,-65.44600005391807,-87.87936028021028,0,0,0
1,-63.75706702364559,-66.54669653528397,-54.90319267969072,-46.27728942467753,-76.76228892475308,0,0,1
0,-62.32914648663639,-67.6923562065781,-98.85660130807686,-80.23009268920076,-91.98612687905944,0,0,0
1,-71.11994707277057,-74.20517651962986,-45.69275228745462,-47.91020227891489,-74.43056505060778,1,1,1
1,-63.75706702364559,-66.54669653528397,-54.90319267969072,-46.27728942467753,-76.76228892475308,0,0,1
0,-65.0950668801128,-67.68678426709923,-100.95272550037912,-57.680906109670964,-95.38088453022652,0,0,0
1,-66.48817709561483,-66.48817709561483,-64.10558727632701,-43.51298777681437,-75.32264557011375,1,1,1
1,-58.05095774812052,-60.94640335759028,-36.482311895218494,-48.42460300470553,-65.52991541388634,0,0,1
0,-63.17960909058423,-67.24567383967337,-77.3601436315627,-62.550201867838595,-86.38765218005304,0,0,0
0,-68.36145643781545,-73.81758784141951,-107.37394451600204,-74.57232773290562,-100.57363979261606,0,0,0
1,-63.297099581316196,-69.26175544785063,-77.59081585810075,-68.9681220331318,-86.57434433874641,0,0,0
0,-61.77624693390869,-67.13531745891225,-109.31393393559881,-78.51120220151721,-94.57042711458833,0,0,0
0,-62.29366547435275,-68.09541013688415,-104.59187533810322,-68.44610338855239,-88.17816663244317,0,2,0
0,-76.0855794344788,-81.4698580815441,-93.01339519721509,-73.67190020882182,-103.98959799364333,0,0,0
1,-74.73199324348816,-79.0331747970437,-71.22259567533865,-58.30402913695361,-92.63303604329003,0,0,1
0,-87.41340773873078,-90.19198617506908,-113.01340883910343,-109.73615146807163,-117.85169448766209,0,1,0
1,-64.3310287299393,-67.02535695935012,-55.79465499665433,-44.49804718898417,-77.60368932613588,0,0,1
0,-68.36145643781545,-73.81758784141951,-107.37394451600204,-75.3109298578621,-100.57363979261606,0,0,0
1,-63.297099581316196,-69.26175544785063,-77.59081585810075,-68.9681220331318,-86.57434433874641,0,0,0
0,-61.77624693390869,-67.13531745891225,-109.31393393559881,-86.70533579919868,-94.57042711458833,0,0,0
0,-62.29366547435275,-68.09541013688415,-104.59187533810322,-68.44610338855239,-88.17816663244317,0,2,0
0,-76.0855794344788,-81.4698580815441,-93.01339519721509,-63.29017409309884,-103.98959799364333,0,0,0
1,-74.73199324348816,-79.0331747970437,-71.22259567533865,-58.30402913695361,-92.63303604329003,0,0,1
0,-87.41340773873078,-90.19198617506908,-113.01340883910343,-108.82083064541473,-117.85169448766209,0,1,0
1,-64.3310287299393,-67.02535695935012,-55.79465499665433,-44.49804718898417,-77.60368932613588,0,0,1
0,-68.46534918136977,-73.90376601196633,-97.96513899111324,-65.37908521527821,-97.85489087870374,0,0,0
0,-66.70578499997154,-72.5646064429404,-119.02917941259,-97.81166378868332,-102.41453882374853,0,0,0
0,-62.29366547435275,-68.09541013688415,-104.59187533810322,-68.44610338855239,-88.17816663244317,0,2,0
0,-76.0855794344788,-81.4698580815441,-93.01339519721509,-63.29017409309884,-103.98959799364333,0,0,0
1,-74.73199324348816,-79.0331747970437,-71.22259567533865,-58.30402913695361,-92.63303604329003,0,0,1
0,-87.41340773873078,-90.19198617506908,-113.01340883910343,-109.73615146807163,-117.85169448766209,0,1,0
1,-64.3310287299393,-67.02535695935012,-55.79465499665433,-44.49804718898417,-77.60368932613588,0,0,1
0,-68.46534918136977,-73.90376601196633,-97.96513899111324,-67.95791095514588,-97.85489087870374,0,0,0
0,-66.70578499997154,-72.5646064429404,-119.02917941259,-97.81166378868332,-102.41453882374853,0,0,0
0,-62.29366547435275,-68.09541013688415,-104.59187533810322,-68.44610338855239,-88.17816663244317,0,2,0
0,-58.840378826103745,-63.40667448049458,-85.38477986147288,-62.59230996182982,-84.4558127845456,0,0,0
1,-67.33145184359289,-70.02300410516877,-73.32407346416295,-58.718097881272804,-85.86293798004205,0,0,1
1,-64.3310287299393,-67.02535695935012,-55.79465499665433,-44.49804718898417,-77.60368932613588,0,0,1
0,-68.46534918136977,-73.90376601196633,-97.96513899111324,-65.37908521527821,-97.85489087870374,0,0,0
0,-66.70578499997154,-72.5646064429404,-119.02917941259,-97.81166378868332,-102.41453882374853,0,0,0
0,-62.29366547435275,-68.09541013688415,-104.59187533810322,-68.44610338855239,-88.17816663244317,0,2,0
1,-70.48882993732933,-73.44549629974051,-66.06974456095926,-52.939005360399236,-86.84401740281739,0,1,0
1,-64.3310287299393,-67.02535695935012,-55.79465499665433,-44.49804718898417,-77.60368932613588,0,0,1
0,-68.46534918136977,-73.90376601196633,-97.96513899111324,-65.37908521527821,-97.85489087870374,0,0,0
0,-66.70578499997154,-72.5646064429404,-119.02917941259,-97.81166378868332,-102.41453882374853,0,0,0
1,-71.35538406598478,-74.38712128715852,-68.83159558059711,-52.72298949728696,-86.51180129682336,0,2,0
1,-64.3310287299393,-67.02535695935012,-55.79465499665433,-44.49804718898417,-77.60368932613588,0,0,1
0,-68.46534918136977,-73.90376601196633,-97.96513899111324,-67.87533896459821,-97.85489087870374,0,0,0
0,-70.06981280450572,-73.15295747436458,-140.64473001581177,-110.97738100487011,-112.26323180924925,0,0,0
1,-66.37935679060267,-69.26086798727825,-73.32407346416295,-59.56964621260476,-88.37657882985155,0,0,0
0,-70.06981280450572,-73.15295747436458,-140.64473001581177,-110.97738100487011,-112.26323180924925,0,0,0
1,-67.1308651766823,-67.1308651766823,-54.89514688409092,-64.34217380209986,-80.13367333910986,0,1,0
1,-60.56686648510689,-63.48990395890609,-45.69275228745461,-53.04971501189584,-70.80895626854355,0,1,0
0,-62.582875024754536,-66.38013334768257,-94.67140166795213,-74.6219196735534,-87.51855962234045,0,0,1
0,-64.73114598857343,-68.99230719961662,-97.95978539459122,-89.95170656130168,-94.1190816069508,0,0,0
1,-66.89068385232719,-69.98328122515079,-48.54032609345063,-58.68150085350714,-77.98704577756266,0,0,1
1,-63.389723257612125,-65.81524506086184,-73.32140432367078,-57.46081977790082,-85.38614455471335,0,0,0
0,-64.73114598857343,-68.99230719961662,-97.95978539459122,-73.34450010881056,-94.1190816069508,0,0,0
1,-66.89068385232719,-69.98328122515079,-48.54032609345063,-58.68150085350714,-77.98704577756266,0,0,1
1,-63.389723257612125,-65.81524506086184,-73.32140432367078,-57.46081977790082,-85.38614455471335,0,0,0
0,-69.47214789957448,-72.0877287920198,-91.742285108143,-56.12171135884036,-96.99483343201737,0,0,0
1,-69.63493576611522,-69.63493576611522,-64.10558727632703,-46.21344894126092,-88.86661194901333,0,0,0
1,-56.35376330927952,-59.34235048039374,-55.79465499665435,-48.92718820592349,-62.694952099876645,1,1,1
0,-59.85131932506313,-64.01082581453522,-98.85391685204699,-62.857391734440746,-89.50749438067723,0,0,0
0,-59.88169313524408,-65.23065940919169,-117.2774820925491,-67.75109637048877,-95.0649377630088,0,0,0
0,-86.58679599175774,-92.46686594853543,-100.8153819376014,-89.67507801767623,-116.83141057303816,0,0,0
0,-124.64002688829567,-129.84780142693904,-105.76445659100739,-105.14625779732374,-152.90362796279814,0,0,1
1,-93.79914259360834,-98.24344546749053,-85.38477986147291,-72.78811827781557,-115.94884064925049,0,1,0
0,-92.78701022261951,-95.49392915350514,-110.16583503310743,-128.21460231974595,-125.83676073255174,0,0,0
1,-63.12712113124086,-65.9126572930701,-65.00509538889045,-43.03999031389261,-79.16291384510828,0,0,1
0,-59.88169313524408,-65.23065940919169,-117.2774820925491,-67.75109637048877,-95.0649377630088,0,0,0
0,-86.58679599175774,-92.46686594853543,-100.8153819376014,-100.0342152815261,-116.83141057303816,0,0,0
0,-124.64002688829567,-129.84780142693904,-105.76445659100739,-105.14625779732374,-152.90362796279814,0,0,1
1,-93.79914259360834,-98.24344546749053,-85.38477986147291,-72.78811827781557,-115.94884064925049,0,1,0
0,-92.78701022261951,-95.49392915350514,-110.16583503310743,-128.21460231974595,-125.83676073255174,0,0,0
1,-63.12712113124086,-65.9126572930701,-65.00509538889045,-43.03999031389261,-79.16291384510828,0,0,1
0,-59.88169313524408,-65.23065940919169,-117.2774820925491,-67.77355989026425,-95.0649377630088,0,0,0
0,-86.58679599175774,-92.46686594853543,-100.8153819376014,-89.45905287734733,-116.83141057303816,0,0,0
1,-80.4358167117865,-84.86137237148343,-88.75201414284727,-60.48851759829448,-107.06142095464068,0,0,0
0,-110.94366095100038,-113.74494761315324,-94.5925280546312,-115.66311359367216,-139.32141936738975,0,0,0
1,-63.12712113124086,-65.9126572930701,-65.00509538889045,-43.03999031389261,-79.16291384510828,0,0,1
0,-59.88169313524408,-65.23065940919169,-117.2774820925491,-69.9049398901071,-95.0649377630088,0,0,0
0,-69.80482905536898,-74.56546402211812,-106.96581161783584,-89.72511267011467,-101.89457254071974,0,0,0
1,-76.75482409161417,-79.53736353958176,-74.21553578112655,-77.82597186485658,-95.55374892315241,0,0,1
1,-63.12712113124086,-65.9126572930701,-65.00509538889045,-43.03999031389261,-79.16291384510828,0,0,1
0,-59.88169313524408,-65.23065940919169,-117.2774820925491,-69.9049398901071,-95.0649377630088,0,0,0
1,-67.19800441669926,-70.31562317171908,-76.17164727015894,-65.84746687703264,-90.04949859774695,0,0,0
1,-63.12712113124086,-65.9126572930701,-65.00509538889045,-43.03999031389261,-79.16291384510828,0,0,1
0,-72.12951854037698,-74.73844602614146,-100.95272550037913,-59.28273684693183,-102.41533619049072,0,0,0
1,-73.8250043657444,-73.8250043657444,-82.52646806079923,-53.26266858908953,-98.58294478398417,0,0,0
0,-85.73328095765613,-88.66647555937705,-118.8815433736853,-98.09858268916123,-121.39774396976173,0,0,0
1,-72.85962591448977,-77.15203720736393,-62.012155283102544,-55.62653797665759,-87.9975365966208,0,0,1
0,-70.66985608902606,-75.89756201550405,-103.80834510197498,-96.65729628958206,-101.81235961961855,0,0,0
0,-65.74733057404603,-71.24177818900895,-104.70247655943075,-84.90369520836283,-97.15807354187525,0,0,0
0,-61.52373749871628,-67.1500052552612,-122.23189502693937,-77.2794861460823,-98.19330600679808,0,0,0
0,-60.411229590754516,-66.33149332037686,-91.494290335287,-64.25847414573761,-87.85951669134062,0,0,0
0,-87.72288203557089,-93.32061519560318,-91.60227240487315,-78.63749833303318,-111.73782785423312,0,1,0
1,-76.10847053727478,-80.35275825263942,-77.58546226157873,-57.22544116275579,-95.91837331294867,0,1,0
0,-89.31514262277294,-92.01057375392261,-103.80296844686731,-115.31421154799781,-116.99029725403341,0,0,1
0,-67.16326367851391,-70.24079576500428,-112.3203116547925,-87.84607410327497,-100.85935717495167,0,0,0
1,-68.3626750648171,-72.60853342618505,-83.88798427152354,-65.30460154540495,-88.0360089029336,0,0,2
0,-65.74733057404603,-71.24177818900895,-104.70247655943075,-83.02159606297685,-97.15807354187525,0,0,0
0,-61.52373749871628,-67.1500052552612,-122.23189502693937,-77.2794861460823,-98.19330600679808,0,0,0
0,-60.411229590754516,-66.33149332037686,-91.494290335287,-64.686333603596,-87.85951669134062,0,0,0
0,-87.72288203557089,-93.32061519560318,-91.60227240487315,-78.63749833303318,-111.73782785423312,0,1,0
1,-76.10847053727478,-80.35275825263942,-77.58546226157873,-57.22544116275579,-95.91837331294867,0,1,0
0,-89.31514262277294,-92.01057375392261,-103.80296844686731,-115.31421154799781,-116.99029725403341,0,0,1
1,-63.332638906794706,-66.36361806177885,-54.90319267969074,-53.21496978193804,-76.3378608079022,0,1,0
0,-67.65811973596976,-71.7202731622679,-73.32676566324076,-67.1730168354021,-86.19041353214227,0,0,1
0,-61.52373749871628,-67.1500052552612,-122.23189502693937,-77.2794861460823,-98.19330600679808,0,0,0
0,-60.411229590754516,-66.33149332037686,-91.494290335287,-64.25847414573761,-87.85951669134062,0,0,0
0,-87.72288203557089,-93.32061519560318,-91.60227240487315,-78.63749833303318,-111.73782785423312,0,1,0
1,-76.10847053727478,-80.35275825263942,-77.58546226157873,-57.22544116275579,-95.91837331294867,0,1,0
0,-89.31514262277294,-92.01057375392261,-103.80296844686731,-115.31421154799781,-116.99029725403341,0,0,1
1,-70.56857691649166,-73.415851136406,-45.69275228745462,-48.184293387050715,-80.81066669992833,0,0,1
0,-61.52373749871628,-67.1500052552612,-122.23189502693937,-77.2794861460823,-98.19330600679808,0,0,0
0,-60.411229590754516,-66.33149332037686,-91.494290335287,-64.4958006446292,-87.85951669134062,0,0,0
0,-87.72288203557089,-93.32061519560318,-91.60227240487315,-77.31925339581599,-111.73782785423312,0,1,0
1,-76.10847053727478,-80.35275825263942,-77.58546226157873,-57.22544116275579,-95.91837331294867,0,1,0
0,-89.31514262277294,-92.01057375392261,-103.80296844686731,-115.31421154799781,-116.99029725403341,0,0,1
1,-70.56857691649166,-73.415851136406,-45.69275228745462,-50.224839906332086,-80.81066669992833,0,0,1
0,-61.52373749871628,-67.1500052552612,-122.23189502693937,-77.2794861460823,-98.19330600679808,0,0,0
0,-60.411229590754516,-66.33149332037686,-91.494290335287,-64.25847414573761,-87.85951669134062,0,0,0
0,-71.64000581529704,-76.46613620192754,-111.62988167237228,-78.32108136532761,-105.12897031700874,0,0,0
1,-75.86229982761925,-78.46357133125457,-55.79465499665434,-57.67449306671298,-89.13496042381583,0,0,1
1,-70.56857691649166,-73.415851136406,-45.69275228745462,-50.224839906332086,-80.81066669992833,0,0,1
0,-61.52373749871628,-67.1500052552612,-122.23189502693937,-77.2794861460823,-98.19330600679808,0,0,0
0,-60.411229590754516,-66.33149332037686,-91.494290335287,-64.686333603596,-87.85951669134062,0,0,0
1,-70.68071395912733,-73.8638281340285,-66.06974456095926,-44.216981829555536,-87.03590142461539,0,1,0
1,-70.56857691649166,-73.415851136406,-45.69275228745462,-49.3184074957505,-80.81066669992833,0,0,1
0,-61.52373749871628,-67.1500052552612,-122.23189502693937,-74.76866953504954,-98.19330600679808,0,0,0
1,-67.55300368455728,-70.70737579431002,-49.91598274446663,-49.180651055566145,-79.06206260509755,0,0,1
1,-70.56857691649166,-73.415851136406,-45.69275228745462,-50.224839906332086,-80.81066669992833,0,0,1
0,-66.99310463377283,-70.05704555807165,-93.70106573766762,-55.316948130811184,-95.10342435507312,0,0,0
1,-66.44821788147749,-66.44821788147749,-64.10558727632703,-41.85433033764077,-85.6798940643756,0,0,0
0,-87.73634443186636,-90.65787285689294,-101.84685695783489,-101.16659636502108,-118.29040151921683,0,0,0
1,-70.29566892397176,-74.5129400939356,-43.591274498630305,-52.63005744528278,-72.97584356516167,1,1,1
0,-69.8447021552484,-75.08965350685773,-134.80690056005773,-93.97633168466191,-110.28677232326572,0,0,0
0,-63.20374034861262,-68.73907035789203,-114.97756612373567,-81.10908724280122,-97.69701018573332,0,0,0
0,-59.91479298777877,-65.32851220327623,-122.2292258864472,-102.47738366723331,-96.58356075371293,0,0,0
0,-60.91930373260259,-65.67354936394628,-87.04818991748269,-62.81879686157991,-87.03376070784739,0,0,0
1,-64.96983871446305,-68.08739137418,-65.00509538889044,-54.75686160269691,-84.47136733113018,0,0,0
0,-67.81706602703407,-70.81945799061411,-111.05729735007101,-89.64858114602123,-101.13425523205538,0,0,0
1,-69.78672862501206,-74.04364676816093,-77.58546226157874,-64.88000920631828,-93.06236730348569,0,0,0
0,-63.20374034861262,-68.73907035789203,-114.97756612373567,-81.10908724280122,-97.69701018573332,0,0,0
0,-59.91479298777877,-65.32851220327623,-122.2292258864472,-102.47738366723331,-96.58356075371293,0,0,0
0,-60.91930373260259,-65.67354936394628,-87.04818991748269,-62.81879686157991,-87.03376070784739,0,0,0
1,-64.96983871446305,-68.08739137418,-65.00509538889044,-54.75686160269691,-84.47136733113018,0,0,0
1,-61.51410984590937,-64.55614878267443,-45.69275228745461,-52.136147371221746,-71.75619962934603,0,1,0
0,-65.12177816844064,-69.21778777205805,-76.17433946923677,-64.12604458277318,-84.50834410641195,0,0,1
0,-59.91479298777877,-65.32851220327623,-122.2292258864472,-70.04295188006596,-96.58356075371293,0,0,0
0,-60.91930373260259,-65.67354936394628,-87.04818991748269,-62.81879686157991,-87.03376070784739,0,0,0
1,-64.96983871446305,-68.08739137418,-65.00509538889044,-54.75686160269691,-84.47136733113018,0,0,0
1,-69.6165220748786,-72.4976524721122,-75.28018495319537,-48.0809073571175,-88.7348416580375,0,0,1
0,-59.91479298777877,-65.32851220327623,-122.2292258864472,-74.65449231277033,-96.58356075371293,0,0,0
0,-60.91930373260259,-65.67354936394628,-87.04818991748269,-62.81879686157991,-87.03376070784739,0,0,0
1,-64.96983871446305,-68.08739137418,-65.00509538889044,-54.75686160269691,-84.47136733113018,0,0,0
1,-69.6165220748786,-72.4976524721122,-75.28018495319537,-49.307429734114216,-88.7348416580375,0,0,1
0,-59.91479298777877,-65.32851220327623,-122.2292258864472,-74.65449231277033,-96.58356075371293,0,0,0
1,-65.99902494598015,-69.1102543655945,-46.5842146044182,-45.638108140317854,-76.50855342450589,0,1,0
1,-69.6165220748786,-72.4976524721122,-75.28018495319537,-49.307429734114216,-88.7348416580375,0,0,1
0,-70.8516991979345,-73.83910920894853,-101.84685695783492,-75.58646558025492,-101.40575628528497,0,0,0
1,-72.29346165384842,-72.29346165384842,-45.68470649185479,-48.32223619365791,-82.53313769860515,0,1,0
1,-56.718010323940646,-59.70918825599966,-30.108907591372578,-47.585999350427265,-49.27149827133078,2,2,2
0,-61.75574193288067,-65.94494419907406,-75.40403214253031,-60.26273374651396,-84.37695157563977,0,0,0
0,-65.58179174618583,-70.97849807602002,-110.02315318934536,-88.81571318058974,-98.58873770298943,0,0,0
0,-60.37438717978769,-66.27621705013657,-73.38242589354577,-52.66949851812259,-82.38911494785143,0,0,0
0,-67.07954628855626,-72.94341022744867,-70.16330009979187,-74.64075959588176,-84.6628004156941,0,1,0
0,-58.31375009966235,-64.3223385763739,-99.75073276553262,-62.79189354193235,-88.23896992932214,0,0,0
0,-61.05208462836078,-65.96269202160701,-102.0167022912168,-76.28001177096387,-91.65709531572583,0,0,0
0,-61.793629121822235,-66.40867003526988,-94.59522025370902,-67.1492257787418,-86.70645929513522,0,1,0
1,-62.92091338802071,-65.94191626983579,-46.584214604418214,-52.64981910511717,-64.47164452040616,1,2,1
1,-60.355297943054644,-63.13895666349167,-82.73287898905174,-44.12295341555577,-85.17516163977017,0,0,0
0,-65.58179174618583,-70.97849807602002,-110.02315318934536,-88.81571318058974,-98.58873770298943,0,0,0
0,-60.37438717978769,-66.27621705013657,-73.38242589354577,-51.9879043513202,-82.38911494785143,0,0,0
0,-67.07954628855626,-72.94341022744867,-70.16330009979187,-74.64075959588176,-84.6628004156941,0,1,0
0,-58.31375009966235,-64.3223385763739,-99.75073276553262,-62.79189354193235,-88.23896992932214,0,0,0
0,-61.05208462836078,-65.96269202160701,-102.0167022912168,-76.28001177096387,-91.65709531572583,0,0,0
0,-61.793629121822235,-66.40867003526988,-94.59522025370902,-67.1492257787418,-86.70645929513522,0,1,0
1,-62.92091338802071,-65.94191626983579,-46.584214604418214,-52.64981910511717,-64.47164452040616,1,2,1
1,-60.355297943054644,-63.13895666349167,-82.73287898905174,-44.12295341555577,-85.17516163977017,0,0,0
0,-65.58179174618583,-70.97849807602002,-110.02315318934536,-74.51522622374513,-98.58873770298943,0,0,0
0,-60.37438717978769,-66.27621705013657,-73.38242589354577,-52.66949851812259,-82.38911494785143,0,0,0
0,-67.07954628855626,-72.94341022744867,-70.16330009979187,-74.64075959588176,-84.6628004156941,0,1,0
0,-58.31375009966235,-64.3223385763739,-99.75073276553262,-62.17539522449533,-88.23896992932214,0,0,0
0,-61.05208462836078,-65.96269202160701,-102.0167022912168,-76.28001177096387,-91.65709531572583,0,0,0
1,-68.60448181394823,-71.573942408798,-81.84141667208814,-50.37752613708872,-89.69117091277495,0,1,0
1,-60.355297943054644,-63.13895666349167,-82.73287898905174,-44.12295341555577,-85.17516163977017,0,0,0
0,-65.58179174618583,-70.97849807602002,-110.02315318934536,-88.81571318058974,-98.58873770298943,0,0,0
0,-60.37438717978769,-66.27621705013657,-73.38242589354577,-52.66949851812259,-82.38911494785143,0,0,0
0,-67.07954628855626,-72.94341022744867,-70.16330009979187,-74.64075959588176,-84.6628004156941,0,1,0
0,-58.31375009966235,-64.3223385763739,-99.75073276553262,-61.11051023961871,-88.23896992932214,0,0,0
1,-68.62493498177297,-71.07321467952556,-72.01844452823205,-68.00772880223909,-86.76473243744286,0,1,0
1,-60.355297943054644,-63.13895666349167,-82.73287898905174,-44.12295341555577,-85.17516163977017,0,0,0
0,-65.58179174618583,-70.97849807602002,-110.02315318934536,-88.81571318058974,-98.58873770298943,0,0,0
0,-60.37438717978769,-66.27621705013657,-73.38242589354577,-52.66949851812259,-82.38911494785143,0,0,0
0,-67.07954628855626,-72.94341022744867,-70.16330009979187,-84.78231271221047,-84.6628004156941,0,1,0
1,-64.67869058832005,-67.77018036738951,-73.32407346416295,-66.15380135068474,-86.67591262756893,0,0,0
1,-60.355297943054644,-63.13895666349167,-82.73287898905174,-44.12295341555577,-85.17516163977017,0,0,0
0,-65.58179174618583,-70.97849807602002,-110.02315318934536,-88.81571318058974,-98.58873770298943,0,0,0
0,-60.37438717978769,-66.27621705013657,-73.38242589354577,-52.66949851812259,-82.38911494785143,0,0,0
1,-68.97711354395194,-71.7559822646514,-76.17164727015897,-67.79950003526946,-81.43140001660046,1,1,1
1,-60.355297943054644,-63.13895666349167,-82.73287898905174,-44.12295341555577,-85.17516163977017,0,0,0
0,-65.58179174618583,-70.97849807602002,-110.02315318934536,-74.04246249281175,-98.58873770298943,0,0,0
1,-76.88459390992155,-80.00028524834906,-83.42597617336267,-84.96319366654774,-101.91238676193035,0,0,0
1,-60.355297943054644,-63.13895666349167,-82.73287898905174,-44.12295341555577,-85.17516163977017,0,0,0
0,-69.69576241555777,-72.2993744869458,-102.90883698941155,-71.76797708972408,-100.56841351238123,0,0,0
1,-67.47867997991739,-67.47867997991739,-89.94526564227719,-51.17898199703646,-94.46225967260054,0,0,0
0,-98.91648382979719,-101.84635318956737,-92.63641656559876,-110.46142310603915,-126.70740879947681,0,0,0
1,-74.5822406741134,-79.01500241653208,-62.01215528310254,-57.69969245736862,-89.72015135624443,0,0,1
0,-82.76053144944237,-88.07425891601709,-144.0173409522938,-99.52541693748715,-125.9657337351305,0,0,0
0,-62.62950819417053,-68.21823870440623,-104.70247655943075,-71.8533720892366,-94.04025116199975,0,0,0
0,-61.121746641809125,-66.57065164901213,-122.22922588644721,-82.09735531678109,-97.79051440774329,0,0,0
0,-62.41448162478895,-67.0922517913576,-85.0920784284503,-75.36946426837788,-84.47636925052431,0,1,0
1,-62.048369689097434,-65.14984550924184,-37.37377421218209,-53.12598611917882,-62.863294244352886,1,1,1
0,-69.60845661592843,-72.63567481259076,-103.8029684468673,-87.95026888162505,-97.2836112471889,0,1,0
1,-62.734777775616585,-67.15384609407366,-54.90588487876854,-54.97038745502134,-79.20654323924714,0,0,0
0,-62.62950819417053,-68.21823870440623,-104.70247655943075,-71.8533720892366,-94.04025116199975,0,0,0
0,-61.121746641809125,-66.57065164901213,-122.22922588644721,-96.95779769433969,-97.79051440774329,0,0,0
0,-62.41448162478895,-67.0922517913576,-85.0920784284503,-75.36946426837788,-84.47636925052431,0,1,0
1,-62.048369689097434,-65.14984550924184,-37.37377421218209,-53.12598611917882,-62.863294244352886,1,1,1
1,-60.102290644305356,-63.11581541700606,-36.482311895218494,-49.69207218853499,-67.58124831007119,0,1,0
0,-64.27113221839859,-68.56432872528437,-74.21822798020435,-62.58512652812016,-86.53660061245989,0,0,0
0,-61.121746641809125,-66.57065164901213,-122.22922588644721,-96.95779769433969,-97.79051440774329,0,0,0
0,-62.41448162478895,-67.0922517913576,-85.0920784284503,-75.36946426837788,-84.47636925052431,0,1,0
1,-62.048369689097434,-65.14984550924184,-37.37377421218209,-53.12598611917882,-62.863294244352886,1,1,1
1,-65.20474879815791,-68.09240175928731,-55.794654996654344,-44.50845504690277,-81.94314529715422,0,0,0
0,-61.121746641809125,-66.57065164901213,-122.22922588644721,-82.09735531678109,-97.79051440774329,0,0,0
0,-62.41448162478895,-67.0922517913576,-85.0920784284503,-75.36946426837788,-84.47636925052431,0,1,0
1,-62.048369689097434,-65.14984550924184,-37.37377421218209,-53.12598611917882,-62.863294244352886,1,1,1
1,-65.20474879815791,-68.09240175928731,-55.794654996654344,-45.242023116062455,-81.94314529715422,0,0,0
0,-61.121746641809125,-66.57065164901213,-122.22922588644721,-82.09735531678109,-97.79051440774329,0,0,0
1,-68.27668119199441,-71.36013538815702,-40.01244516791961,-58.58702554054375,-74.78735329902975,0,2,0
1,-65.20474879815791,-68.09240175928731,-55.794654996654344,-44.50845504690277,-81.94314529715422,0,0,0
0,-60.790553228183065,-63.82243801361863,-92.6364165655988,-74.87065922646164,-88.58147819786271,0,0,0
1,-63.076179995931504,-63.076179995931504,-62.313944465568866,-39.69676463363014,-81.77036333560216,0,0,0
1,-58.037442529262336,-61.050887374474975,-49.91598274446663,-60.991099963500375,-73.01223735260233,0,0,0
0,-56.377036996727966,-60.488998049934516,-88.75201414284729,-59.20206926798514,-83.00264123958215,0,0,0
0,-58.95887490871637,-64.27954130904288,-117.99550770058015,-72.58477974209856,-94.35752721889041,0,0,0
0,-63.58116156703254,-69.36727611942645,-85.39013345799488,-66.17742389132233,-89.198201604431,0,0,0
0,-78.89954600042677,-84.42705113902319,-89.64616091584074,-76.94190161744163,-105.79339427517898,0,0,0
1,-78.11265833361789,-82.52495246423032,-70.33113335837506,-57.85082378649985,-99.2119983411304,0,0,0
0,-89.70035163873068,-92.49394641021226,-93.70106573766762,-93.27933133314511,-117.81067136003097,0,0,0
1,-61.372927697806325,-64.27000954462908,-47.64886377648702,-46.77727769729287,-65.27037912235325,1,1,1
0,-58.95887490871637,-64.27954130904288,-117.99550770058015,-72.58477974209856,-94.35752721889041,0,0,0
0,-63.58116156703254,-69.36727611942645,-85.39013345799488,-66.17742389132233,-89.198201604431,0,0,0
0,-78.89954600042677,-84.42705113902319,-89.64616091584074,-78.3978163348635,-105.79339427517898,0,0,0
1,-78.11265833361789,-82.52495246423032,-70.33113335837506,-56.39648785521182,-99.2119983411304,0,0,0
0,-89.70035163873068,-92.49394641021226,-93.70106573766762,-93.27933133314511,-117.81067136003097,0,0,0
1,-61.372927697806325,-64.27000954462908,-47.64886377648702,-46.77727769729287,-65.27037912235325,1,1,1
0,-58.95887490871637,-64.27954130904288,-117.99550770058015,-72.58477974209856,-94.35752721889041,0,0,0
0,-63.58116156703254,-69.36727611942645,-85.39013345799488,-65.77535742644481,-89.198201604431,0,0,0
0,-71.00972460067264,-75.76897847396951,-108.06435724428309,-82.65352097763561,-103.42903177395758,0,0,0
1,-73.01360062848238,-75.78031444049695,-57.75076648568675,-54.292686291970085,-90.3388305741884,0,0,0
1,-61.372927697806325,-64.27000954462908,-47.64886377648702,-46.77727769729287,-65.27037912235325,1,1,1
0,-58.95887490871637,-64.27954130904288,-117.99550770058015,-72.58477974209856,-94.35752721889041,0,0,0
0,-63.58116156703254,-69.36727611942645,-85.39013345799488,-66.12257553603823,-89.198201604431,0,0,0
1,-77.34989652221991,-80.46357007691893,-64.11363307192686,-59.496579928154596,-96.58398644379797,0,0,0
1,-61.372927697806325,-64.27000954462908,-47.64886377648702,-46.77727769729287,-65.27037912235325,1,1,1
0,-58.95887490871637,-64.27954130904288,-117.99550770058015,-72.58477974209856,-94.35752721889041,0,0,0
1,-65.75716389378151,-68.77703717651062,-37.3737742121821,-46.885751670584476,-73.50356025463641,0,1,0
1,-61.372927697806325,-64.27000954462908,-47.64886377648702,-46.77727769729287,-65.27037912235325,1,1,1
0,-66.49367571074086,-69.03289421560919,-102.90883698941155,-68.43870226359792,-97.36632680756432,0,0,0
1,-65.93279479520157,-65.93279479520157,-64.10558727632703,-42.03788574540878,-85.16447097809969,0,0,0
0,-84.17671394822213,-87.1080986017293,-101.84685695783489,-98.35815175388817,-111.26503513277287,0,1,0
1,-70.77903276401427,-74.98290789637754,-52.80171489086641,-60.9391697787991,-83.15381132847448,0,0,1
0,-76.83177056954045,-82.04169369711983,-100.81271279710927,-91.4754407506928,-107.07558440867324,0,0,0
0,-60.73537174739236,-66.18834235794719,-117.28015123304125,-84.05622627222907,-95.91941711730473,0,0,0
0,-59.51343547399311,-65.07307068547847,-130.55087310221188,-82.1803174437058,-98.67869740465667,0,0,0
0,-59.791286357776556,-65.64871363742922,-81.59075275873997,-61.47528336970425,-78.775450742058,0,2,0
0,-72.66869496370232,-78.19301646108974,-80.43572052360462,-62.9963846266153,-93.33367521798398,0,1,0
1,-76.10965668750725,-80.32237074800234,-49.9541410848704,-56.416769827138566,-87.63016311016865,0,1,0
0,-99.16708603305797,-101.84742982473682,-100.9553946408713,-114.67463166329793,-129.45370442531936,0,0,0
0,-60.94241121766501,-63.93140714364447,-113.01340883910342,-78.18664140043562,-91.38069796659632,0,1,0
1,-60.85122258149682,-65.07311250061574,-80.43303606757475,-56.836169983505016,-84.98113340176924,0,0,0
0,-60.73537174739236,-66.18834235794719,-117.28015123304125,-81.37268872857081,-95.91941711730473,0,0,0
0,-59.51343547399311,-65.07307068547847,-130.55087310221188,-87.44912869738148,-98.67869740465667,0,0,0
0,-59.791286357776556,-65.64871363742922,-81.59075275873997,-61.47528336970425,-78.775450742058,0,2,0
0,-72.66869496370232,-78.19301646108974,-80.43572052360462,-62.234686060119,-93.33367521798398,0,1,0
1,-76.10965668750725,-80.32237074800234,-49.9541410848704,-56.416769827138566,-87.63016311016865,0,1,0
0,-99.16708603305797,-101.84742982473682,-100.9553946408713,-114.67463166329793,-129.45370442531936,0,0,0
1,-62.85177903019874,-65.85878974293385,-40.01244516791961,-50.1692827917814,-74.85551258057463,0,0,0
0,-66.54755620974291,-70.5550207712853,-74.21822798020435,-63.485908778900914,-85.34728870100449,0,0,1
0,-59.51343547399311,-65.07307068547847,-130.55087310221188,-82.1803174437058,-98.67869740465667,0,0,0
0,-59.791286357776556,-65.64871363742922,-81.59075275873997,-61.47528336970425,-78.775450742058,0,2,0
0,-72.66869496370232,-78.19301646108974,-80.43572052360462,-62.9963846266153,-93.33367521798398,0,1,0
1,-76.10965668750725,-80.32237074800234,-49.9541410848704,-56.416769827138566,-87.63016311016865,0,1,0
0,-99.16708603305797,-101.84742982473682,-100.9553946408713,-114.67463166329793,-129.45370442531936,0,0,0
1,-69.17024741988237,-71.96283277504097,-37.37377421218209,-53.9553228030747,-69.98517197513782,1,1,1
0,-59.51343547399311,-65.07307068547847,-130.55087310221188,-87.44912869738148,-98.67869740465667,0,0,0
0,-59.791286357776556,-65.64871363742922,-81.59075275873997,-62.035028111211076,-78.775450742058,0,2,0
0,-72.66869496370232,-78.19301646108974,-80.43572052360462,-73.42753737235243,-93.33367521798398,0,1,0
1,-76.10965668750725,-80.32237074800234,-49.9541410848704,-56.416769827138566,-87.63016311016865,0,1,0
0,-99.16708603305797,-101.84742982473682,-100.9553946408713,-114.67463166329793,-129.45370442531936,0,0,0
1,-69.17024741988237,-71.96283277504097,-37.37377421218209,-49.796148894373346,-69.98517197513782,1,1,1
0,-59.51343547399311,-65.07307068547847,-130.55087310221188,-87.44912869738148,-98.67869740465667,0,0,0
0,-59.791286357776556,-65.64871363742922,-81.59075275873997,-61.47528336970425,-78.775450742058,0,2,0
0,-69.93687071678765,-74.68232484333087,-101.84954915691269,-78.6052269259357,-100.49173546386146,0,0,0
1,-74.26051928862562,-76.82765303052285,-46.58421460441821,-68.71373439069754,-84.77004776715135,0,0,1
1,-69.17024741988237,-71.96283277504097,-37.37377421218209,-49.796148894373346,-69.98517197513782,1,1,1
0,-59.51343547399311,-65.07307068547847,-130.55087310221188,-82.1803174437058,-98.67869740465667,0,0,0
0,-59.791286357776556,-65.64871363742922,-81.59075275873997,-61.80567916760286,-78.775450742058,0,2,0
1,-69.22035662356646,-72.32023043151182,-39.32988570121451,-42.735028688830695,-77.5535864311311,0,1,0
1,-69.17024741988237,-71.96283277504097,-37.37377421218209,-49.796148894373346,-69.98517197513782,1,1,1
0,-59.51343547399311,-65.07307068547847,-130.55087310221188,-82.1803174437058,-98.67869740465667,0,0,0
1,-71.89464793292723,-74.98927436102682,-40.01244516791961,-53.83726264069189,-71.47384823436312,1,2,1
1,-69.17024741988237,-71.96283277504097,-37.37377421218209,-49.796148894373346,-69.98517197513782,1,1,1
0,-74.900247903659,-77.89527866170594,-121.33238691437596,-75.75427389989441,-111.29996397797177,0,0,0
1,-74.70813590989775,-74.70813590989775,-64.10558727632703,-52.2889695809043,-90.47407618999614,0,0,1
1,-61.40289949112342,-64.35041889143305,-64.11363307192684,-62.570830847853635,-77.17125350990175,0,1,0
0,-63.043955174884644,-66.99973618138706,-92.63910876467659,-62.555125082920085,-90.83568780428762,0,0,0
0,-63.31101064691943,-68.5211098935348,-126.4879224847852,-73.15389127994602,-101.25738739235499,0,0,0
0,-94.69105697456926,-100.15314832855793,-100.81271279710924,-82.75135914545264,-124.93487081370203,0,0,0
1,-78.43272966938038,-82.78300189358568,-60.408804571900205,-59.456911386957685,-93.08963513815071,0,0,1
0,-85.37527601902492,-88.16261460664315,-101.8468569578349,-89.74061833243047,-115.9293331063754,0,0,0
1,-63.72271689116416,-66.46361869128279,-64.11363307192686,-47.670937705649955,-82.95680681274222,0,0,0
0,-63.31101064691943,-68.5211098935348,-126.4879224847852,-73.15389127994602,-101.25738739235499,0,0,0
0,-94.69105697456926,-100.15314832855793,-100.81271279710924,-83.11666042225546,-124.93487081370203,0,0,0
1,-78.43272966938038,-82.78300189358568,-60.408804571900205,-59.456911386957685,-93.08963513815071,0,0,1
0,-85.37527601902492,-88.16261460664315,-101.8468569578349,-89.74061833243047,-115.9293331063754,0,0,0
1,-63.72271689116416,-66.46361869128279,-64.11363307192686,-47.670937705649955,-82.95680681274222,0,0,0
0,-63.31101064691943,-68.5211098935348,-126.4879224847852,-73.15389127994602,-101.25738739235499,0,0,0
0,-80.10522895435113,-84.75784815582824,-94.59522025370899,-101.57685175465909,-108.48379503046382,0,0,0
1,-73.127067041147,-75.86770997337264,-66.96120687792285,-81.09953075490961,-89.74969320172413,0,0,1
1,-63.72271689116416,-66.46361869128279,-64.11363307192686,-47.670937705649955,-82.95680681274222,0,0,0
0,-63.31101064691943,-68.5211098935348,-126.4879224847852,-78.17281494067166,-101.25738739235499,0,0,0
1,-84.15118410492455,-87.194174014422,-54.90319267969073,-59.436318236662274,-100.62214190883176,0,0,0
1,-63.72271689116416,-66.46361869128279,-64.11363307192686,-47.670937705649955,-82.95680681274222,0,0,0
0,-73.86501324556757,-76.32023594767773,-91.74228510814301,-64.43549163579516,-101.38769877801047,0,0,0
1,-74.42441873645778,-74.42441873645778,-64.10558727632703,-64.5126233776954,-93.6560949193559,0,0,0
1,-59.63249945433795,-62.59922714157614,-37.164871361923595,-62.354809927177286,-65.28889941957448,0,2,0
0,-60.74582630981426,-64.94099936720902,-87.68736497077849,-60.37395949467517,-87.05203580104781,0,0,0
0,-60.34642865974668,-65.6716073193222,-110.02315318934536,-69.7679059581438,-93.35337461655028,0,0,0
0,-78.08885948431646,-83.5550729141263,-73.18139162040094,-65.15236095572594,-100.04327697043674,0,0,0
1,-82.0062216444626,-86.37824709282236,-57.46075725174194,-60.660059839749074,-99.24444881998518,0,0,0
0,-116.39889202512072,-119.18628978843337,-101.8468569578349,-124.50329405860948,-146.95294911247117,0,0,0
1,-63.68747379241111,-66.47710330404949,-54.90319267969072,-47.08376307626522,-76.6926956935186,0,0,1
0,-60.34642865974668,-65.6716073193222,-110.02315318934536,-69.7679059581438,-93.35337461655028,0,0,0
0,-78.08885948431646,-83.5550729141263,-73.18139162040094,-75.68862150431016,-100.04327697043674,0,0,0
1,-82.0062216444626,-86.37824709282236,-57.46075725174194,-59.32091587295268,-99.24444881998518,0,0,0
0,-116.39889202512072,-119.18628978843337,-101.8468569578349,-124.50329405860948,-146.95294911247117,0,0,0
1,-63.68747379241111,-66.47710330404949,-54.90319267969072,-47.08376307626522,-76.6926956935186,0,0,1
0,-60.34642865974668,-65.6716073193222,-110.02315318934536,-69.7679059581438,-93.35337461655028,0,0,0
0,-70.18521050092691,-74.85900608876784,-77.83774952524656,-79.794877465255,-90.07079945570116,0,1,0
1,-78.27433899097693,-81.03071823047148,-64.11363307192686,-81.20367981437963,-94.04269300975527,0,0,1
1,-63.68747379241111,-66.47710330404949,-54.90319267969072,-47.08376307626522,-76.6926956935186,0,0,1
0,-60.34642865974668,-65.6716073193222,-110.02315318934536,-69.7679059581438,-93.35337461655028,0,0,0
1,-68.60139667873239,-71.6595460577081,-45.692752287454624,-43.995884725788116,-78.84348646216905,0,1,0
1,-63.68747379241111,-66.47710330404949,-54.90319267969072,-47.08376307626522,-76.6926956935186,0,0,1
0,-69.65330411704274,-72.21545102868446,-91.74228510814302,-63.139530286145956,-97.17598964948564,0,0,0
1,-71.47517465105048,-71.47517465105048,-73.31602766856312,-49.12906870214752,-93.46998295161941,0,0,0
0,-100.87448069418267,-103.61579532924355,-82.53451385639904,-101.40898940586553,-125.63483485110238,0,0,0
0,-118.89588719876335,-123.18377516881715,-92.63910876467658,-102.6564232454953,-136.29041211976713,1,1,1
1,-73.51738453859173,-78.75330010621272,-80.43572052360462,-57.21325268477382,-97.64810069567311,0,0,0
0,-68.62957585476161,-74.29614675107133,-144.9114724097496,-124.32147647738093,-108.63728167488676,0,1,0
0,-57.63763271668787,-62.803529708800525,-96.61407554357874,-62.602788963479725,-83.15611947696176,0,0,1
0,-60.82036175629799,-65.49157477247189,-108.0643572442831,-69.03590026385027,-93.23966892958292,0,0,0
1,-64.48126805091836,-67.59403946321511,-48.54032609345063,-55.502783028023174,-68.64615817055437,1,1,1
0,-100.87448069418267,-103.61579532924355,-82.53451385639904,-101.40898940586553,-125.63483485110238,0,0,0
1,-74.4787908929721,-78.7941831354131,-70.33113335837506,-62.463587940362174,-92.11239499768489,0,1,0
0,-76.14921635343202,-81.40447848436278,-78.13313541429903,-73.80775778070489,-99.58915697772173,0,0,0
0,-57.63763271668787,-62.803529708800525,-96.61407554357874,-62.602788963479725,-83.15611947696176,0,0,1
0,-60.82036175629799,-65.49157477247189,-108.0643572442831,-76.96995940841231,-93.23966892958292,0,0,0
1,-64.48126805091836,-67.59403946321511,-48.54032609345063,-55.502783028023174,-68.64615817055437,1,1,1
0,-72.77298266812025,-75.71440458291839,-113.01340883910342,-76.7721483359775,-103.21126941705155,0,1,0
1,-67.39682583051834,-71.7315646362691,-60.05604379407012,-65.23620795823537,-75.0164312603402,1,1,1
0,-57.63763271668787,-62.803529708800525,-96.61407554357874,-62.602788963479725,-83.15611947696176,0,0,1
0,-60.82036175629799,-65.49157477247189,-108.0643572442831,-70.23726125066342,-93.23966892958292,0,0,0
1,-64.48126805091836,-67.59403946321511,-48.54032609345063,-55.502783028023174,-68.64615817055437,1,1,1
1,-61.89574298464852,-64.85651146275643,-47.64886377648702,-48.75235346639872,-76.19040211759463,0,0,0
0,-63.1031249495005,-66.9034044816268,-68.37235272885047,-46.54309427782804,-83.61483076815564,0,0,0
0,-60.82036175629799,-65.49157477247189,-108.0643572442831,-70.02526954164901,-93.23966892958292,0,0,0
1,-64.48126805091836,-67.59403946321511,-48.54032609345063,-55.502783028023174,-68.64615817055437,1,1,1
1,-63.514609737526776,-65.94091894201021,-64.11096393143467,-42.45563121240803,-79.28216301415746,0,1,0
0,-60.82036175629799,-65.49157477247189,-108.0643572442831,-69.03590026385027,-93.23966892958292,0,0,0
1,-64.48126805091836,-67.59403946321511,-48.54032609345063,-55.502783028023174,-68.64615817055437,1,1,1
1,-63.514609737526776,-65.94091894201021,-64.11096393143467,-42.45563121240803,-79.28216301415746,0,1,0
0,-63.10669014969145,-66.13488695413602,-84.49062534543148,-51.41790914927675,-88.4538777533209,0,0,0
1,-67.75949830492758,-67.75949830492758,-73.31602766856311,-46.92593184968689,-89.75430660549651,0,0,0
1,-59.14825409761908,-62.06104061451093,-30.108907591372578,-49.722871884838156,-64.71519047223113,0,0,1
0,-64.59329962309596,-68.87139908377831,-87.04818991748269,-66.35996405866153,-90.70775659834077,0,0,0
0,-66.82585121480356,-72.28717992712355,-113.07884483901854,-88.38248664994721,-100.74950466650913,0,0,0
1,-60.402867294391484,-66.31234397902682,-72.11941158882426,-58.23573739517116,-78.57295486823904,0,0,1
0,-62.201150899807686,-67.68907149180791,-109.33272514552662,-78.37112181098523,-95.00096844346567,0,0,0
0,-67.03713249725077,-72.8764856444332,-117.5385757105014,-72.58182373306802,-102.29870521040118,0,0,0
0,-82.4512776648541,-87.86752579931053,-100.81271279710924,-70.70016039877538,-112.69509150398687,0,0,0
1,-82.1309845642196,-86.46930238330397,-60.056043794070135,-61.30392732859298,-100.14779770244064,0,0,0
0,-92.22488285259767,-95.0049716987982,-101.8468569578349,-118.09309057266543,-122.77893993994815,0,0,0
1,-68.801443704537,-71.67399961946298,-45.89111742010731,-51.058675501736644,-79.10304302776946,0,0,1
0,-66.82585121480356,-72.28717992712355,-113.07884483901854,-80.30389264814654,-100.74950466650913,0,0,0
1,-60.402867294391484,-66.31234397902682,-72.11941158882426,-58.23573739517116,-78.57295486823904,0,0,1
0,-62.201150899807686,-67.68907149180791,-109.33272514552662,-78.37112181098523,-95.00096844346567,0,0,0
0,-67.03713249725077,-72.8764856444332,-117.5385757105014,-72.58182373306802,-102.29870521040118,0,0,0
0,-82.4512776648541,-87.86752579931053,-100.81271279710924,-70.70016039877538,-112.69509150398687,0,0,0
1,-82.1309845642196,-86.46930238330397,-60.056043794070135,-61.30392732859298,-100.14779770244064,0,0,0
0,-92.22488285259767,-95.0049716987982,-101.8468569578349,-118.09309057266543,-122.77893993994815,0,0,0
1,-68.801443704537,-71.67399961946298,-45.89111742010731,-51.058675501736644,-79.10304302776946,0,0,1
0,-72.39489561978645,-77.83862182561414,-104.87299427404376,-79.91270673016004,-103.85679390199958,0,0,0
0,-66.85932054937571,-72.6606092227031,-108.96117315776874,-93.14883963160716,-99.54767249670633,0,0,0
0,-67.03713249725077,-72.8764856444332,-117.5385757105014,-72.58182373306802,-102.29870521040118,0,0,0
0,-82.4512776648541,-87.86752579931053,-100.81271279710924,-69.05974060528739,-112.69509150398687,0,0,0
1,-82.1309845642196,-86.46930238330397,-60.056043794070135,-61.30392732859298,-100.14779770244064,0,0,0
0,-92.22488285259767,-95.0049716987982,-101.8468569578349,-118.09309057266543,-122.77893993994815,0,0,0
1,-68.801443704537,-71.67399961946298,-45.89111742010731,-51.058675501736644,-79.10304302776946,0,0,1
0,-72.39489561978645,-77.83862182561414,-104.87299427404376,-80.11949841417243,-103.85679390199958,0,0,0
0,-66.85932054937571,-72.6606092227031,-108.96117315776874,-93.14883963160716,-99.54767249670633,0,0,0
0,-67.03713249725077,-72.8764856444332,-117.5385757105014,-72.58182373306802,-102.29870521040118,0,0,0
0,-68.79218600284823,-73.4401828720051,-123.43058091327569,-80.65550402245776,-102.35562437403121,0,1,0
1,-71.82572625905122,-74.51846375953774,-37.3737742121821,-54.43993703680332,-79.57212261990612,0,0,1
1,-68.801443704537,-71.67399961946298,-45.89111742010731,-51.058675501736644,-79.10304302776946,0,0,1
0,-72.39489561978645,-77.83862182561414,-104.87299427404376,-79.91270673016004,-103.85679390199958,0,0,0
0,-66.85932054937571,-72.6606092227031,-108.96117315776874,-93.14883963160716,-99.54767249670633,0,0,0
0,-67.03713249725077,-72.8764856444332,-117.5385757105014,-72.58182373306802,-102.29870521040118,0,0,0
1,-78.05760589985609,-81.0600224504151,-65.00509538889045,-51.00581976866536,-97.55913451652322,0,0,0
1,-68.801443704537,-71.67399961946298,-45.89111742010731,-51.058675501736644,-79.10304302776946,0,0,1
0,-72.39489561978645,-77.83862182561414,-104.87299427404376,-79.91270673016004,-103.85679390199958,0,0,0
0,-66.85932054937571,-72.6606092227031,-108.96117315776874,-85.48489545842641,-99.54767249670633,0,0,0
1,-67.87212477542194,-70.95585275848423,-64.11363307192686,-50.0496530450855,-87.106214697,0,0,0
1,-68.801443704537,-71.67399961946298,-45.89111742010731,-51.058675501736644,-79.10304302776946,0,0,1
0,-72.39489561978645,-77.83862182561414,-104.87299427404376,-96.39040370573473,-103.85679390199958,0,0,0
0,-71.71917189101012,-74.7436209943081,-92.6364165655988,-97.24653896780305,-96.04436095789004,0,0,1
1,-73.67849054332068,-76.56351812465802,-64.11363307192686,-82.1378011232892,-92.91258046489874,0,0,0
0,-71.71917189101012,-74.7436209943081,-92.6364165655988,-97.24653896780305,-96.04436095789004,0,0,1
1,-66.69138355154521,-66.69138355154521,-63.00704164987977,-51.65953686794753,-85.59349604650915,0,0,0
1,-62.851308588859204,-65.83266713808473,-37.16487136192359,-61.30147941391218,-57.521585667414634,2,2,2
0,-64.28482147115109,-68.54917168367807,-78.47692457854234,-76.73323105968299,-87.82789884471379,0,0,0
0,-56.567312580140275,-61.911826451646924,-130.54820396171974,-68.29997523559575,-95.7317737686562,0,0,0
0,-61.54423166732555,-67.34133364354693,-87.69271856730046,-66.72471613344595,-87.85204723751568,0,0,0
0,-81.97405129045,-87.46777070215514,-97.96513899111324,-82.04990311776947,-111.36359298778397,0,0,0
1,-75.35703548261124,-79.67585215724897,-62.01215528310255,-57.22346843243393,-93.960682067542,0,0,0
0,-85.43527511541365,-88.19893549751077,-91.74495424863518,-99.9296035887919,-109.49302548720448,0,0,1
1,-66.8107609177785,-69.6695675845491,-65.00509538889044,-53.131517032955685,-86.31228953444563,0,0,0
0,-56.567312580140275,-61.911826451646924,-130.54820396171974,-71.7014893674593,-95.7317737686562,0,0,0
0,-61.54423166732555,-67.34133364354693,-87.69271856730046,-66.86679136639366,-87.85204723751568,0,0,0
0,-81.97405129045,-87.46777070215514,-97.96513899111324,-82.04990311776947,-111.36359298778397,0,0,0
1,-75.35703548261124,-79.67585215724897,-62.01215528310255,-57.22346843243393,-93.960682067542,0,0,0
0,-85.43527511541365,-88.19893549751077,-91.74495424863518,-99.9296035887919,-109.49302548720448,0,0,1
1,-66.8107609177785,-69.6695675845491,-65.00509538889044,-53.131517032955685,-86.31228953444563,0,0,0
0,-56.567312580140275,-61.911826451646924,-130.54820396171974,-68.29997523559575,-95.7317737686562,0,0,0
0,-61.54423166732555,-67.34133364354693,-87.69271856730046,-66.55309836574475,-87.85204723751568,0,0,0
0,-72.56331754816706,-77.24391766248135,-133.69328756643387,-89.21966785186608,-112.67130381809721,0,0,0
1,-76.39231923568394,-79.11681993991563,-54.903192679690726,-67.17440883760713,-82.46606933119199,1,1,1
1,-66.8107609177785,-69.6695675845491,-65.00509538889044,-53.131517032955685,-86.31228953444563,0,0,0
0,-56.567312580140275,-61.911826451646924,-130.54820396171974,-71.7014893674593,-95.7317737686562,0,0,0
0,-61.54423166732555,-67.34133364354693,-87.69271856730046,-66.55309836574475,-87.85204723751568,0,0,0
1,-74.28712531925362,-77.37340946316186,-74.21553578112655,-58.56166846736829,-93.08605015079186,0,0,1
1,-66.8107609177785,-69.6695675845491,-65.00509538889044,-53.131517032955685,-86.31228953444563,0,0,0
0,-56.567312580140275,-61.911826451646924,-130.54820396171974,-71.7014893674593,-95.7317737686562,0,0,0
1,-65.90618117185143,-68.9556131933722,-46.58421460441822,-48.45237485730972,-69.48423784477771,1,1,1
1,-66.8107609177785,-69.6695675845491,-65.00509538889044,-53.131517032955685,-86.31228953444563,0,0,0
0,-64.34808145378257,-66.9516935251706,-84.48795620493932,-64.64622890665277,-89.69446831526437,0,0,0
1,-68.10145747943174,-68.10145747943174,-54.895146884090906,-42.77491873010863,-84.57000154465902,0,0,0
0,-103.43890183154014,-106.20135303329802,-92.63641656559876,-102.2920907290033,-127.76409089842004,0,1,0
0,-125.64933940234387,-129.960243523189,-98.85391685204696,-126.54527932141045,-151.83977855515823,0,1,0
1,-76.45734198091404,-81.66949955377754,-80.43572052360462,-61.75432460535767,-97.1223222351957,0,0,1
0,-66.16490573845358,-71.6919500032395,-81.32985198106039,-77.15853165202043,-90.5638613327717,0,0,0
0,-58.40791496581337,-63.714160802048426,-113.02145463470328,-72.91942131001393,-92.31435135622435,0,0,0
0,-60.74982921106613,-66.56529773122139,-117.47851636569392,-73.3825023087876,-95.9933841207743,0,0,0
0,-80.44958351219142,-85.94338690060172,-108.06704170031296,-79.06690070748189,-112.86969602228531,0,0,0
1,-82.25215558744648,-86.4301149946519,-57.46075725174194,-61.49010159340108,-99.49038276296906,0,0,0
0,-102.66676196387746,-105.34447487601953,-101.8468569578349,-124.60897056231208,-133.22081905122792,0,0,0
0,-103.43890183154014,-106.20135303329802,-92.63641656559876,-102.2920907290033,-127.76409089842004,0,1,0
1,-75.80854248903512,-80.09747516542367,-60.056043794070135,-60.37944638627829,-90.35961972445644,0,1,0
0,-68.00612656453585,-73.12151012914771,-104.87299427404379,-75.22628608911411,-99.46802484674899,0,0,0
0,-58.40791496581337,-63.714160802048426,-113.02145463470328,-72.91942131001393,-92.31435135622435,0,0,0
0,-60.74982921106613,-66.56529773122139,-117.47851636569392,-69.31564999454012,-95.9933841207743,0,0,0
0,-80.44958351219142,-85.94338690060172,-108.06704170031296,-68.47147962084237,-112.86969602228531,0,0,0
1,-82.25215558744648,-86.4301149946519,-57.46075725174194,-62.53474091640218,-99.49038276296906,0,0,0
0,-102.66676196387746,-105.34447487601953,-101.8468569578349,-124.73926381483336,-133.22081905122792,0,0,0
0,-73.32161644627037,-76.2388126029806,-83.42597617336264,-75.36909173175377,-98.34940929827916,0,0,0
1,-61.480522359638115,-65.67268102777503,-73.52513079589343,-57.49189160312059,-83.53806159840614,0,0,0
0,-58.40791496581337,-63.714160802048426,-113.02145463470328,-72.91942131001393,-92.31435135622435,0,0,0
0,-60.74982921106613,-66.56529773122139,-117.47851636569392,-69.31564999454012,-95.9933841207743,0,0,0
0,-80.44958351219142,-85.94338690060172,-108.06704170031296,-68.3111218639948,-112.86969602228531,0,0,0
1,-82.25215558744648,-86.4301149946519,-57.46075725174194,-61.49010159340108,-99.49038276296906,0,0,0
0,-102.66676196387746,-105.34447487601953,-101.8468569578349,-124.60897056231208,-133.22081905122792,0,0,0
1,-68.06285128815162,-70.88327343661021,-65.00509538889045,-54.48279611230235,-84.09864400201903,0,1,0
0,-66.01275939962079,-69.95844478583713,-76.17433946923677,-49.927562576784624,-85.3993253375921,0,0,1
0,-60.74982921106613,-66.56529773122139,-117.47851636569392,-73.3825023087876,-95.9933841207743,0,0,0
0,-80.44958351219142,-85.94338690060172,-108.06704170031296,-68.3111218639948,-112.86969602228531,0,0,0
1,-82.25215558744648,-86.4301149946519,-57.46075725174194,-61.49010159340108,-99.49038276296906,0,0,0
0,-102.66676196387746,-105.34447487601953,-101.8468569578349,-124.60897056231208,-133.22081905122792,0,0,0
1,-67.71199168761673,-70.28594055415475,-65.00509538889044,-48.600476139010944,-83.74778440148414,0,0,1
0,-60.74982921106613,-66.56529773122139,-117.47851636569392,-70.47607872545224,-95.9933841207743,0,0,0
0,-80.44958351219142,-85.94338690060172,-108.06704170031296,-79.63084694515675,-112.86969602228531,0,0,0
1,-82.25215558744648,-86.4301149946519,-57.46075725174194,-61.49010159340108,-99.49038276296906,0,0,0
0,-102.66676196387746,-105.34447487601953,-101.8468569578349,-124.60897056231208,-133.22081905122792,0,0,0
1,-67.71199168761673,-70.28594055415475,-65.00509538889044,-48.600476139010944,-83.74778440148414,0,0,1
0,-60.74982921106613,-66.56529773122139,-117.47851636569392,-69.57288338868932,-95.9933841207743,0,0,0
0,-70.09763181979305,-74.79901736623444,-96.25863030971878,-81.18060069671395,-98.97522091270869,0,0,0
1,-79.03363299020366,-81.59594618854386,-66.96120687792285,-63.11316707578515,-88.72478734518133,1,1,1
1,-67.71199168761673,-70.28594055415475,-65.00509538889044,-48.600476139010944,-83.74778440148414,0,0,1
0,-60.74982921106613,-66.56529773122139,-117.47851636569392,-73.3825023087876,-95.9933841207743,0,0,0
1,-72.86937586542393,-75.9551152030001,-76.17164727015896,-45.372952700969684,-92.2551341436719,0,1,0
1,-67.71199168761673,-70.28594055415475,-65.00509538889044,-48.600476139010944,-83.74778440148414,0,0,1
0,-86.75794491334707,-89.81038168556854,-94.59252805463119,-76.80551193940339,-115.13570332973643,0,0,0
1,-89.7068080340314,-89.7068080340314,-54.89514688409091,-64.03586511821078,-102.70961619645895,0,1,0
1,-58.44127832608716,-61.347593920997696,-47.648863776487026,-48.690368525939704,-69.27020155623354,0,1,0
0,-63.08106111617486,-66.70484308942304,-96.00367390555883,-64.90071499895774,-91.8821632878425,0,0,0
0,-66.4753818204481,-70.67947011849525,-96.00367390555881,-76.99530554097464,-95.27648399211574,0,0,0
1,-69.53699286233561,-72.62480540460294,-65.00509538889044,-62.3002193998877,-85.57278557620302,0,1,0
1,-66.12054169680893,-68.37035334241425,-64.11096393143468,-46.133122706422576,-85.35383087623933,0,0,0
0,-66.4753818204481,-70.67947011849525,-96.00367390555881,-72.83082830075553,-95.27648399211574,0,0,0
1,-69.53699286233561,-72.62480540460294,-65.00509538889044,-62.3002193998877,-85.57278557620302,0,1,0
1,-66.12054169680893,-68.37035334241425,-64.11096393143468,-46.133122706422576,-85.35383087623933,0,0,0
0,-70.73710935201085,-73.2839132920996,-73.32140432367078,-66.75952881532689,-92.73353064911208,0,0,0
1,-71.43467566495538,-71.43467566495538,-36.47426609961867,-50.95211813614794,-82.37695549484098,0,0,0
1,-58.0509577481205,-60.94960015570799,-36.48231189521849,-49.068645244923786,-65.52991541388633,0,0,1
0,-62.50613488777278,-66.58255089972953,-83.42866837244047,-61.45580725595626,-84.0689994967052,0,0,1
0,-65.59521910979677,-70.89289483969799,-97.96513899111324,-73.63150237558882,-94.98476080713074,0,0,0
1,-60.945153224181595,-66.82746692292041,-72.11941158882428,-63.29435658903374,-79.11524079802915,0,1,0
0,-62.82228973836973,-67.98996862208071,-122.28928523125468,-85.4035368262867,-99.50907530774614,0,0,0
0,-60.84492656050929,-65.51403197949098,-76.94628720828297,-66.43912983003518,-80.46307682019446,0,1,0
1,-63.112230054680765,-66.07057635972343,-46.584214604418214,-52.199349912098064,-66.69028672760705,1,1,1
1,-63.56536923097681,-66.42690603654975,-57.75076648568674,-48.266042889159195,-77.4248632738831,0,0,1
0,-65.59521910979677,-70.89289483969799,-97.96513899111324,-71.2003966357043,-94.98476080713074,0,0,0
1,-60.945153224181595,-66.82746692292041,-72.11941158882428,-63.29435658903374,-79.11524079802915,0,1,0
0,-62.82228973836973,-67.98996862208071,-122.28928523125468,-85.4035368262867,-99.50907530774614,0,0,0
0,-60.84492656050929,-65.51403197949098,-76.94628720828297,-66.43912983003518,-80.46307682019446,0,1,0
1,-63.112230054680765,-66.07057635972343,-46.584214604418214,-52.199349912098064,-66.69028672760705,1,1,1
1,-63.56536923097681,-66.42690603654975,-57.75076648568674,-48.266042889159195,-77.4248632738831,0,0,1
0,-70.5103842325838,-75.87963135559163,-119.23359358158149,-65.01599087704103,-106.28046230705826,0,0,0
0,-65.72053338840661,-71.1553860501265,-117.2774820925491,-78.48602852954181,-100.90377801617134,0,0,0
0,-60.84492656050929,-65.51403197949098,-76.94628720828297,-66.43912983003518,-80.46307682019446,0,1,0
1,-63.112230054680765,-66.07057635972343,-46.584214604418214,-52.199349912098064,-66.69028672760705,1,1,1
1,-63.56536923097681,-66.42690603654975,-57.75076648568674,-48.266042889159195,-77.4248632738831,0,0,1
0,-70.5103842325838,-75.87963135559163,-119.23359358158149,-65.01599087704103,-106.28046230705826,0,0,0
0,-65.72053338840661,-71.1553860501265,-117.2774820925491,-78.48602852954181,-100.90377801617134,0,0,0
1,-64.23772642024345,-67.2638156274958,-47.648863776487026,-46.70634396951921,-75.06664965038983,0,1,0
1,-63.56536923097681,-66.42690603654975,-57.75076648568674,-48.266042889159195,-77.4248632738831,0,0,1
0,-70.5103842325838,-75.87963135559163,-119.23359358158149,-65.01599087704103,-106.28046230705826,0,0,0
0,-77.17898430761002,-80.15072187260256,-147.8990589190155,-112.97280133215232,-121.54870198331466,0,0,0
1,-70.47259903528473,-73.383175169031,-66.96120687792285,-62.78683888834924,-87.09522519586186,0,1,0
0,-77.17898430761002,-80.15072187260256,-147.8990589190155,-112.97280133215232,-121.54870198331466,0,0,0
1,-74.19481649079478,-74.19481649079478,-54.89514688409091,-60.008488484102806,-90.66336055602206,0,0,0
0,-101.2912095645802,-104.2125773428681,-111.05729735007101,-119.00977695805341,-134.6083987696015,0,0,0
1,-69.1551866489546,-73.51331862582435,-59.164581477106516,-49.51210252512271,-83.43882518928683,0,0,1
0,-80.32919194907102,-85.64782283870754,-128.4440339738176,-107.50461370297323,-118.8624021412163,0,0,0
0,-61.71447461159351,-67.35379599766681,-96.55668533926344,-69.84344289933748,-90.68148021337254,0,0,0
0,-58.89004341224352,-64.63047343987802,-131.44233541917546,-115.95278701338395,-98.32274403799616,0,0,0
0,-63.352466996705346,-69.16979307309616,-92.49640386232889,-63.54285594487803,-87.63565225260429,0,1,0
0,-79.7555702512211,-85.28890297206483,-87.34357580653514,-79.49267575865572,-105.95864299318164,0,0,0
1,-78.50987319297141,-82.86816380772339,-69.26648418630624,-56.65619657459174,-99.28981844886329,0,0,0
0,-114.56705539084312,-117.34993550675401,-110.16583503310744,-126.26074742826383,-144.1510699979756,0,0,1
0,-77.25133972830582,-80.23773518549726,-103.80296844686733,-101.17334724747236,-108.39223026236601,0,0,0
1,-60.12182707237294,-64.51517967540146,-39.33257790029231,-54.82842825697059,-71.92160044246063,0,0,0
0,-61.71447461159351,-67.35379599766681,-96.55668533926344,-69.84344289933748,-90.68148021337254,0,0,0
0,-58.89004341224352,-64.63047343987802,-131.44233541917546,-79.25092843514737,-98.32274403799616,0,0,0
0,-63.352466996705346,-69.16979307309616,-92.49640386232889,-64.02002698002924,-87.63565225260429,0,1,0
0,-79.7555702512211,-85.28890297206483,-87.34357580653514,-67.71827768881285,-105.95864299318164,0,0,0
1,-78.50987319297141,-82.86816380772339,-69.26648418630624,-56.65619657459174,-99.28981844886329,0,0,0
0,-114.56705539084312,-117.34993550675401,-110.16583503310744,-126.26074742826383,-144.1510699979756,0,0,1
1,-68.67269510927234,-71.69431119262254,-46.584214604418214,-65.93033366393409,-79.18222358779808,0,1,0
0,-64.21563788402963,-68.51631129588448,-98.85391685204698,-67.1057654164155,-93.87181293964372,0,0,0
0,-58.89004341224352,-64.63047343987802,-131.44233541917546,-115.95278701338395,-98.32274403799616,0,0,0
0,-63.352466996705346,-69.16979307309616,-92.49640386232889,-63.54285594487803,-87.63565225260429,0,1,0
0,-79.7555702512211,-85.28890297206483,-87.34357580653514,-67.71827768881285,-105.95864299318164,0,0,0
1,-78.50987319297141,-82.86816380772339,-69.26648418630624,-56.65619657459174,-99.28981844886329,0,0,0
0,-114.56705539084312,-117.34993550675401,-110.16583503310744,-126.26074742826383,-144.1510699979756,0,0,1
1,-70.19191331846845,-73.12085021064497,-74.21553578112656,-50.79291774154043,-92.45657405280642,0,0,0
0,-58.89004341224352,-64.63047343987802,-131.44233541917546,-79.25092843514737,-98.32274403799616,0,0,0
0,-63.352466996705346,-69.16979307309616,-92.49640386232889,-63.54285594487803,-87.63565225260429,0,1,0
0,-79.7555702512211,-85.28890297206483,-87.34357580653514,-79.49267575865572,-105.95864299318164,0,0,0
1,-78.50987319297141,-82.86816380772339,-69.26648418630624,-56.65619657459174,-99.28981844886329,0,0,0
0,-114.56705539084312,-117.34993550675401,-110.16583503310744,-126.26074742826383,-144.1510699979756,0,0,1
1,-70.19191331846845,-73.12085021064497,-74.21553578112656,-48.958207749985014,-92.45657405280642,0,0,0
0,-58.89004341224352,-64.63047343987802,-131.44233541917546,-84.50362735357865,-98.32274403799616,0,0,0
0,-63.352466996705346,-69.16979307309616,-92.49640386232889,-63.54285594487803,-87.63565225260429,0,1,0
0,-75.52895613573308,-80.27094512841556,-94.59522025370899,-90.2385985680742,-103.90752221184577,0,0,0
1,-92.07545763866953,-94.8181020445563,-46.584214604418214,-83.16048562938656,-102.58498611719527,0,0,1
1,-70.19191331846845,-73.12085021064497,-74.21553578112656,-48.958207749985014,-92.45657405280642,0,0,0
0,-58.89004341224352,-64.63047343987802,-131.44233541917546,-79.25092843514737,-98.32274403799616,0,0,0
0,-63.352466996705346,-69.16979307309616,-92.49640386232889,-63.54285594487803,-87.63565225260429,0,1,0
1,-82.56067626657705,-85.68701905039431,-73.32407346416295,-53.492613282205355,-104.55789830582593,0,0,0
1,-70.19191331846845,-73.12085021064497,-74.21553578112656,-50.79291774154043,-92.45657405280642,0,0,0
0,-58.89004341224352,-64.63047343987802,-131.44233541917546,-79.25092843514737,-98.32274403799616,0,0,0
1,-71.86964893697703,-74.92812021491685,-46.58421460441822,-51.292660169084435,-82.37917741550278,0,1,0
1,-70.19191331846845,-73.12085021064497,-74.21553578112656,-48.958207749985014,-92.45657405280642,0,0,0
0,-62.18472228385862,-65.17260271554953,-100.95539464087132,-59.75660006564703,-92.47134067612001,0,0,0
1,-64.89910937011277,-64.89910937011277,-62.31394446556885,-43.68378683124042,-83.59329270978343,0,0,0
1,-57.424652710593854,-60.34937629272555,-38.0563336788872,-47.94912369917347,-56.41701956532001,1,1,2
0,-63.17960909058422,-66.99160722791181,-79.538904610119,-62.84590843241222,-83.5755445708202,0,0,1
0,-68.20432891707344,-72.40719304914158,-107.17022578682734,-72.38200007880293,-100.35539665312164,0,0,0
1,-70.65455903738916,-73.69808053477934,-57.75076648568675,-59.0257128867819,-84.51405308029547,0,0,1
1,-69.46199309180247,-71.90225470945174,-65.37397823615618,-48.58459609842761,-78.67697885425014,1,1,1
0,-68.20432891707344,-72.40719304914158,-107.17022578682734,-72.71536845057518,-100.35539665312164,0,0,0
1,-70.65455903738916,-73.69808053477934,-57.75076648568675,-59.0257128867819,-84.51405308029547,0,0,1
1,-69.46199309180247,-71.90225470945174,-65.37397823615618,-48.58459609842761,-78.67697885425014,1,1,1
0,-75.60919408004874,-78.19641200325167,-73.32140432367079,-66.13937611634924,-97.60561537714997,0,0,0
1,-74.84760651539041,-74.84760651539041,-27.263825707382548,-48.301763979917304,-79.56101832480546,0,1,0
1,-57.424652710593854,-60.30663707964855,-38.0563336788872,-47.955857256431415,-63.34849137091946,0,0,2
0,-63.179609090584236,-66.81434193431829,-79.53890461011899,-62.02957150618156,-87.04128047361993,0,0,0
0,-72.93390190250024,-77.14200731228911,-107.17022578682734,-75.25904887429316,-105.08496963854844,0,0,0
1,-81.94542576835539,-85.04570473388232,-54.903192679690726,-69.93432796760445,-94.9506476694629,0,0,1
1,-61.2228956287368,-63.452084926714484,-56.16353784392007,-43.47712981072241,-74.6062210791131,0,1,0
0,-72.93390190250024,-77.14200731228911,-107.17022578682734,-75.25904887429316,-105.08496963854844,0,0,0
1,-81.94542576835539,-85.04570473388232,-54.903192679690726,-69.93432796760445,-94.9506476694629,0,0,1
1,-61.2228956287368,-63.452084926714484,-56.16353784392007,-43.47712981072241,-74.6062210791131,0,1,0
0,-70.95556071778662,-73.54801991871028,-75.27751581270321,-54.509290389674206,-93.5388154615976,0,0,0
1,-69.1749493500056,-69.1749493500056,-64.10558727632703,-47.44761649486014,-88.40662553290372,0,0,0
1,-59.39956823730004,-62.46414363260844,-28.15279610234017,-49.976403068443844,-62.35234562466154,0,2,0
0,-60.346943348011905,-64.64555435624172,-83.42866837244047,-61.52683088407192,-85.37554385974404,0,0,0
0,-61.75746346014313,-66.75987198943412,-121.9049865522149,-80.3964880101343,-98.3289594258076,0,0,0
0,-67.98040147499324,-72.68176307646502,-93.41105650372278,-67.76712076581126,-92.53798252331036,0,1,0
1,-68.43489700902933,-71.5394285447895,-74.21553578112656,-60.43147175923447,-87.23382184056757,0,0,1
1,-66.41665398171267,-69.30972144418611,-66.96120687792285,-49.837992333250256,-83.0392801422898,0,1,0
0,-61.75746346014313,-66.75987198943412,-121.9049865522149,-92.94988403957623,-98.3289594258076,0,0,0
0,-67.98040147499324,-72.68176307646502,-93.41105650372278,-67.76712076581126,-92.53798252331036,0,1,0
1,-68.43489700902933,-71.5394285447895,-74.21553578112656,-60.43147175923447,-87.23382184056757,0,0,1
1,-66.41665398171267,-69.30972144418611,-66.96120687792285,-49.837992333250256,-83.0392801422898,0,1,0
0,-61.75746346014313,-66.75987198943412,-121.9049865522149,-80.3964880101343,-98.3289594258076,0,0,0
1,-68.84338295644295,-71.92909834904951,-48.54032609345063,-50.827708141379084,-73.00827307607896,1,1,1
1,-66.41665398171267,-69.30972144418611,-66.96120687792285,-49.837992333250256,-83.0392801422898,0,1,0
0,-70.14136351853153,-72.70351043017325,-100.95272550037915,-83.47620693586964,-100.42718116864528,0,0,0
1,-71.82136243914606,-71.82136243914606,-82.52646806079923,-50.785867980655375,-96.57930285738583,0,0,0
1,-59.923457980290166,-62.846495454089364,-46.58421460441822,-62.83717809083356,-70.4329864588159,0,1,0
0,-61.48697808311824,-65.27796863252854,-86.79323351332272,-62.64162411068235,-87.52494813711505,0,0,0
0,-65.69622430525942,-69.8407925029056,-97.95978539459121,-70.1224122333289,-95.08415992363678,0,0,0
1,-64.81133540631483,-67.86277209783924,-65.00509538889044,-54.93179944179109,-84.31286402298196,0,0,0
1,-61.504733989613456,-63.9217542113809,-81.83874753159597,-43.61313889076691,-86.05635824909224,0,0,0
0,-65.69622430525942,-69.8407925029056,-97.95978539459121,-73.24363134686284,-95.08415992363678,0,0,0
1,-64.81133540631483,-67.86277209783924,-65.00509538889044,-54.93179944179109,-84.31286402298196,0,0,0
1,-61.504733989613456,-63.9217542113809,-81.83874753159597,-43.61313889076691,-86.05635824909224,0,0,0
0,-70.46180186335361,-73.01205409059375,-91.74228510814301,-72.31649862662489,-97.98448739579652,0,0,0
1,-72.05104888709741,-72.05104888709741,-64.10558727632704,-48.24425078272529,-91.28272506999552,0,0,0
0,-98.91648382979719,-101.85672554477165,-92.63641656559876,-110.3679161432048,-126.70740879947681,0,0,0
1,-75.00977266949273,-79.38100240186792,-43.5912744986303,-56.875933960455434,-84.6214191162821,0,1,0
0,-70.8548007542309,-76.06177403190424,-128.4440339738176,-110.74182880992832,-109.38801094637617,0,0,0
0,-73.68777647067519,-79.15360612717397,-106.24104149958677,-80.3263382286189,-105.56008892055122,0,0,0
0,-62.63321814664943,-68.44385928054062,-101.70684425456503,-72.8483270109923,-89.67953552021922,0,1,0
0,-77.87697385217578,-83.3756917256572,-73.18139162040094,-65.1043808087164,-99.83139133829606,0,0,0
1,-80.46813239671907,-84.84458726631217,-71.22259567533865,-59.01828711422115,-101.83491109932066,0,0,0
0,-93.6343891665006,-96.41033672330211,-94.59252805463122,-112.57877645034868,-122.01214758288997,0,0,0
0,-68.08864202280085,-71.05432820941967,-101.84685695783489,-81.56417308549752,-98.64269911015131,0,0,0
1,-62.49255926032165,-66.80487338987736,-57.75345868476455,-56.791169177486104,-76.3528609629513,0,0,1
0,-73.68777647067519,-79.15360612717397,-106.24104149958677,-80.3263382286189,-105.56008892055122,0,0,0
0,-62.63321814664943,-68.44385928054062,-101.70684425456503,-72.8483270109923,-89.67953552021922,0,1,0
0,-77.87697385217578,-83.3756917256572,-73.18139162040094,-65.67146466995105,-99.83139133829606,0,0,0
1,-80.46813239671907,-84.84458726631217,-71.22259567533865,-59.01828711422115,-101.83491109932066,0,0,0
0,-93.6343891665006,-96.41033672330211,-94.59252805463122,-112.57877645034868,-122.01214758288997,0,0,0
1,-59.62957941578281,-62.53634999958214,-37.3737742121821,-44.93154789455235,-67.37597577663772,0,0,1
0,-64.044041957007,-68.21846986337323,-77.58546226157877,-59.665632174286465,-83.8539447326809,0,0,1
0,-62.63321814664943,-68.44385928054062,-101.70684425456503,-82.99759713662425,-89.67953552021922,0,1,0
0,-77.87697385217578,-83.3756917256572,-73.18139162040094,-65.1043808087164,-99.83139133829606,0,0,0
1,-80.46813239671907,-84.84458726631217,-71.22259567533865,-59.01828711422115,-101.83491109932066,0,0,0
0,-93.6343891665006,-96.41033672330211,-94.59252805463122,-112.57877645034868,-122.01214758288997,0,0,0
1,-68.5793775363271,-71.34826189693698,-65.00509538889044,-46.0888699250982,-88.08090615299423,0,0,0
0,-62.63321814664943,-68.44385928054062,-101.70684425456503,-72.8483270109923,-89.67953552021922,0,1,0
0,-77.87697385217578,-83.3756917256572,-73.18139162040094,-65.1043808087164,-99.83139133829606,0,0,0
1,-80.46813239671907,-84.84458726631217,-71.22259567533865,-59.01828711422115,-101.83491109932066,0,0,0
0,-93.6343891665006,-96.41033672330211,-94.59252805463122,-112.57877645034868,-122.01214758288997,0,0,0
1,-68.5793775363271,-71.34826189693698,-65.00509538889044,-46.0888699250982,-88.08090615299423,0,0,0
0,-62.63321814664943,-68.44385928054062,-101.70684425456503,-82.99759713662425,-89.67953552021922,0,1,0
0,-69.03986558929849,-73.77887164162883,-94.59522025370899,-87.35999897687257,-97.41843166541118,0,0,0
1,-74.52209439729847,-77.2412649089332,-65.00509538889045,-76.66657893302313,-90.55788711116588,0,0,1
1,-68.5793775363271,-71.34826189693698,-65.00509538889044,-44.05006602364832,-88.08090615299423,0,0,0
0,-62.63321814664943,-68.44385928054062,-101.70684425456503,-82.99759713662425,-89.67953552021922,0,1,0
1,-64.20376659215816,-67.28548828653012,-55.10155781234341,-42.12358599120046,-77.26849803306146,0,1,0
1,-68.5793775363271,-71.34826189693698,-65.00509538889044,-44.05006602364832,-88.08090615299423,0,0,0
0,-92.60300352694723,-95.65091357594294,-103.80296844686731,-79.91982709358572,-123.74389406100742,0,0,0
1,-92.77368589615183,-92.77368589615183,-73.31602766856314,-66.91156552242471,-114.76849419672078,0,0,0
0,-97.74729172433601,-100.6899106332888,-111.05729735007101,-107.092419821485,-131.0644809293573,0,0,0
1,-68.72111977406324,-72.97666553070212,-52.801714890866414,-51.55105913479123,-74.16442653292398,1,1,1
0,-68.25668013624669,-73.40416452559646,-136.76301204909012,-98.5086231677548,-109.28558375097373,0,0,0
0,-59.876677804605585,-64.8283978493212,-103.11524791766408,-68.94149720829381,-87.34551627710509,0,0,1
0,-65.50110595351035,-70.13866842055174,-117.27479763651921,-76.41478593328212,-97.21780934166638,0,1,0
1,-66.77778563858911,-69.82470809261042,-57.75076648568675,-57.11756896781922,-84.10301558429514,0,0,0
0,-71.5443237160178,-74.42813295297834,-113.01340883910342,-87.1315023566695,-105.44834636774883,0,0,0
1,-62.60912404846,-66.82511889377452,-46.58690680349603,-58.01930197707949,-76.5851960895088,0,0,0
0,-59.876677804605585,-64.8283978493212,-103.11524791766408,-68.94149720829381,-87.34551627710509,0,0,1
0,-65.50110595351035,-70.13866842055174,-117.27479763651921,-76.41478593328212,-97.21780934166638,0,1,0
1,-66.77778563858911,-69.82470809261042,-57.75076648568675,-57.227363755881775,-84.10301558429514,0,0,0
1,-63.63020508952387,-66.47446341516006,-48.540326093450616,-50.49182944686348,-78.19230291755906,0,0,0
0,-63.49217415088651,-67.1105577209581,-83.79755121970621,-60.0253253885319,-85.16570361399864,0,0,1
0,-65.50110595351035,-70.13866842055174,-117.27479763651921,-76.41478593328212,-97.21780934166638,0,1,0
1,-66.77778563858911,-69.82470809261042,-57.75076648568675,-57.227363755881775,-84.10301558429514,0,0,0
1,-66.19321201758082,-68.43985906797408,-56.16353784392007,-45.77901608776787,-79.57653746795712,0,0,1
0,-65.50110595351035,-70.13866842055174,-117.27479763651921,-76.41478593328212,-97.21780934166638,0,1,0
1,-66.77778563858911,-69.82470809261042,-57.75076648568675,-57.227363755881775,-84.10301558429514,0,0,0
1,-66.19321201758082,-68.43985906797408,-56.16353784392007,-44.42796841205479,-79.57653746795712,0,0,1
0,-75.4010151575765,-78.39299730602002,-73.32407346416295,-58.600803833477244,-93.93250129402566,0,0,1
1,-76.38307319011683,-76.38307319011683,-54.89514688409092,-60.70709701483624,-89.38588135254439,0,0,1
1,-60.771246676321375,-63.73060062109518,-66.96120687792286,-65.35032429696714,-77.39387283689851,0,1,0
0,-63.18059980097322,-67.17231857738643,-85.38477986147288,-61.76737260511908,-88.79603375941508,0,0,0
0,-59.964807629958145,-65.19347819153771,-98.16350412376592,-70.434073365042,-89.41385886708792,0,0,0
0,-85.97488615609093,-91.42883595893902,-78.13313541429906,-77.21306166466763,-109.41482678038065,0,0,0
1,-77.76580169337569,-82.12127164205833,-71.22259567533865,-57.772013455790464,-95.66684449317756,0,1,0
0,-93.26893053063478,-96.06467531065377,-101.8468569578349,-107.52082354509133,-123.82298761798525,0,0,0
1,-62.53501823737995,-65.31185780740935,-64.11363307192684,-43.955142179495134,-78.30337225615828,0,0,1
0,-59.964807629958145,-65.19347819153771,-98.16350412376592,-70.434073365042,-89.41385886708792,0,0,0
0,-85.97488615609093,-91.42883595893902,-78.13313541429906,-77.40701297178502,-109.41482678038065,0,0,0
1,-77.76580169337569,-82.12127164205833,-71.22259567533865,-57.772013455790464,-95.66684449317756,0,1,0
0,-93.26893053063478,-96.06467531065377,-101.8468569578349,-107.52082354509133,-123.82298761798525,0,0,0
1,-62.53501823737995,-65.31185780740935,-64.11363307192684,-43.955142179495134,-78.30337225615828,0,0,1
0,-59.964807629958145,-65.19347819153771,-98.16350412376592,-70.434073365042,-89.41385886708792,0,0,0
0,-63.330371145145044,-67.9769540608633,-89.64347645981087,-77.14983209555946,-86.75767818028858,0,1,0
1,-71.27593255217418,-74.02177320887716,-66.06974456095925,-67.45333263040146,-87.63112001766224,0,0,1
1,-62.53501823737995,-65.31185780740935,-64.11363307192684,-43.955142179495134,-78.30337225615828,0,0,1
0,-59.964807629958145,-65.19347819153771,-98.16350412376592,-70.434073365042,-89.41385886708792,0,0,0
1,-76.39587866713593,-79.43283229087454,-73.32407346416295,-52.99847211588122,-94.92736480358509,0,1,0
1,-62.53501823737995,-65.31185780740935,-64.11363307192684,-43.955142179495134,-78.30337225615828,0,0,1
0,-71.41890110460353,-73.8741238067137,-100.95272550037913,-66.194353731438,-101.70471875471728,0,0,0
1,-72.35779823244545,-72.35779823244545,-82.52646806079922,-50.472585702675595,-97.11573865068522,0,0,0
0,-88.31516617919328,-91.25821700939477,-100.95539464087129,-100.93724243513691,-118.60178457145467,0,0,0
1,-71.89570392731315,-76.10951583919545,-60.056043794070135,-53.50772197420362,-86.44678116273447,0,0,1
0,-64.82571440330838,-69.99137123343343,-133.99350235101454,-86.95464269426681,-105.02376510861274,0,0,0
0,-58.48140959025978,-63.94944983884661,-95.49203616719463,-66.52439581142345,-83.66328453761845,0,0,1
0,-64.09393473831497,-69.32013575134029,-110.74110381143852,-78.50220522020285,-93.8505299789468,0,1,0
0,-61.779637933665455,-66.45759111667392,-87.04818991748266,-66.25533942805525,-87.89409490891025,0,0,0
1,-62.375236092229805,-65.46064365055555,-57.75076648568674,-51.76723832627272,-79.70046603793583,0,0,0
0,-64.80155014559175,-67.80048285109025,-101.84685695783492,-86.47972624319893,-95.35560723294222,0,0,0
1,-62.34589843417968,-66.52970769919469,-71.22259567533867,-58.65648401001176,-80.24694123398156,0,0,1
0,-58.48140959025978,-63.94944983884661,-95.49203616719463,-67.22755469491713,-83.66328453761845,0,0,1
0,-64.09393473831497,-69.32013575134029,-110.74110381143852,-78.50220522020285,-93.8505299789468,0,1,0
0,-61.779637933665455,-66.45759111667392,-87.04818991748266,-64.85311265554458,-87.89409490891025,0,0,0
1,-62.375236092229805,-65.46064365055555,-57.75076648568674,-51.76723832627272,-79.70046603793583,0,0,0
1,-60.75985899298741,-63.72878905161862,-45.69275228745462,-47.760892138049165,-74.4676846792238,0,0,0
0,-63.485348804851284,-67.51283021721302,-64.11632527100465,-61.441968504989475,-79.25451048335296,0,0,1
0,-64.09393473831497,-69.32013575134029,-110.74110381143852,-78.50220522020285,-93.8505299789468,0,1,0
0,-61.779637933665455,-66.45759111667392,-87.04818991748266,-64.85311265554458,-87.89409490891025,0,0,0
1,-62.375236092229805,-65.46064365055555,-57.75076648568674,-51.76723832627272,-79.70046603793583,0,0,0
1,-66.66497112306882,-69.47757332904675,-55.794654996654344,-45.3181823504284,-79.93763171926541,0,1,0
0,-64.09393473831497,-69.32013575134029,-110.74110381143852,-74.71095903869028,-93.8505299789468,0,1,0
0,-61.779637933665455,-66.45759111667392,-87.04818991748266,-66.25533942805525,-87.89409490891025,0,0,0
1,-62.375236092229805,-65.46064365055555,-57.75076648568674,-51.76723832627272,-79.70046603793583,0,0,0
1,-66.66497112306882,-69.47757332904675,-55.794654996654344,-47.496977598965145,-79.93763171926541,0,1,0
0,-64.09393473831497,-69.32013575134029,-110.74110381143852,-78.50220522020285,-93.8505299789468,0,1,0
1,-69.96176173063516,-73.0453989432376,-46.584214604418214,-51.25286573143602,-80.4712902091609,0,1,0
1,-66.66497112306882,-69.47757332904675,-55.794654996654344,-45.3181823504284,-79.93763171926541,0,1,0
0,-70.81012708533798,-73.79818262945231,-92.6364165655988,-82.83968117716118,-98.60105205501762,0,0,0
1,-71.6411252360088,-71.6411252360088,-64.10558727632704,-46.00771022639285,-90.87280141890692,0,0,0
1,-58.459421057126654,-61.41028326723222,-37.37377421218209,-50.729584360967735,-66.20581741798156,0,1,0
0,-63.396673398729355,-67.6249544876489,-80.43303606757476,-65.99164652039956,-84.06084831620207,0,0,1
0,-65.75241409093518,-71.18067376164977,-119.23359358158149,-71.2248680676062,-101.52249216540963,0,0,0
1,-61.497449764508985,-67.46749551388379,-55.654642293384455,-59.62738111646597,-74.7281065497246,0,1,0
0,-59.36826639931753,-64.89141527925545,-118.17161355000485,-74.375011176563,-94.81975046431899,0,0,0
0,-59.77364898979495,-65.61297349228724,-97.7946212765002,-63.26718250895124,-89.112035372745,0,0,0
0,-74.24866440121818,-79.6613292595478,-89.64616091584074,-63.27320196235336,-97.67677677317067,0,1,0
1,-75.6770690807055,-80.04234843283783,-80.43303606757476,-54.63876113005114,-99.80697990097792,0,0,0
0,-86.84944554853487,-89.64096131580656,-102.91150612990373,-89.35629496760568,-117.722897387506,0,0,0
1,-62.849374379385885,-65.70368514066257,-54.21009549537981,-44.06283523739346,-79.11240302799983,0,0,0
0,-65.75241409093518,-71.18067376164977,-119.23359358158149,-70.7207378039292,-101.52249216540963,0,0,0
1,-61.497449764508985,-67.46749551388379,-55.654642293384455,-59.62738111646597,-74.7281065497246,0,1,0
0,-59.36826639931753,-64.89141527925545,-118.17161355000485,-74.375011176563,-94.81975046431899,0,0,0
0,-59.77364898979495,-65.61297349228724,-97.7946212765002,-63.26718250895124,-89.112035372745,0,0,0
0,-74.24866440121818,-79.6613292595478,-89.64616091584074,-63.27320196235336,-97.67677677317067,0,1,0
1,-75.6770690807055,-80.04234843283783,-80.43303606757476,-54.63876113005114,-99.80697990097792,0,0,0
0,-86.84944554853487,-89.64096131580656,-102.91150612990373,-89.35629496760568,-117.722897387506,0,0,0
1,-62.849374379385885,-65.70368514066257,-54.21009549537981,-44.06283523739346,-79.11240302799983,0,0,0
0,-69.19823622257908,-74.64175097028371,-98.85660130807686,-66.53631528644121,-98.85521661500215,0,0,0
0,-65.05386478240638,-70.91131201810201,-103.60393093298349,-85.41799160777575,-96.13504406230143,0,0,0
0,-59.77364898979495,-65.61297349228724,-97.7946212765002,-63.26718250895124,-89.112035372745,0,0,0
0,-74.24866440121818,-79.6613292595478,-89.64616091584074,-61.706577713125945,-97.67677677317067,0,1,0
1,-75.6770690807055,-80.04234843283783,-80.43303606757476,-54.63876113005114,-99.80697990097792,0,0,0
0,-86.84944554853487,-89.64096131580656,-102.91150612990373,-89.35629496760568,-117.722897387506,0,0,0
1,-62.849374379385885,-65.70368514066257,-54.21009549537981,-44.06283523739346,-79.11240302799983,0,0,0
0,-69.19823622257908,-74.64175097028371,-98.85660130807686,-96.5506715449952,-98.85521661500215,0,0,0
0,-65.05386478240638,-70.91131201810201,-103.60393093298349,-85.41799160777575,-96.13504406230143,0,0,0
0,-59.77364898979495,-65.61297349228724,-97.7946212765002,-63.26718250895124,-89.112035372745,0,0,0
0,-64.16161842438179,-68.79541591186721,-116.2889990191857,-81.34135361528564,-99.04831813013749,0,0,0
1,-73.04468846286183,-75.7643874963963,-65.00509538889045,-66.8246561079426,-89.08048117672924,0,0,1
1,-62.849374379385885,-65.70368514066257,-54.21009549537981,-44.06283523739346,-79.11240302799983,0,0,0
0,-69.19823622257908,-74.64175097028371,-98.85660130807686,-66.53631528644121,-98.85521661500215,0,0,0
0,-65.05386478240638,-70.91131201810201,-103.60393093298349,-85.41799160777575,-96.13504406230143,0,0,0
0,-59.77364898979495,-65.61297349228724,-97.7946212765002,-63.25769964335176,-89.112035372745,0,0,0
1,-65.24683701741635,-68.23505418630391,-55.79465499665432,-40.37484954274545,-81.98523351641265,0,0,0
1,-62.849374379385885,-65.70368514066257,-54.21009549537981,-44.06283523739346,-79.11240302799983,0,0,0
0,-69.19823622257908,-74.64175097028371,-98.85660130807686,-80.40240493585156,-98.85521661500215,0,0,0
0,-65.05386478240638,-70.91131201810201,-103.60393093298349,-85.41799160777575,-96.13504406230143,0,0,0
1,-66.41035021287794,-69.48343344570543,-92.63641656559876,-47.151402730370975,-94.20127518255757,0,0,0
1,-62.849374379385885,-65.70368514066257,-54.21009549537981,-44.06283523739346,-79.11240302799983,0,0,0
0,-69.19823622257908,-74.64175097028371,-98.85660130807686,-96.5506715449952,-98.85521661500215,0,0,0
0,-75.44278762161805,-78.51957085052837,-111.91486321265617,-100.33268478041961,-109.01724658541491,0,0,0
1,-71.03389898412944,-73.92716150459393,-66.06974456095926,-73.52623670177069,-90.85482235241722,0,0,0
0,-75.44278762161805,-78.51957085052837,-111.91486321265617,-100.33268478041961,-109.01724658541491,0,0,0
1,-70.73618103781187,-70.73618103781187,-63.412490092016114,-52.7964497077188,-89.75992806541672,0,0,0
0,-114.41572514664415,-117.34380089529495,-92.63641656559876,-125.66126356314983,-138.74091421352404,0,1,0
1,-75.26881602838108,-79.61125195383065,-62.01215528310255,-60.05208515924958,-90.40672671051213,0,0,1
0,-64.4136673831069,-69.64392353316492,-122.22922588644721,-96.24257254706116,-97.61669924624134,0,1,0
0,-58.7349679420528,-63.90500334487593,-118.87979650310923,-71.56770182053424,-94.39890689298556,0,0,0
0,-64.3407337966076,-69.02192475991899,-108.06435724428312,-75.68701808816475,-96.76004096989253,0,0,0
1,-61.001907196472146,-64.10098301143424,-37.3737742121821,-55.9204045673147,-68.74830355732705,0,0,1
0,-72.83580972808636,-75.8065091338576,-112.32031165479252,-86.70983117124314,-106.53190322452411,0,0,0
1,-58.12717698842961,-62.43420824201269,-66.07243676003705,-54.33735961658807,-77.94890801644073,0,0,0
0,-58.7349679420528,-63.90500334487593,-118.87979650310923,-71.56770182053424,-94.39890689298556,0,0,0
0,-64.3407337966076,-69.02192475991899,-108.06435724428312,-89.45898209848666,-96.76004096989253,0,0,0
1,-61.001907196472146,-64.10098301143424,-37.3737742121821,-55.9204045673147,-68.74830355732705,0,0,1
1,-60.83476262347312,-63.77005735737787,-39.32988570121451,-49.1704103101863,-72.63372833383747,0,0,0
0,-60.366441772114044,-64.20367058249805,-86.7932335133227,-63.346517261337546,-86.40441182611086,0,0,0
0,-64.3407337966076,-69.02192475991899,-108.06435724428312,-89.45898209848666,-96.76004096989253,0,0,0
1,-61.001907196472146,-64.10098301143424,-37.3737742121821,-55.9204045673147,-68.74830355732705,0,0,1
1,-61.747930619909276,-64.21342291061497,-73.32140432367079,-42.5892728288406,-83.7443519170105,0,0,0
0,-64.3407337966076,-69.02192475991899,-108.06435724428312,-75.68701808816475,-96.76004096989253,0,0,0
1,-61.001907196472146,-64.10098301143424,-37.3737742121821,-55.9204045673147,-68.74830355732705,0,0,1
1,-61.747930619909276,-64.21342291061497,-73.32140432367079,-43.49286855336983,-83.7443519170105,0,0,0
0,-69.57917809111314,-72.65073976244487,-93.7010657376676,-60.97447931827963,-97.68949781241342,0,0,0
1,-70.2163977996771,-70.2163977996771,-73.31602766856312,-45.62944552142333,-92.21120610024603,0,0,0
1,-59.55935578585814,-62.640620303526944,-45.69275228745462,-49.6997751492775,-69.8014455692948,0,1,0
0,-61.32099226990719,-65.64171368222816,-66.96389907700066,-61.159824043790614,-81.41016199300739,0,0,0
0,-59.15610320641408,-64.52424896601747,-125.59646016782159,-79.48132966940491,-96.83504125676055,0,0,0
0,-62.020662797323,-67.8667525633498,-78.48227817506437,-64.50322056424501,-82.09961034704259,0,1,0
0,-83.34849315879687,-88.92207602757966,-91.60227240487313,-71.21775010389105,-107.36343897745908,0,1,0
1,-80.45411731138486,-84.84631715669536,-50.845603401834026,-61.38186291905591,-85.31059062353589,1,1,1
0,-89.11881313541161,-91.90834665800334,-101.8468569578349,-126.2681225344322,-116.20713431996236,0,0,1
1,-65.34949127599765,-68.29847616864029,-65.00509538889045,-49.45590219190829,-84.85101989266478,0,0,0
0,-59.15610320641408,-64.52424896601747,-125.59646016782159,-86.13645643483942,-96.83504125676055,0,0,0
0,-62.020662797323,-67.8667525633498,-78.48227817506437,-64.86195338069533,-82.09961034704259,0,1,0
0,-83.34849315879687,-88.92207602757966,-91.60227240487313,-71.21775010389105,-107.36343897745908,0,1,0
1,-80.45411731138486,-84.84631715669536,-50.845603401834026,-61.38186291905591,-85.31059062353589,1,1,1
0,-89.11881313541161,-91.90834665800334,-101.8468569578349,-126.2681225344322,-116.20713431996236,0,0,1
1,-65.34949127599765,-68.29847616864029,-65.00509538889045,-49.45590219190829,-84.85101989266478,0,0,0
0,-59.15610320641408,-64.52424896601747,-125.59646016782159,-86.13645643483942,-96.83504125676055,0,0,0
0,-62.020662797323,-67.8667525633498,-78.48227817506437,-64.86195338069533,-82.09961034704259,0,1,0
0,-70.65248945381585,-75.44720495175444,-96.00634304605096,-80.95048670529299,-95.98865646483141,0,1,0
1,-73.7817826468396,-76.52840217355224,-46.58421460441822,-55.276610163162154,-84.29131112536534,0,0,1
1,-65.34949127599765,-68.29847616864029,-65.00509538889045,-49.45590219190829,-84.85101989266478,0,0,0
0,-59.15610320641408,-64.52424896601747,-125.59646016782159,-79.48132966940491,-96.83504125676055,0,0,0
0,-62.020662797323,-67.8667525633498,-78.48227817506437,-64.50322056424501,-82.09961034704259,0,1,0
1,-75.41472512181451,-78.56386030115524,-55.79465499665434,-59.001457934685455,-88.6873857180111,0,1,0
1,-65.34949127599765,-68.29847616864029,-65.00509538889045,-49.45590219190829,-84.85101989266478,0,0,0
0,-59.15610320641408,-64.52424896601747,-125.59646016782159,-79.48132966940491,-96.83504125676055,0,0,0
1,-70.98176927017506,-74.06398407084114,-49.02452042750303,-52.049788725463536,-85.68912539842597,0,0,0
1,-65.34949127599765,-68.29847616864029,-65.00509538889045,-49.45590219190829,-84.85101989266478,0,0,0
0,-64.68909814578132,-67.27631606898424,-119.37360628485136,-62.73868148379978,-100.50118003123671,0,0,0
1,-66.5231259363309,-66.5231259363309,-64.10558727632703,-56.08583465221062,-85.75480211922901,0,0,0
0,-87.467327177758,-90.23429291143525,-118.8815433736853,-97.85899282947598,-123.13179018986358,0,0,0
0,-96.33471279184664,-100.4781434938526,-113.01610103818123,-89.2438090631868,-130.239543103301,0,0,0
1,-71.8938048520888,-77.0445513370989,-49.956825540900276,-51.78153939034481,-76.48364480595971,1,1,1
0,-70.3677998051376,-75.93016275700629,-108.06971084080514,-92.18190499104988,-99.32297715457942,0,0,1
0,-63.601862761421636,-68.754675137375,-135.6983628770213,-70.29135752166496,-104.31137162452802,0,0,0
0,-63.25752994553653,-67.94608802450381,-89.64347645981087,-78.26630011020933,-86.68483698068007,0,1,0
1,-62.121640106848346,-65.20245270806728,-57.75076648568674,-52.64090112773517,-79.44687005255437,0,0,0
0,-87.467327177758,-90.23429291143525,-118.8815433736853,-97.85899282947598,-123.13179018986358,0,0,0
1,-75.24932427408609,-79.41822319398615,-69.26648418630624,-63.801826228106655,-85.63206182157879,1,1,1
0,-65.86655690912968,-70.97641984731058,-73.18139162040093,-74.7534874757856,-87.82097439524996,0,0,0
0,-63.601862761421636,-68.754675137375,-135.6983628770213,-71.03212726694836,-104.31137162452802,0,0,0
0,-63.25752994553653,-67.94608802450381,-89.64347645981087,-70.53389646072613,-86.68483698068007,0,1,0
1,-62.121640106848346,-65.20245270806728,-57.75076648568674,-52.64090112773517,-79.44687005255437,0,0,0
0,-63.17630186646071,-66.13032157997696,-75.28018495319536,-81.31314937875689,-85.76035735241932,0,0,0
1,-61.76030323907866,-65.8883186121495,-74.21822798020436,-57.140684632015976,-84.02577163313997,0,0,0
0,-63.601862761421636,-68.754675137375,-135.6983628770213,-71.03212726694836,-104.31137162452802,0,0,0
0,-63.25752994553653,-67.94608802450381,-89.64347645981087,-70.37851595233528,-86.68483698068007,0,1,0
1,-62.121640106848346,-65.20245270806728,-57.75076648568674,-52.64090112773517,-79.44687005255437,0,0,0
1,-62.95130108613241,-65.86443725281946,-48.54032609345063,-60.75310711656114,-74.04766301136787,0,0,1
0,-65.39281182369531,-69.03321283332883,-66.06976761954489,-44.866787020136336,-85.21374210955878,0,0,0
0,-63.25752994553653,-67.94608802450381,-89.64347645981087,-95.50414809722072,-86.68483698068007,0,1,0
1,-62.121640106848346,-65.20245270806728,-57.75076648568674,-52.64090112773517,-79.44687005255437,0,0,0
1,-66.80436224249138,-69.2298840457411,-73.32140432367079,-44.57103815840581,-88.80078353959262,0,0,0
0,-63.25752994553653,-67.94608802450381,-89.64347645981087,-70.7268627498,-86.68483698068007,0,1,0
1,-62.121640106848346,-65.20245270806728,-57.75076648568674,-52.64090112773517,-79.44687005255437,0,0,0
1,-66.80436224249138,-69.2298840457411,-73.32140432367079,-44.57103815840581,-88.80078353959262,0,0,0
0,-89.1274838028443,-92.1704615632137,-65.00509538889045,-93.80605695091054,-108.62901241951143,0,0,0
1,-90.44368471232559,-90.44368471232559,-73.31602766856312,-65.19102036010182,-112.43849301289453,0,0,0
0,-102.37216552301413,-105.31283915923729,-92.63641656559876,-114.6443269004053,-126.69735458989403,0,1,0
1,-71.22312990577323,-75.5699482741618,-51.91025257390282,-56.60442375439377,-86.79620567794407,0,0,0
0,-68.13600605546283,-73.35756520897367,-124.18533737547962,-109.16137950091247,-101.92587136530699,0,1,0
0,-60.585319605512844,-66.06998830156127,-120.12772503903726,-82.27620674738651,-96.62363711722402,0,0,0
0,-62.46828660529469,-68.28031745352257,-117.28015123304125,-73.86274371024773,-97.65233197520706,0,0,0
0,-77.02196615300312,-82.5616834288325,-98.85660130807683,-66.86562229614472,-106.67894654542617,0,0,0
1,-77.27331049125077,-81.61254822768554,-43.591274498630305,-57.63916133652301,-86.88495693804013,0,0,1
0,-89.20173135400655,-91.974277336987,-102.91150612990373,-102.54905628456761,-120.07518319297768,0,0,0
0,-73.38080765236418,-76.35588950107443,-100.95539464087132,-88.02485705445322,-103.66742604462559,0,0,0
1,-62.01156154381901,-66.30371015750447,-74.21822798020438,-68.94115896429462,-80.8112940350806,0,0,1
0,-60.585319605512844,-66.06998830156127,-120.12772503903726,-80.9618784567749,-96.62363711722402,0,0,0
0,-62.46828660529469,-68.28031745352257,-117.28015123304125,-73.72013579433572,-97.65233197520706,0,0,0
0,-77.02196615300312,-82.5616834288325,-98.85660130807683,-66.86562229614472,-106.67894654542617,0,0,0
1,-77.27331049125077,-81.61254822768554,-43.591274498630305,-57.63916133652301,-86.88495693804013,0,0,1
0,-89.20173135400655,-91.974277336987,-102.91150612990373,-102.54905628456761,-120.07518319297768,0,0,0
1,-63.63020508952387,-66.550617183531,-46.58421460441821,-48.53571795783107,-77.60546947084933,0,0,0
0,-62.47980449544239,-66.62464038205447,-89.64347645981088,-62.80882547594447,-85.90711153058594,0,0,1
0,-62.46828660529469,-68.28031745352257,-117.28015123304125,-73.86274371024773,-97.65233197520706,0,0,0
0,-77.02196615300312,-82.5616834288325,-98.85660130807683,-66.86562229614472,-106.67894654542617,0,0,0
1,-77.27331049125077,-81.61254822768554,-43.591274498630305,-57.63916133652301,-86.88495693804013,0,0,1
0,-89.20173135400655,-91.974277336987,-102.91150612990373,-102.54905628456761,-120.07518319297768,0,0,0
1,-63.37744174664301,-66.15054111357676,-54.90319267969073,-44.09887597152032,-79.84839955055023,0,0,0
0,-62.46828660529469,-68.28031745352257,-117.28015123304125,-73.72013579433572,-97.65233197520706,0,0,0
0,-77.02196615300312,-82.5616834288325,-98.85660130807683,-66.86562229614472,-106.67894654542617,0,0,0
1,-77.27331049125077,-81.61254822768554,-43.591274498630305,-57.63916133652301,-86.88495693804013,0,0,1
0,-89.20173135400655,-91.974277336987,-102.91150612990373,-102.54905628456761,-120.07518319297768,0,0,0
1,-63.37744174664301,-66.15054111357676,-54.90319267969073,-44.09887597152032,-79.84839955055023,0,0,0
0,-62.46828660529469,-68.28031745352257,-117.28015123304125,-73.86274371024773,-97.65233197520706,0,0,0
0,-66.14299401340239,-70.8732391367202,-96.00634304605096,-77.56252821913807,-91.47916102441795,0,1,0
1,-73.98962925355767,-76.71923769801279,-37.3737742121821,-58.7732496145784,-81.73602561441257,0,0,1
1,-63.37744174664301,-66.15054111357676,-54.90319267969073,-44.09887597152032,-79.84839955055023,0,0,0
0,-62.46828660529469,-68.28031745352257,-117.28015123304125,-73.72013579433572,-97.65233197520706,0,0,0
1,-81.01313259266568,-84.13374842400384,-85.38208766239508,-59.31473536094505,-106.6277588913842,0,0,0
1,-63.37744174664301,-66.15054111357676,-54.90319267969073,-44.09887597152032,-79.84839955055023,0,0,0
0,-66.81918006533691,-69.87633436905958,-112.12194652213982,-53.82681090025666,-100.45576402197885,0,0,0
1,-68.05525755084196,-68.05525755084196,-64.10558727632703,-52.48872410486934,-87.28693373374007,0,0,0
1,-60.167277900741745,-63.12023511298106,-40.01244516791961,-62.605163478560385,-68.7052755483179,0,0,1
0,-60.268021528146896,-64.44244943451314,-86.79590265381486,-59.34240654451601,-86.30679232429135,0,0,0
0,-60.19721046649656,-65.48722593713497,-119.23359358158149,-68.36473656318408,-95.967288540971,0,0,0
0,-89.57812378633922,-95.40200529046425,-97.44814765622701,-87.21564666555324,-118.81256808320732,0,0,0
0,-127.20834664187292,-132.35266639543948,-98.85660130807685,-115.55014610445275,-153.39959113149624,0,1,0
1,-81.91758292973498,-86.32689491440931,-74.21822798020433,-61.96652232733088,-104.18305132379628,0,0,0
0,-90.25639316365474,-92.96177684941898,-101.8468569578349,-113.42194498555006,-120.81045025100521,0,0,0
1,-67.64510153616067,-70.41398589677054,-73.52243859681565,-47.29979384618355,-89.70183311520536,0,0,0
0,-60.19721046649656,-65.48722593713497,-119.23359358158149,-72.7144428661436,-95.967288540971,0,0,0
0,-89.57812378633922,-95.40200529046425,-97.44814765622701,-87.21564666555324,-118.81256808320732,0,0,0
0,-127.20834664187292,-132.35266639543948,-98.85660130807685,-115.55014610445275,-153.39959113149624,0,1,0
1,-81.91758292973498,-86.32689491440931,-74.21822798020433,-61.96652232733088,-104.18305132379628,0,0,0
0,-90.25639316365474,-92.96177684941898,-101.8468569578349,-113.42194498555006,-120.81045025100521,0,0,0
1,-67.64510153616067,-70.41398589677054,-73.52243859681565,-47.29979384618355,-89.70183311520536,0,0,0
0,-60.19721046649656,-65.48722593713497,-119.23359358158149,-72.7144428661436,-95.967288540971,0,0,0
0,-89.57812378633922,-95.40200529046425,-97.44814765622701,-87.21564666555324,-118.81256808320732,0,0,0
1,-82.24448370954161,-86.60597057510981,-80.43303606757475,-76.55586568409919,-102.90865862701432,0,1,0
0,-106.69582438465872,-109.48949016046784,-93.7010657376676,-110.50738671058637,-131.34040820315926,0,0,1
1,-67.64510153616067,-70.41398589677054,-73.52243859681565,-47.29979384618355,-89.70183311520536,0,0,0
0,-60.19721046649656,-65.48722593713497,-119.23359358158149,-72.7144428661436,-95.967288540971,0,0,0
0,-66.41349289879106,-71.11381124210216,-86.15672760051906,-63.16556976621568,-92.26051117894679,0,0,0
1,-76.43041549231036,-79.17625614901334,-56.859304168723135,-69.63806505375186,-90.02247084012758,0,0,1
1,-67.64510153616067,-70.41398589677054,-73.52243859681565,-47.29979384618355,-89.70183311520536,0,0,0
0,-60.19721046649656,-65.48722593713497,-119.23359358158149,-75.51089889545509,-95.967288540971,0,0,0
1,-76.90987365301847,-79.99454578746435,-55.794654996654344,-62.15021721312664,-93.64827015201476,0,0,0
1,-67.64510153616067,-70.41398589677054,-73.52243859681565,-47.29979384618355,-89.70183311520536,0,0,0
0,-70.92719146747247,-73.48589009196282,-110.16316589261523,-62.02434932699302,-103.97614123525703,0,0,0
1,-71.7096716176153,-71.7096716176153,-64.10558727632704,-51.58347086990031,-90.94134780051341,0,0,0
1,-61.246638312632115,-64.32790283030093,-45.69275228745462,-75.19544137223336,-64.55725629046933,1,1,1
0,-58.29579950456975,-62.450698098743125,-85.38477986147291,-59.224868130243976,-80.4454975602119,0,0,1
0,-57.780218303447896,-63.092536175249975,-115.32137060351666,-77.92334414165312,-92.3766294845029,0,0,0
0,-59.791286357776556,-65.58546562376866,-80.52610358667116,-62.04853528301291,-83.9491174337779,0,0,0
0,-84.566819094,-90.48998484663146,-99.75073276553259,-75.97315430671208,-114.49203892365978,0,0,0
0,-125.11131452270426,-130.27176563331432,-126.4879224847852,-123.06742737028756,-159.59195536534008,0,0,1
1,-86.77451004077518,-91.21583513939203,-66.96389907700066,-64.4697248485382,-106.86367976387538,0,0,0
0,-93.62268071748147,-96.33188596502121,-113.01340883910343,-109.10896140861652,-127.5267033692125,0,0,0
1,-63.33589714961701,-66.27591653740659,-66.96120687792286,-48.65986857368163,-79.95852331019415,0,0,1
0,-57.780218303447896,-63.092536175249975,-115.32137060351666,-77.92334414165312,-92.3766294845029,0,0,0
0,-59.791286357776556,-65.58546562376866,-80.52610358667116,-62.00835586130338,-83.9491174337779,0,0,0
0,-84.566819094,-90.48998484663146,-99.75073276553259,-83.18544867614303,-114.49203892365978,0,0,0
0,-125.11131452270426,-130.27176563331432,-126.4879224847852,-123.0586903997551,-159.59195536534008,0,0,1
1,-86.77451004077518,-91.21583513939203,-66.96389907700066,-64.4697248485382,-106.86367976387538,0,0,0
0,-93.62268071748147,-96.33188596502121,-113.01340883910343,-109.10896140861652,-127.5267033692125,0,0,0
1,-63.33589714961701,-66.27591653740659,-66.96120687792286,-48.65986857368163,-79.95852331019415,0,0,1
0,-57.780218303447896,-63.092536175249975,-115.32137060351666,-84.40230807627822,-92.3766294845029,0,0,0
0,-59.791286357776556,-65.58546562376866,-80.52610358667116,-62.04853528301291,-83.9491174337779,0,0,0
0,-84.566819094,-90.48998484663146,-99.75073276553259,-75.97315430671208,-114.49203892365978,0,0,0
1,-76.3022500974905,-80.694449942801,-77.78382739423142,-55.243515908687904,-96.1716624129602,0,1,0
0,-104.2193764048504,-107.01512118486939,-102.91150612990373,-109.91249023622741,-135.09282824382151,0,0,0
1,-63.33589714961701,-66.27591653740659,-66.96120687792286,-48.65986857368163,-79.95852331019415,0,0,1
0,-57.780218303447896,-63.092536175249975,-115.32137060351666,-84.40230807627822,-92.3766294845029,0,0,0
0,-59.791286357776556,-65.58546562376866,-80.52610358667116,-61.729563511446386,-83.9491174337779,0,0,0
0,-68.1167696494161,-72.92778529114352,-94.59522025370899,-64.48280244638381,-93.02959982272907,0,1,0
1,-74.25825862650778,-77.00487815322042,-55.79465499665433,-68.87242471768762,-87.53091922270436,0,0,1
1,-63.33589714961701,-66.27591653740659,-66.96120687792286,-48.65986857368163,-79.95852331019415,0,0,1
0,-57.780218303447896,-63.092536175249975,-115.32137060351666,-77.92334414165312,-92.3766294845029,0,0,0
0,-59.791286357776556,-65.58546562376866,-80.52610358667116,-62.04853528301291,-83.9491174337779,0,0,0
1,-73.47198868860586,-76.63742401173543,-82.53451385639909,-57.136657074546804,-98.23234284552558,0,0,0
1,-63.33589714961701,-66.27591653740659,-66.96120687792286,-48.65986857368163,-79.95852331019415,0,0,1
0,-57.780218303447896,-63.092536175249975,-115.32137060351666,-84.40230807627822,-92.3766294845029,0,0,0
1,-69.84267090825358,-72.9012374942586,-57.86340883198125,-52.273876670255,-87.20169355784796,0,0,0
1,-63.33589714961701,-66.27591653740659,-66.96120687792286,-48.65986857368163,-79.95852331019415,0,0,1
0,-66.16168350202761,-68.70090200689594,-102.90883698941157,-64.22298894280571,-97.03433459885107,0,0,0
1,-70.63450897418113,-70.63450897418113,-73.31602766856311,-65.98723712302363,-92.62931727475006,0,0,0
1,-58.43214664334,-61.47399578376493,-37.3737742121821,-51.42335698155195,-66.1785430041949,0,1,0
0,-60.718158195928396,-64.96823957605679,-80.43303606757476,-63.71021836305767,-84.84806901620082,0,0,0
0,-60.296404656264265,-65.09646852910973,-130.54553482122753,-80.59099366874803,-99.46006510263253,0,0,0
0,-64.11380367222358,-68.85390754485113,-99.4363628262796,-63.23050976477897,-93.94471252010746,0,0,0
1,-66.11125497091687,-69.26157007347406,-46.584214604418214,-57.75702238421892,-80.08651935224233,0,0,0
1,-67.89936584124787,-70.7754768937334,-39.32988570121451,-49.0176430402729,-76.2325956488125,0,0,1
0,-60.296404656264265,-65.09646852910973,-130.54553482122753,-80.59099366874803,-99.46006510263253,0,0,0
0,-64.11380367222358,-68.85390754485113,-99.4363628262796,-63.23050976477897,-93.94471252010746,0,0,0
1,-66.11125497091687,-69.26157007347406,-46.584214604418214,-57.75702238421892,-80.08651935224233,0,0,0
1,-67.89936584124787,-70.7754768937334,-39.32988570121451,-49.0176430402729,-76.2325956488125,0,0,1
0,-60.296404656264265,-65.09646852910973,-130.54553482122753,-126.63901776386287,-99.46006510263253,0,0,0
1,-73.33018387336571,-76.41300338803487,-57.75076648568674,-53.381061446451625,-80.25820611067255,1,1,1
1,-67.89936584124787,-70.7754768937334,-39.32988570121451,-49.0176430402729,-76.2325956488125,0,0,1
0,-72.29970367017741,-74.84995589741754,-110.16316589261525,-87.62400769830185,-105.34865343796199,0,0,0
1,-75.24056787925602,-75.24056787925602,-54.89514688409092,-52.63335578765444,-91.7091119444833,0,0,0
0,-102.0986877087065,-105.01825261719439,-101.84685695783489,-115.01789228727922,-129.18700889325723,0,1,0
1,-70.54026653801812,-74.87995510495875,-62.01215528310255,-58.57220485856523,-89.14391312294887,0,0,0
0,-65.10732576227053,-70.3071463790085,-121.00386879178328,-95.45758049787803,-97.9427504970058,0,1,0
0,-58.635902790819976,-64.12314889304464,-101.70684425456503,-79.60465279019108,-85.68222016438976,0,0,1
0,-63.21880912939392,-69.05158142669494,-108.06971084080513,-73.9383173811284,-95.63972238163547,0,0,0
0,-78.33959519548515,-83.84819910058984,-57.75614314079441,-65.68292173340197,-95.66643813772347,0,0,0
1,-76.50755147846392,-80.85089520625031,-62.01215528310254,-61.658901013677834,-95.11119806339468,0,0,0
0,-87.75883158494638,-90.54134291582356,-101.8468569578349,-114.45549449144077,-114.84715276949713,0,0,1
0,-72.71281460146756,-75.68076664872986,-103.80296844686731,-88.80686005214774,-103.85370513552775,0,0,0
1,-58.39613011774344,-62.66654019465603,-49.91867494354444,-58.36226003892756,-60.947199351866765,1,1,2
0,-58.635902790819976,-64.12314889304464,-101.70684425456503,-80.0092345844842,-85.68222016438976,0,0,1
0,-63.21880912939392,-69.05158142669494,-108.06971084080513,-70.03878513052979,-95.63972238163547,0,0,0
0,-78.33959519548515,-83.84819910058984,-57.75614314079441,-65.36420944311934,-95.66643813772347,0,0,0
1,-76.50755147846392,-80.85089520625031,-62.01215528310254,-61.658901013677834,-95.11119806339468,0,0,0
0,-87.75883158494638,-90.54134291582356,-101.8468569578349,-114.45549449144077,-114.84715276949713,0,0,1
1,-60.41760187687816,-63.31627543411242,-55.79465499665433,-47.008708045783116,-77.15599837587446,0,0,0
0,-61.53471675598737,-65.68213004877569,-71.22259567533864,-61.58452876353691,-82.90149545858895,0,0,0
0,-63.21880912939392,-69.05158142669494,-108.06971084080513,-73.9383173811284,-95.63972238163547,0,0,0
0,-78.33959519548515,-83.84819910058984,-57.75614314079441,-65.36420944311934,-95.66643813772347,0,0,0
1,-76.50755147846392,-80.85089520625031,-62.01215528310254,-61.658901013677834,-95.11119806339468,0,0,0
0,-87.75883158494638,-90.54134291582356,-101.8468569578349,-114.45549449144077,-114.84715276949713,0,0,1
1,-64.8944587497729,-67.67013552288289,-65.00509538889045,-43.428290415894544,-84.39598736644002,0,0,0
0,-63.21880912939392,-69.05158142669494,-108.06971084080513,-70.03878513052979,-95.63972238163547,0,0,0
0,-78.33959519548515,-83.84819910058984,-57.75614314079441,-65.36420944311934,-95.66643813772347,0,0,0
1,-76.50755147846392,-80.85089520625031,-62.01215528310254,-61.658901013677834,-95.11119806339468,0,0,0
0,-87.75883158494638,-90.54134291582356,-101.8468569578349,-114.45549449144077,-114.84715276949713,0,0,1
1,-64.8944587497729,-67.67013552288289,-65.00509538889045,-45.102739015206836,-84.39598736644002,0,0,0
0,-63.21880912939392,-69.05158142669494,-108.06971084080513,-73.9383173811284,-95.63972238163547,0,0,0
0,-69.70861569706776,-74.42587587401118,-93.70375793674538,-75.27688113514105,-97.81974307809136,0,0,0
1,-78.73440703896834,-81.46210455788952,-46.58421460441821,-70.75869409362782,-89.24393551749408,0,0,1
1,-64.8944587497729,-67.67013552288289,-65.00509538889045,-45.102739015206836,-84.39598736644002,0,0,0
0,-63.21880912939392,-69.05158142669494,-108.06971084080513,-70.03878513052979,-95.63972238163547,0,0,0
1,-74.92286594941757,-78.0244799174958,-64.11363307192686,-48.657565125249754,-94.15695587099563,0,0,0
1,-64.8944587497729,-67.67013552288289,-65.00509538889045,-43.78691230426188,-84.39598736644002,0,0,0
0,-65.17599892077561,-68.25443095154503,-93.70106573766759,-50.32157694599011,-93.28631864207588,0,0,0
1,-64.68510444839643,-64.68510444839643,-45.684706491854804,-46.48252983247365,-78.39051639595287,0,0,0
1,-60.79893071554379,-63.889269885877304,-37.164871361923595,-62.296451742603075,-71.94839212412087,0,0,0
0,-60.50109388778327,-64.68321592258057,-74.21822798020435,-60.45505333249366,-79.30082637904485,0,0,1
0,-60.296404656264265,-65.21595961080273,-132.50164631025996,-80.56956642188626,-100.04689854934225,0,0,0
0,-67.07054786874275,-71.71817404262168,-110.81900978528674,-66.62160684405775,-96.85051490152905,0,1,0
1,-62.606341151206244,-65.75665625376344,-55.79465499665433,-54.15009129345528,-75.87900174740282,0,1,0
1,-66.57080452148402,-69.53804734989752,-54.90319267969073,-48.32452943441176,-79.57602642259151,0,0,1
0,-60.296404656264265,-65.21595961080273,-132.50164631025996,-126.6175905170011,-100.04689854934225,0,0,0
0,-67.07054786874275,-71.71817404262168,-110.81900978528674,-66.62160684405775,-96.85051490152905,0,1,0
1,-62.606341151206244,-65.75665625376344,-55.79465499665433,-54.15009129345528,-75.87900174740282,0,1,0
1,-66.57080452148402,-69.53804734989752,-54.90319267969073,-48.32452943441176,-79.57602642259151,0,0,1
0,-60.296404656264265,-65.21595961080273,-132.50164631025996,-95.86157089497529,-100.04689854934225,0,0,0
1,-73.33018387336571,-76.36818075526499,-57.75076648568674,-53.381061446451625,-87.189677916272,0,1,0
1,-66.57080452148402,-69.53804734989752,-54.90319267969073,-48.32452943441176,-79.57602642259151,0,0,1
0,-70.36687337776843,-72.82554436702998,-110.16316589261525,-85.76288731829928,-103.415823145553,0,0,0
1,-70.2114563798647,-70.2114563798647,-64.10558727632703,-59.40358878325055,-89.44313256276281,0,0,0
1,-56.75503640581228,-59.826414280055516,-37.3737742121821,-47.69406936286407,-62.47410722612635,0,0,2
0,-62.64760381473519,-66.93701214490949,-85.38477986147288,-63.18945716741504,-88.26303777317705,0,0,0
0,-60.976077244671096,-66.34459212695128,-128.4440339738176,-80.67539696782613,-99.50928743681638,0,0,0
0,-61.32423526597911,-67.164341917817,-106.54798682713563,-64.62390054117826,-93.2886313141198,0,0,0
0,-89.71458342536916,-95.6078143328984,-96.55668533926341,-86.83774866233458,-115.21585312434846,0,1,0
0,-127.0932164996872,-132.2560809852784,-103.80834510197496,-116.53763050444587,-158.23572003027968,0,0,0
1,-80.99522115100183,-85.42451185228211,-74.21822798020433,-63.01317910246616,-103.26068954506313,0,0,0
0,-89.1488080383495,-91.86305090170974,-92.63641656559878,-113.25975860030519,-116.93973300802914,0,0,0
1,-64.55524505461766,-67.43910983903558,-64.11363307192686,-46.10554997829524,-83.78933497619572,0,0,0
0,-60.976077244671096,-66.34459212695128,-128.4440339738176,-80.67539696782613,-99.50928743681638,0,0,0
0,-61.32423526597911,-67.164341917817,-106.54798682713563,-64.89434252633511,-93.2886313141198,0,0,0
0,-89.71458342536916,-95.6078143328984,-96.55668533926341,-77.16066963015965,-115.21585312434846,0,1,0
0,-127.0932164996872,-132.2560809852784,-103.80834510197496,-116.53763050444587,-158.23572003027968,0,0,0
1,-80.99522115100183,-85.42451185228211,-74.21822798020433,-63.01317910246616,-103.26068954506313,0,0,0
0,-89.1488080383495,-91.86305090170974,-92.63641656559878,-113.25975860030519,-116.93973300802914,0,0,0
1,-64.55524505461766,-67.43910983903558,-64.11363307192686,-46.10554997829524,-83.78933497619572,0,0,0
0,-60.976077244671096,-66.34459212695128,-128.4440339738176,-80.67539696782613,-99.50928743681638,0,0,0
0,-61.32423526597911,-67.164341917817,-106.54798682713563,-64.62390054117826,-93.2886313141198,0,0,0
0,-89.71458342536916,-95.6078143328984,-96.55668533926341,-77.16066963015965,-115.21585312434846,0,1,0
1,-80.90645723255683,-85.2956136793645,-80.43303606757475,-60.43095415202582,-94.63916034443008,1,1,1
0,-108.22957267968155,-111.01584716923252,-101.84685695783492,-113.71885444064866,-135.3178938642323,0,0,1
1,-64.55524505461766,-67.43910983903558,-64.11363307192686,-46.10554997829524,-83.78933497619572,0,0,0
0,-60.976077244671096,-66.34459212695128,-128.4440339738176,-80.67539696782613,-99.50928743681638,0,0,0
0,-61.32423526597911,-67.164341917817,-106.54798682713563,-64.62390054117826,-93.2886313141198,0,0,0
0,-69.90959730613235,-74.68790801494086,-99.57186747414016,-76.37879369562823,-99.78115754837441,0,0,0
1,-78.0750342105257,-80.82117444560403,-55.794654996654344,-73.21736026081017,-91.34769480672229,0,0,1
1,-64.55524505461766,-67.43910983903558,-64.11363307192686,-46.10554997829524,-83.78933497619572,0,0,0
0,-60.976077244671096,-66.34459212695128,-128.4440339738176,-80.67539696782613,-99.50928743681638,0,0,0
0,-61.32423526597911,-67.164341917817,-106.54798682713563,-64.62390054117826,-93.2886313141198,0,0,0
1,-76.1802148381401,-79.31550933521929,-74.21553578112658,-58.82708808991842,-94.97913966967836,0,0,1
1,-64.55524505461766,-67.43910983903558,-64.11363307192686,-46.10554997829524,-83.78933497619572,0,0,0
0,-60.976077244671096,-66.34459212695128,-128.4440339738176,-75.65682135076527,-99.50928743681638,0,0,0
1,-67.5601952888836,-70.66047425441053,-73.32407346416295,-48.23689290412171,-89.55741732813249,0,0,0
1,-64.55524505461766,-67.43910983903558,-64.11363307192686,-46.10554997829524,-83.78933497619572,0,0,0
0,-72.74602939778961,-75.33848859871327,-112.11927738164766,-68.7818118454958,-106.38181261228391,0,0,0
1,-70.72356881968481,-70.72356881968481,-82.52646806079925,-46.51639012869224,-95.48150923792458,0,0,0
0,-113.20530426877625,-116.12836644784899,-129.47817813454327,-135.1345949521276,-152.04875770913924,0,0,0
1,-74.26589911803379,-78.57221299495393,-71.22259567533865,-53.591321204378325,-95.63267782063538,0,0,0
0,-84.26381536122035,-89.50208821125717,-87.34357580653516,-106.92778145045787,-110.4668881031809,0,0,0
0,-66.00717143018495,-71.44613152826993,-128.44670311430977,-71.74673691701015,-104.54118236447789,0,0,0
0,-61.77764056898846,-67.51989320659305,-108.83799309386839,-66.66747568148998,-94.42903849714898,0,0,0
0,-104.18110977051585,-109.72361056656482,-106.27539888955481,-89.28830758753588,-132.59799353458254,0,1,0
1,-81.58419828845847,-85.96785743241344,-71.22259567533865,-60.69030201872802,-99.48524108826034,0,0,1
0,-93.49714408007935,-96.29066831104801,-101.84685695783492,-117.48906313374162,-124.05120116742982,0,0,0
0,-71.40513161176031,-74.33747516103759,-122.22384923133956,-89.86529314976991,-108.07228638116217,0,0,0
1,-67.57721235568533,-71.89496188054217,-48.54301829252843,-62.65911822958201,-78.67438194064414,0,0,1
0,-66.00717143018495,-71.44613152826993,-128.44670311430977,-71.74673691701015,-104.54118236447789,0,0,0
0,-61.77764056898846,-67.51989320659305,-108.83799309386839,-66.66747568148998,-94.42903849714898,0,0,0
0,-104.18110977051585,-109.72361056656482,-106.27539888955481,-101.54016515024821,-132.59799353458254,0,1,0
1,-81.58419828845847,-85.96785743241344,-71.22259567533865,-60.69030201872802,-99.48524108826034,0,0,1
0,-93.49714408007935,-96.29066831104801,-101.84685695783492,-117.48906313374162,-124.05120116742982,0,0,0
1,-62.29919209508313,-65.2429712922971,-64.11363307192686,-50.06471120650025,-81.53328201666119,0,0,0
0,-63.24929923343346,-67.3626128843099,-89.64347645981088,-64.11903703820448,-90.14234217137673,0,0,0
0,-61.77764056898846,-67.51989320659305,-108.83799309386839,-68.70069657692412,-94.42903849714898,0,0,0
0,-104.18110977051585,-109.72361056656482,-106.27539888955481,-89.28830758753588,-132.59799353458254,0,1,0
1,-81.58419828845847,-85.96785743241344,-71.22259567533865,-60.69030201872802,-99.48524108826034,0,0,1
0,-93.49714408007935,-96.29066831104801,-101.84685695783492,-117.48906313374162,-124.05120116742982,0,0,0
1,-65.53738064943424,-68.27672397266782,-54.899183257761564,-45.84554345464662,-82.0071356267627,0,0,0
0,-61.77764056898846,-67.51989320659305,-108.83799309386839,-66.66747568148998,-94.42903849714898,0,0,0
0,-104.18110977051585,-109.72361056656482,-106.27539888955481,-89.56879512177649,-132.59799353458254,0,1,0
1,-81.58419828845847,-85.96785743241344,-71.22259567533865,-60.69030201872802,-99.48524108826034,0,0,1
0,-93.49714408007935,-96.29066831104801,-101.84685695783492,-117.48906313374162,-124.05120116742982,0,0,0
1,-65.53738064943424,-68.27672397266782,-54.899183257761564,-47.198611741973984,-82.0071356267627,0,0,0
0,-61.77764056898846,-67.51989320659305,-108.83799309386839,-66.66747568148998,-94.42903849714898,0,0,0
0,-69.89861129188758,-74.6588932089901,-107.17289492731949,-101.59353455792454,-98.5847438672837,0,1,0
1,-79.47540332465265,-82.21604625687829,-57.75076648568674,-61.965168201774844,-93.33489736755895,0,0,1
1,-65.53738064943424,-68.27672397266782,-54.899183257761564,-47.198611741973984,-82.0071356267627,0,0,0
0,-61.77764056898846,-67.51989320659305,-108.83799309386839,-66.66747568148998,-94.42903849714898,0,0,0
1,-81.09614054797406,-84.21340625334724,-55.794654996654344,-55.13048977285073,-97.83453704697035,0,0,0
1,-65.53738064943424,-68.27672397266782,-54.899183257761564,-47.198611741973984,-82.0071356267627,0,0,0
0,-70.73395762105048,-73.71882947894838,-74.21553578112656,-61.92173299409213,-92.99861835538844,0,0,0
1,-72.24640598398538,-72.24640598398538,-45.6847064918548,-58.690317063711205,-85.95181793154183,0,0,0
1,-56.521958601681995,-59.4908886603132,-45.69275228745462,-45.9539460946189,-66.76404838511866,0,1,0
0,-59.941478964540075,-64.13302428000092,-74.21822798020435,-61.926388892699244,-78.74121145580166,0,0,1
0,-56.97633457223384,-61.82451701150645,-121.09411466512935,-67.89957711494299,-93.30456897177265,0,0,0
0,-61.22518140283403,-65.9225847731076,-98.85391685204696,-68.23436982114156,-90.88135645844812,0,0,0
1,-63.11501333765558,-66.21266305785652,-36.48231189521849,-55.13127570067222,-63.662499197821944,1,1,1
1,-63.72076732320819,-66.54057611899071,-36.48231189521849,-47.06876982332862,-71.19972498897401,0,0,1
0,-56.97633457223384,-61.82451701150645,-121.09411466512935,-67.89957711494299,-93.30456897177265,0,0,0
0,-61.22518140283403,-65.9225847731076,-98.85391685204696,-68.23436982114156,-90.88135645844812,0,0,0
1,-63.11501333765558,-66.21266305785652,-36.48231189521849,-55.13127570067222,-63.662499197821944,1,1,1
1,-63.72076732320819,-66.54057611899071,-36.48231189521849,-47.06876982332862,-71.19972498897401,0,0,1
0,-56.97633457223384,-61.82451701150645,-121.09411466512935,-70.52652757035968,-93.30456897177265,0,0,0
1,-66.64157988229582,-69.72935396058973,-37.3737742121821,-48.034548086497026,-67.45650443755126,1,1,1
1,-63.72076732320819,-66.54057611899071,-36.48231189521849,-47.06876982332862,-71.19972498897401,0,0,1
0,-63.60695289318569,-66.20532368685298,-100.95272550037913,-65.45779996100661,-93.89277054329943,0,0,0
1,-62.87070149458882,-62.87070149458882,-54.89514688409091,-39.584329348418784,-79.33924555981609,0,0,0
1,-54.600544924945844,-57.47918648420461,-55.79465499665432,-46.38220648640406,-67.87320552114242,0,1,0
0,-55.46878499073724,-59.411179098176774,-93.9021230693981,-59.11424393943412,-83.63942191155667,0,0,0
0,-61.98298940098293,-67.36941430795,-119.23359358158149,-73.32187660223298,-97.75306747545739,0,0,0
0,-92.55755310926463,-98.56964435027591,-101.706844254565,-81.18610291713304,-123.06960638563413,0,0,0
1,-80.61202329176453,-86.12663855646596,-83.28596347009278,-61.18482687052395,-95.20060462439318,1,1,1
0,-93.2924857993175,-98.94827938756606,-141.5442381283752,-123.34891437331879,-135.75575723783007,0,0,0
0,-62.37507382583754,-67.47972965702903,-110.0231531893454,-84.09941191566043,-95.38201978264115,0,0,0
0,-64.6872467159236,-69.31108339019028,-87.04818991748267,-69.7089071272565,-90.80170369116841,0,0,0
1,-59.27398101920939,-62.33529433034988,-36.482311895218494,-51.097262251784514,-70.21867458777493,0,0,0
1,-62.67083323344294,-65.23925701323961,-83.42597617336267,-43.16555514188115,-87.69862608545174,0,0,0
0,-61.98298940098293,-67.36941430795,-119.23359358158149,-73.32187660223298,-97.75306747545739,0,0,0
0,-92.55755310926463,-98.56964435027591,-101.706844254565,-81.18610291713304,-123.06960638563413,0,0,0
1,-80.61202329176453,-86.12663855646596,-83.28596347009278,-61.18482687052395,-95.20060462439318,1,1,1
0,-93.2924857993175,-98.94827938756606,-141.5442381283752,-123.34891437331879,-135.75575723783007,0,0,0
0,-62.37507382583754,-67.47972965702903,-110.0231531893454,-81.35220519687407,-95.38201978264115,0,0,0
0,-64.6872467159236,-69.31108339019028,-87.04818991748267,-69.7089071272565,-90.80170369116841,0,0,0
1,-59.27398101920939,-62.33529433034988,-36.482311895218494,-51.097262251784514,-70.21867458777493,0,0,0
1,-62.67083323344294,-65.23925701323961,-83.42597617336267,-43.16555514188115,-87.69862608545174,0,0,0
0,-61.98298940098293,-67.36941430795,-119.23359358158149,-73.48230733409312,-97.75306747545739,0,0,0
0,-67.4576338065172,-73.50187454427058,-125.37966308768335,-106.20699863102824,-101.60579683002247,0,1,0
1,-63.834799484981865,-69.39616548294455,-88.5841808842641,-64.13619838098049,-90.4100537502611,0,0,0
0,-62.37507382583754,-67.47972965702903,-110.0231531893454,-83.86098245507931,-95.38201978264115,0,0,0
0,-64.6872467159236,-69.31108339019028,-87.04818991748267,-69.7089071272565,-90.80170369116841,0,0,0
1,-59.27398101920939,-62.33529433034988,-36.482311895218494,-51.097262251784514,-70.21867458777493,0,0,0
1,-62.67083323344294,-65.23925701323961,-83.42597617336267,-43.16555514188115,-87.69862608545174,0,0,0
0,-61.98298940098293,-67.36941430795,-119.23359358158149,-67.94619027330188,-97.75306747545739,0,0,0
1,-64.93201257123046,-71.0230040422451,-97.76072482212177,-82.75144669824927,-94.26023001786699,0,0,0
0,-69.56103497611093,-74.6115825240473,-133.99350235101454,-67.03826669807601,-109.75908568141529,0,0,0
0,-64.6872467159236,-69.31108339019028,-87.04818991748267,-69.7089071272565,-90.80170369116841,0,0,0
1,-59.27398101920939,-62.33529433034988,-36.482311895218494,-51.097262251784514,-70.21867458777493,0,0,0
1,-62.67083323344294,-65.23925701323961,-83.42597617336267,-43.16555514188115,-87.69862608545174,0,0,0
0,-66.70033899792628,-72.2911749793821,-137.65447436605373,-64.71910734638759,-107.99668130774239,0,0,0
0,-69.03160646529199,-74.6117794862803,-96.55401619877128,-86.39325920541359,-97.99781132492336,0,0,0
0,-64.6872467159236,-69.31108339019028,-87.04818991748267,-69.7089071272565,-90.80170369116841,0,0,0
1,-59.27398101920939,-62.33529433034988,-36.482311895218494,-51.097262251784514,-70.21867458777493,0,0,0
1,-62.67083323344294,-65.23925701323961,-83.42597617336267,-43.16555514188115,-87.69862608545174,0,0,0
0,-66.70033899792628,-72.2911749793821,-137.65447436605373,-85.18969914041537,-107.99668130774239,0,0,0
0,-69.03160646529199,-74.6117794862803,-96.55401619877128,-86.39325920541359,-97.99781132492336,0,0,0
1,-66.06555602237732,-69.09507672623795,-64.11363307192686,-48.670733039178366,-85.29964594395538,0,0,0
1,-62.67083323344294,-65.23925701323961,-83.42597617336267,-43.16555514188115,-87.69862608545174,0,0,0
0,-66.70033899792628,-72.2911749793821,-137.65447436605373,-64.71910734638759,-107.99668130774239,0,0,0
0,-75.40671225296313,-78.53766748536886,-103.80296844686733,-88.89486820046328,-106.54760278702332,0,0,0
1,-67.37680102017103,-70.33683725877994,-82.53451385639907,-59.513254659280584,-92.13715517709075,0,0,0
0,-75.40671225296313,-78.53766748536886,-103.80296844686733,-84.02953843248814,-106.54760278702332,0,0,0
1,-71.07174098321804,-71.07174098321804,-72.21748204211589,-74.93098782473673,-92.7369855958528,0,0,0
1,-56.583584312758575,-59.51167245685874,-74.21553578112656,-61.96432746511133,-75.38250914429682,0,1,0
0,-57.723742008039274,-61.551538449693496,-114.42455469003106,-64.0133049841347,-92.05110841504859,0,0,0
0,-62.57144903740098,-66.79656475065394,-104.52101711348402,-73.76809229226338,-93.92775417144618,0,0,0
1,-62.293123445728526,-65.35781936122751,-55.79465499665434,-68.06956171482341,-75.56578404192511,0,1,0
1,-68.21068086628561,-70.66450698029698,-64.11096393143467,-51.53141367732678,-87.44397004571601,0,0,0
0,-62.57144903740098,-66.79656475065394,-104.52101711348402,-73.76809229226338,-93.92775417144618,0,0,0
1,-62.293123445728526,-65.35781936122751,-55.79465499665434,-68.06956171482341,-75.56578404192511,0,1,0
1,-68.21068086628561,-70.66450698029698,-64.11096393143467,-51.53141367732678,-87.44397004571601,0,0,0
0,-62.909458653486965,-65.54025839633388,-93.0052994128645,-54.81347794163507,-90.81104847734632,0,0,0
1,-61.50833892265766,-61.50833892265766,-73.31602766856312,-42.975062963968035,-83.50314722322659,0,0,0
1,-57.82668424712434,-60.81545277876405,-65.37664737664835,-62.286011848464256,-67.04247075171966,1,1,1
0,-62.928592688899975,-66.76489071203646,-86.79323351332269,-68.22496983381717,-85.50082684009706,0,0,1
0,-61.84499639754993,-66.03738065623654,-96.00367390555881,-72.21911594627949,-90.64609856921757,0,0,0
1,-62.833547177621895,-65.91532343413039,-55.79465499665433,-54.96002617311524,-67.14741042767818,1,2,1
1,-70.60483408650875,-73.06716178200237,-72.62830713935988,-52.86253690991182,-92.39332622831671,0,0,0
0,-61.84499639754993,-66.03738065623654,-96.00367390555881,-74.39358472736458,-90.64609856921757,0,0,0
1,-62.833547177621895,-65.91532343413039,-55.79465499665433,-54.96002617311524,-67.14741042767818,1,2,1
1,-70.60483408650875,-73.06716178200237,-72.62830713935988,-52.86253690991182,-92.39332622831671,0,0,0
0,-69.88268134806333,-72.42948528815208,-73.3214043236708,-53.186613780313365,-91.87910264516456,0,0,0
1,-69.49340137658793,-69.49340137658793,-54.89514688409092,-47.04215694223023,-85.9619454418152,0,0,0
1,-56.33433251702425,-59.35175260556404,-47.648863776487026,-46.90809326754659,-67.16325574717064,0,0,1
0,-59.41391765451577,-63.67836468368728,-91.94601158036568,-60.67666293697989,-86.99772112862547,0,0,0
0,-61.553769767775044,-66.94104768376374,-114.9748969832435,-75.56025216711846,-92.58050295994836,0,1,0
0,-63.693902710596376,-69.53914916672916,-76.17969306575878,-65.89462122195222,-86.54781063032401,0,0,0
0,-80.42099320840228,-85.93903790638424,-110.02315318934536,-73.84000201802932,-109.96220326240616,0,1,0
1,-73.16803523239827,-77.53161764005831,-52.80171489086643,-55.992011572299035,-85.54281379685847,0,1,0
0,-90.1531115610316,-92.92547873994262,-111.05729735007102,-125.67935315286111,-123.4703007660529,0,0,0
1,-63.5582437346449,-66.44872043617353,-91.05185706432428,-44.881789550594924,-90.87380085394219,0,0,0
0,-61.553769767775044,-66.94104768376374,-114.9748969832435,-75.56025216711846,-92.58050295994836,0,1,0
0,-63.693902710596376,-69.53914916672916,-76.17969306575878,-65.89462122195222,-86.54781063032401,0,0,0
0,-80.42099320840228,-85.93903790638424,-110.02315318934536,-73.84000201802932,-109.96220326240616,0,1,0
1,-73.16803523239827,-77.53161764005831,-52.80171489086643,-55.992011572299035,-85.54281379685847,0,1,0
0,-90.1531115610316,-92.92547873994262,-111.05729735007102,-125.67935315286111,-123.4703007660529,0,0,0
1,-63.5582437346449,-66.44872043617353,-91.05185706432428,-44.881789550594924,-90.87380085394219,0,0,0
0,-61.553769767775044,-66.94104768376374,-114.9748969832435,-75.56025216711846,-92.58050295994836,0,1,0
0,-63.693902710596376,-69.53914916672916,-76.17969306575878,-65.89462122195222,-86.54781063032401,0,0,0
0,-75.78114578762045,-80.52548244681887,-102.41944128013617,-83.55757219039381,-106.5069781716613,0,0,0
1,-79.97617712267345,-82.69674331860416,-36.482311895218494,-72.75724953861477,-87.45513478843928,0,0,1
1,-63.5582437346449,-66.44872043617353,-91.05185706432428,-44.881789550594924,-90.87380085394219,0,0,0
0,-61.553769767775044,-66.94104768376374,-114.9748969832435,-75.56025216711846,-92.58050295994836,0,1,0
0,-63.693902710596376,-69.53914916672916,-76.17969306575878,-65.89462122195222,-86.54781063032401,0,0,0
1,-73.4996869237251,-76.60100737119419,-55.79465499665433,-48.03417508245929,-86.77234751992167,0,1,0
1,-63.5582437346449,-66.44872043617353,-91.05185706432428,-44.881789550594924,-90.87380085394219,0,0,0
0,-61.553769767775044,-66.94104768376374,-114.9748969832435,-75.56025216711846,-92.58050295994836,0,1,0
1,-66.10018954909057,-69.18642548096564,-39.32988570121451,-46.668461132540564,-77.89915525945493,0,0,0
1,-63.5582437346449,-66.44872043617353,-91.05185706432428,-44.881789550594924,-90.87380085394219,0,0,0
0,-69.99122734080665,-72.60015482657113,-100.95272550037912,-59.86594099445357,-100.27704499092039,0,0,0
1,-67.88446920555312,-67.88446920555312,-72.62293048425221,-42.410411754084656,-89.67134835082878,0,0,0
0,-101.68405626147776,-104.6089674149165,-83.42597617336264,-113.50744761296271,-123.24611321068683,0,1,0
1,-71.96699656858586,-76.35394899934096,-51.91025257390283,-54.30214013389092,-84.07433643795699,0,0,1
0,-76.63857962850207,-81.95042417470948,-111.43427598168735,-94.98333081191066,-110.06886242300828,0,0,0
0,-59.20389864218537,-64.80109008267308,-94.60057385023103,-81.31234646457136,-84.11833489445496,0,0,1
0,-58.51181618342272,-64.32871833471947,-125.07946883293539,-80.61522698166603,-96.03565683330334,0,0,0
0,-63.771445649346695,-69.60763720671814,-81.32985198106036,-63.082985644437215,-88.1704012436648,0,0,0
0,-82.62554653771896,-88.15132980506685,-97.4703819422679,-68.68891636865904,-111.86666112039933,0,0,0
1,-78.55737931910805,-82.9333023167739,-62.01215528310254,-57.46321636240202,-97.16102590403881,0,0,0
0,-91.3411622699139,-94.12125111611442,-111.05729735007102,-126.26443136351932,-124.6583514749352,0,0,0
0,-75.70821427227014,-78.7234301833469,-130.54282730661205,-89.30547494326,-114.87106246425375,0,0,0
1,-61.58283974760414,-65.96527375398617,-45.69544448653241,-45.038789959109174,-75.29147309356387,0,0,0
0,-59.20389864218537,-64.80109008267308,-94.60057385023103,-81.31234646457136,-84.11833489445496,0,0,1
0,-58.51181618342272,-64.32871833471947,-125.07946883293539,-80.61522698166603,-96.03565683330334,0,0,0
0,-63.771445649346695,-69.60763720671814,-81.32985198106036,-63.34972873345333,-88.1704012436648,0,0,0
0,-82.62554653771896,-88.15132980506685,-97.4703819422679,-81.9519819979129,-111.86666112039933,0,0,0
1,-78.55737931910805,-82.9333023167739,-62.01215528310254,-57.46321636240202,-97.16102590403881,0,0,0
0,-91.3411622699139,-94.12125111611442,-111.05729735007102,-126.26443136351932,-124.6583514749352,0,0,0
1,-61.5679867499918,-64.57868423669551,-36.482311895218494,-47.51438034084017,-69.04694441575764,0,0,1
0,-63.31669745881925,-67.57346155983491,-84.4933175445093,-63.75664364021658,-85.19895681937231,0,0,1
0,-58.51181618342272,-64.32871833471947,-125.07946883293539,-80.61522698166603,-96.03565683330334,0,0,0
0,-63.771445649346695,-69.60763720671814,-81.32985198106036,-63.432943902254486,-88.1704012436648,0,0,0
0,-82.62554653771896,-88.15132980506685,-97.4703819422679,-70.08704369450248,-111.86666112039933,0,0,0
1,-78.55737931910805,-82.9333023167739,-62.01215528310254,-57.46321636240202,-97.16102590403881,0,0,0
0,-91.3411622699139,-94.12125111611442,-111.05729735007102,-126.26443136351932,-124.6583514749352,0,0,0
1,-65.47767010945,-68.36269769078734,-54.210095495379804,-52.49399244986336,-81.74069875806394,0,0,0
0,-58.51181618342272,-64.32871833471947,-125.07946883293539,-86.63435461150317,-96.03565683330334,0,0,0
0,-63.771445649346695,-69.60763720671814,-81.32985198106036,-63.082985644437215,-88.1704012436648,0,0,0
0,-82.62554653771896,-88.15132980506685,-97.4703819422679,-69.68438220732843,-111.86666112039933,0,0,0
1,-78.55737931910805,-82.9333023167739,-62.01215528310254,-57.46321636240202,-97.16102590403881,0,0,0
0,-91.3411622699139,-94.12125111611442,-111.05729735007102,-126.26443136351932,-124.6583514749352,0,0,0
1,-65.47767010945,-68.36269769078734,-54.210095495379804,-52.49399244986336,-81.74069875806394,0,0,0
0,-58.51181618342272,-64.32871833471947,-125.07946883293539,-86.63435461150317,-96.03565683330334,0,0,0
0,-63.771445649346695,-69.60763720671814,-81.32985198106036,-63.082985644437215,-88.1704012436648,0,0,0
0,-75.98301182022712,-80.72657620862856,-103.83056407247813,-83.49862923625956,-107.13218104197055,0,0,0
1,-77.23241309201563,-79.96531987795217,-28.163333819945976,-69.13225726464648,-82.2156773351997,0,0,1
1,-65.47767010945,-68.36269769078734,-54.210095495379804,-52.49399244986336,-81.74069875806394,0,0,0
0,-58.51181618342272,-64.32871833471947,-125.07946883293539,-80.61522698166603,-96.03565683330334,0,0,0
0,-63.771445649346695,-69.60763720671814,-81.32985198106036,-63.082985644437215,-88.1704012436648,0,0,0
1,-73.87247750732115,-76.97302568399327,-55.79465499665433,-48.105213143484946,-90.61087400631745,0,0,0
1,-65.47767010945,-68.36269769078734,-54.210095495379804,-50.54918233368444,-81.74069875806394,0,0,0
0,-58.51181618342272,-64.32871833471947,-125.07946883293539,-80.61522698166603,-96.03565683330334,0,0,0
1,-66.48257109086727,-69.56348713391375,-37.3737742121821,-45.57788054171925,-74.22896745172217,0,1,0
1,-65.47767010945,-68.36269769078734,-54.210095495379804,-50.54918233368444,-81.74069875806394,0,0,0
0,-64.39014594649652,-67.42755199832501,-110.16583503310741,-67.90146876572496,-97.43989645642874,0,0,0
1,-65.3915618929004,-65.3915618929004,-54.89514688409091,-41.58407245112481,-78.39437005532795,0,1,0
0,-98.91648382979719,-101.85802862494234,-92.63641656559876,-110.50251030634436,-126.70740879947681,0,0,0
1,-74.01158039333178,-78.40839110913228,-66.96389907700066,-59.42373074341159,-94.10075011643198,0,0,0
0,-91.60946566279694,-96.92937877272209,-121.3377635694836,-109.78623018905603,-124.54505883084228,0,1,0
0,-60.74611925858721,-66.34908257562472,-103.81101424246715,-68.87390473852606,-91.88942353132735,0,0,0
0,-59.42482185864731,-64.85198730230742,-122.22922588644721,-79.76777458738992,-96.09358962458148,0,0,0
0,-60.712385023774644,-65.37295441297981,-84.49331754450928,-62.39870518916901,-82.59464438432771,0,1,0
1,-62.32779391592803,-65.41702757419725,-45.69275228745461,-53.11721162363479,-72.5698836993647,0,0,1
0,-66.9294072569197,-69.92067442696383,-121.33238691437595,-83.74184014342677,-99.86338742843277,0,1,0
1,-58.82007578372089,-63.23914410217797,-45.69544448653243,-53.311877064653586,-72.52870912968062,0,0,0
0,-60.74611925858721,-66.34908257562472,-103.81101424246715,-68.87390473852606,-91.88942353132735,0,0,0
0,-59.42482185864731,-64.85198730230742,-122.22922588644721,-79.76777458738992,-96.09358962458148,0,0,0
0,-60.712385023774644,-65.37295441297981,-84.49331754450928,-62.39870518916901,-82.59464438432771,0,1,0
1,-62.32779391592803,-65.41702757419725,-45.69275228745461,-53.11721162363479,-72.5698836993647,0,0,1
1,-60.10229064430536,-63.11581541700607,-36.482311895218494,-49.69207218853499,-67.58124831007119,0,1,0
0,-64.2711322183986,-68.57153531508897,-77.58546226157874,-62.65644129110816,-87.54677089687223,0,0,0
0,-59.42482185864731,-64.85198730230742,-122.22922588644721,-79.76777458738992,-96.09358962458148,0,0,0
0,-60.712385023774644,-65.37295441297981,-84.49331754450928,-62.86225991051699,-82.59464438432771,0,1,0
1,-62.32779391592803,-65.41702757419725,-45.69275228745461,-53.11721162363479,-72.5698836993647,0,0,1
1,-65.20474879815791,-68.0996083490919,-55.794654996654344,-46.68368593219998,-81.94314529715422,0,0,0
0,-59.42482185864731,-64.85198730230742,-122.22922588644721,-79.76777458738992,-96.09358962458148,0,0,0
0,-60.712385023774644,-65.37295441297981,-84.49331754450928,-62.39870518916901,-82.59464438432771,0,1,0
1,-62.32779391592803,-65.41702757419725,-45.69275228745461,-53.11721162363479,-72.5698836993647,0,0,1
1,-65.20474879815791,-68.0996083490919,-55.794654996654344,-45.24948793121505,-81.94314529715422,0,0,0
0,-59.42482185864731,-64.85198730230742,-122.22922588644721,-84.6527365468761,-96.09358962458148,0,0,0
1,-66.04756449029331,-69.09850458751883,-30.108907591372578,-44.61481674613593,-69.58717532436454,0,2,0
1,-65.20474879815791,-68.0996083490919,-55.794654996654344,-45.24948793121505,-81.94314529715422,0,0,0
0,-70.8728718490636,-73.87135089426194,-113.01340883910342,-81.44548188390402,-104.77689450079463,0,0,0
1,-70.62914857068334,-70.62914857068334,-73.31602766856314,-45.906407802099295,-92.62395687125229,0,0,0
1,-54.721603378710945,-57.65141320876464,-36.482311895218494,-46.67900514345063,-55.269089238877314,1,1,1
0,-56.3911842579987,-60.399133394132605,-83.80022036019838,-59.376530872096936,-81.53125036605822,0,0,0
0,-61.61083774429248,-66.91093247657143,-117.27748209254908,-74.20658162329005,-96.7940823720572,0,0,0
0,-88.53490164318521,-94.01517322292602,-98.85660130807683,-78.83612708813499,-118.19188203560826,0,0,0
1,-80.29014002177952,-84.70859046166929,-62.01215528310254,-60.01715562788565,-98.89378660671028,0,0,0
0,-101.87580303937895,-104.65359030008013,-103.80296844686733,-115.31712945861565,-129.5509576706394,0,1,0
1,-60.061667163820964,-62.85473709357107,-81.84141667208814,-42.968119646554335,-84.6140921654474,0,0,0
0,-61.61083774429248,-66.91093247657143,-117.27748209254908,-74.32812443091935,-96.7940823720572,0,0,0
0,-88.53490164318521,-94.01517322292602,-98.85660130807683,-78.2524304172412,-118.19188203560826,0,0,0
1,-80.29014002177952,-84.70859046166929,-62.01215528310254,-60.01715562788565,-98.89378660671028,0,0,0
0,-101.87580303937895,-104.65359030008013,-103.80296844686733,-115.31712945861565,-129.5509576706394,0,1,0
1,-60.061667163820964,-62.85473709357107,-81.84141667208814,-42.968119646554335,-84.6140921654474,0,0,0
0,-61.61083774429248,-66.91093247657143,-117.27748209254908,-74.20658162329005,-96.7940823720572,0,0,0
0,-71.04179772328256,-75.74212781837151,-113.01610103818123,-94.35423477352056,-104.94662803473693,0,0,0
1,-74.23148353481038,-77.0043536561023,-54.90319267969073,-73.19534609500545,-90.70244133871759,0,0,0
1,-60.061667163820964,-62.85473709357107,-81.84141667208814,-42.968119646554335,-84.6140921654474,0,0,0
0,-61.61083774429248,-66.91093247657143,-117.27748209254908,-74.20658162329005,-96.7940823720572,0,0,0
1,-65.74818995411728,-68.80293973060839,-66.06974456095926,-43.91264388188883,-85.56911332240506,0,0,0
1,-60.061667163820964,-62.85473709357107,-81.84141667208814,-42.968119646554335,-84.6140921654474,0,0,0
0,-67.45255868867127,-69.9917771935396,-112.11927738164766,-58.69560891466614,-101.08834190316557,0,0,0
1,-68.91048371307892,-68.91048371307892,-64.10558727632701,-47.44089590209211,-88.14215989597702,0,0,0
1,-61.49795245231308,-64.55345319495677,-47.06840893847062,-75.22123165905813,-70.12541369051371,0,2,0
0,-59.422356049969714,-63.73663423302558,-92.63910876467658,-63.50839064097634,-87.21408867937268,0,0,0
0,-59.36211068205847,-64.46568907458388,-112.69454615997877,-77.15965913135733,-93.1704745300521,0,0,0
0,-61.88921101097033,-66.60512539966227,-96.89780536301456,-67.54282412705881,-90.9585526198747,0,0,0
1,-60.60051561534435,-63.72016737167691,-39.32988570121451,-45.276541983697996,-62.00227361730953,1,1,1
1,-64.46245369501696,-67.37118833231646,-74.21553578112656,-49.813471775956344,-83.2613785265552,0,0,1
0,-59.36211068205847,-64.46568907458388,-112.69454615997877,-77.15965913135733,-93.1704745300521,0,0,0
0,-61.88921101097033,-66.60512539966227,-96.89780536301456,-67.54282412705881,-90.9585526198747,0,0,0
1,-60.60051561534435,-63.72016737167691,-39.32988570121451,-51.755960950973744,-62.00227361730953,1,1,1
1,-64.46245369501696,-67.37118833231646,-74.21553578112656,-49.813471775956344,-83.2613785265552,0,0,1
0,-59.36211068205847,-64.46568907458388,-112.69454615997877,-77.15965913135733,-93.1704745300521,0,0,0
1,-69.4178633709457,-72.52414846765798,-55.79465499665434,-50.943332020729045,-86.156259869942,0,0,0
1,-64.46245369501696,-67.37118833231646,-74.21553578112656,-49.813471775956344,-83.2613785265552,0,0,1
0,-65.90809363971502,-68.55078806696352,-102.90883698941155,-75.31443427360571,-96.78074473653848,0,0,0
1,-68.40523396082195,-68.40523396082195,-54.89514688409092,-42.890256358306424,-84.87377802604922,0,0,0
1,-58.670589588699805,-61.64081351891439,-55.79465499665433,-48.52529110145702,-71.94325018489639,0,1,0
0,-64.53487372744229,-68.5265925038555,-94.59522025370902,-62.905202888999,-92.913439803555,0,0,0
0,-62.825797491056505,-68.08297142515336,-106.48248219903843,-74.86160341453392,-94.77054215076804,0,0,0
0,-91.0804885474491,-96.90595527979323,-88.2377072639909,-80.61613194353409,-114.08606482384664,0,1,0
0,-141.2874730945803,-146.45530696096105,-114.9748969832435,-127.11875710055652,-175.77994218955334,0,0,0
1,-84.86417767374053,-89.32371867355829,-64.11632527100467,-63.54494186915696,-104.09907525504192,0,0,0
0,-85.69855801295024,-88.40157761713955,-91.7449542486352,-111.71672451841008,-113.2220442875408,0,0,0
1,-65.4253314540824,-68.2021710241118,-63.42053588761593,-44.98341191753028,-80.98575631756745,0,1,0
0,-62.825797491056505,-68.08297142515336,-106.48248219903843,-74.86160341453392,-94.77054215076804,0,0,0
0,-91.0804885474491,-96.90595527979323,-88.2377072639909,-80.61613194353409,-114.08606482384664,0,1,0
0,-141.2874730945803,-146.45530696096105,-114.9748969832435,-127.3023963081405,-175.77994218955334,0,0,0
1,-84.86417767374053,-89.32371867355829,-64.11632527100467,-63.54494186915696,-104.09907525504192,0,0,0
0,-85.69855801295024,-88.40157761713955,-91.7449542486352,-111.71672451841008,-113.2220442875408,0,0,0
1,-65.4253314540824,-68.2021710241118,-63.42053588761593,-44.98341191753028,-80.98575631756745,0,1,0
0,-62.825797491056505,-68.08297142515336,-106.48248219903843,-74.86160341453392,-94.77054215076804,0,0,0
0,-91.0804885474491,-96.90595527979323,-88.2377072639909,-90.5239039011131,-114.08606482384664,0,1,0
1,-81.19394092798049,-85.59995770782842,-89.64347645981087,-59.40506836026899,-104.62124796312403,0,0,1
0,-95.0815313172954,-97.88378795915479,-101.84685695783492,-103.60016894134927,-122.16985250184615,0,0,1
1,-65.4253314540824,-68.2021710241118,-63.42053588761593,-44.98341191753028,-80.98575631756745,0,1,0
0,-62.825797491056505,-68.08297142515336,-106.48248219903843,-74.86160341453392,-94.77054215076804,0,0,0
0,-69.61286628088692,-74.34294676109523,-74.21822798020435,-76.47721655300529,-88.4125987721485,0,1,0
1,-72.25480634630884,-75.0035387681984,-55.79465499665434,-74.88982523117777,-78.59599513690597,1,1,1
1,-65.4253314540824,-68.2021710241118,-63.42053588761593,-44.98341191753028,-80.98575631756745,0,1,0
0,-62.825797491056505,-68.08297142515336,-106.48248219903843,-74.86160341453392,-94.77054215076804,0,0,0
1,-72.31288357061275,-75.3856796928627,-38.438423384250896,-62.98727076802355,-80.3786746830883,0,1,0
1,-65.4253314540824,-68.2021710241118,-63.42053588761593,-44.98341191753028,-80.98575631756745,0,1,0
0,-70.37906617696326,-72.89641242474916,-91.74228510814301,-62.60677246404986,-97.90175170940617,0,0,0
1,-69.86333468772757,-69.86333468772757,-73.31602766856314,-49.43405164880921,-91.85814298829652,0,0,0
1,-56.17731226957727,-59.09765502606891,-38.4384233842509,-47.2989897812423,-57.311631576453365,1,1,1
0,-59.31505284608225,-63.57216408338583,-87.68736497077845,-62.46667016799382,-82.15552643451606,0,0,1
0,-63.57251982863045,-69.08730745688766,-100.11961561279834,-73.65206534732349,-93.60840451246995,0,0,0
1,-60.479324322660275,-66.49040106689739,-55.654642293384455,-56.93085055129521,-77.17571701067561,0,0,0
0,-62.48759878318855,-67.99529732357597,-107.37661365649421,-74.70160557175052,-94.7005828801368,0,0,0
0,-63.20667114957733,-69.00517173358466,-90.5402923732965,-64.96154494225651,-86.90302295876656,0,1,0
0,-79.57445816023167,-84.99059118358265,-100.81271279710927,-67.60018319749173,-106.35253609656473,0,1,0
1,-80.56529543488791,-84.86373792006223,-71.22259567533867,-58.387907607964365,-101.93207413748951,0,0,0
0,-93.26893053063478,-96.06467531065377,-102.91150612990371,-107.48487161742399,-124.14238236960588,0,0,0
1,-65.49888500062148,-68.38425971824674,-55.79465499665433,-45.677613686206556,-82.23728149961778,0,0,0
0,-63.57251982863045,-69.08730745688766,-100.11961561279834,-73.65206534732349,-93.60840451246995,0,0,0
1,-60.479324322660275,-66.49040106689739,-55.654642293384455,-56.93085055129521,-77.17571701067561,0,0,0
0,-62.48759878318855,-67.99529732357597,-107.37661365649421,-74.70160557175052,-94.7005828801368,0,0,0
0,-63.20667114957733,-69.00517173358466,-90.5402923732965,-65.03564814110294,-86.90302295876656,0,1,0
0,-79.57445816023167,-84.99059118358265,-100.81271279710927,-66.81725215438229,-106.35253609656473,0,1,0
1,-80.56529543488791,-84.86373792006223,-71.22259567533867,-58.387907607964365,-101.93207413748951,0,0,0
0,-93.26893053063478,-96.06467531065377,-102.91150612990371,-107.48487161742399,-124.14238236960588,0,0,0
1,-65.49888500062148,-68.38425971824674,-55.79465499665433,-45.677613686206556,-82.23728149961778,0,0,0
0,-67.7449963353633,-73.32246887268063,-108.06704170031296,-70.29188151317112,-100.16510884545718,0,0,0
0,-65.71439775278094,-71.56229467925789,-115.17593125638837,-87.05854880884004,-100.26717712969744,0,0,0
0,-63.20667114957733,-69.00517173358466,-90.5402923732965,-64.96154494225651,-86.90302295876656,0,1,0
0,-79.57445816023167,-84.99059118358265,-100.81271279710927,-66.81725215438229,-106.35253609656473,0,1,0
1,-80.56529543488791,-84.86373792006223,-71.22259567533867,-58.387907607964365,-101.93207413748951,0,0,0
0,-93.26893053063478,-96.06467531065377,-102.91150612990371,-107.60226951791701,-124.14238236960588,0,0,0
1,-65.49888500062148,-68.38425971824674,-55.79465499665433,-45.677613686206556,-82.23728149961778,0,0,0
0,-67.7449963353633,-73.32246887268063,-108.06704170031296,-89.90823687647385,-100.16510884545718,0,0,0
0,-65.71439775278094,-71.56229467925789,-115.17593125638837,-87.05854880884004,-100.26717712969744,0,0,0
0,-63.20667114957733,-69.00517173358466,-90.5402923732965,-64.96154494225651,-86.90302295876656,0,1,0
0,-61.87888595149546,-66.48765208771663,-85.38477986147288,-63.840625043832254,-84.02858400713761,0,1,0
1,-69.09226432311684,-71.7810775163115,-46.584214604418214,-62.438011849675654,-79.60179280164257,0,0,1
1,-65.49888500062148,-68.38425971824674,-55.79465499665433,-45.677613686206556,-82.23728149961778,0,0,0
0,-67.7449963353633,-73.32246887268063,-108.06704170031296,-105.63920618035377,-100.16510884545718,0,0,0
0,-65.71439775278094,-71.56229467925789,-115.17593125638837,-106.1971135774924,-100.26717712969744,0,0,0
0,-63.20667114957733,-69.00517173358466,-90.5402923732965,-64.96154494225651,-86.90302295876656,0,1,0
1,-72.92317792060955,-75.92231476485105,-65.00509538889045,-45.46811953836542,-92.42470653727668,0,0,0
1,-65.49888500062148,-68.38425971824674,-55.79465499665433,-45.677613686206556,-82.23728149961778,0,0,0
0,-67.7449963353633,-73.32246887268063,-108.06704170031296,-105.63920618035377,-100.16510884545718,0,0,0
0,-65.71439775278094,-71.56229467925789,-115.17593125638837,-87.05854880884004,-100.26717712969744,0,0,0
1,-61.472260009458466,-64.49731273399641,-65.00509538889042,-44.013191861128455,-77.50805272332587,0,1,0
1,-65.49888500062148,-68.38425971824674,-55.79465499665433,-45.677613686206556,-82.23728149961778,0,0,0
0,-67.7449963353633,-73.32246887268063,-108.06704170031296,-89.90823687647385,-100.16510884545718,0,0,0
0,-70.96274660983516,-74.0338039662827,-118.47609493154899,-101.64622746389632,-106.50557508929987,0,0,0
1,-67.10916512808438,-70.04918451587396,-76.17164727015897,-59.88945318168094,-89.96065930913207,0,0,0
0,-70.96274660983516,-74.0338039662827,-118.47609493154899,-93.64580623467816,-106.50557508929987,0,0,0
1,-69.55109025782083,-69.55109025782083,-62.31394446556886,-70.06621810586938,-88.24527359749149,0,0,0
0,-98.91648382979719,-101.8613686508704,-92.63641656559876,-110.33347708658043,-126.70740879947681,0,0,0
1,-71.61988693156917,-76.02188657881743,-52.80171489086643,-56.27787150799862,-87.46040139882909,0,0,0
0,-70.43259387726341,-75.68571217137603,-124.18533737547962,-106.25290390956403,-107.6881950899073,0,0,0
0,-62.84362638275451,-67.95447711125686,-106.11093021128056,-69.19044971430579,-94.67690544613868,0,0,0
0,-68.89900527156587,-73.58534287966225,-96.89780536301457,-73.89607388265873,-97.96834688047024,0,0,0
1,-75.47163685270985,-78.62691805561563,-57.75076648568674,-65.41618036349988,-89.33113089561614,0,1,0
0,-72.4518015773026,-75.44825767879449,-103.8029684468673,-89.99766893329577,-100.12695620856307,0,1,0
1,-65.69663371409654,-70.05303946995846,-57.753458684764546,-61.62277251925529,-79.55693541672618,0,1,0
0,-62.84362638275451,-67.95447711125686,-106.11093021128056,-69.19044971430579,-94.67690544613868,0,0,0
0,-68.89900527156587,-73.58534287966225,-96.89780536301457,-78.81411625258764,-97.96834688047024,0,0,0
1,-75.47163685270985,-78.62691805561563,-57.75076648568674,-65.38820592033187,-89.33113089561614,0,1,0
1,-58.61417556708541,-61.56503777719097,-46.58421460441823,-44.21556829924981,-69.12370404561116,0,1,0
0,-63.32049375377846,-67.13410135036897,-88.74934500235513,-62.41691743496296,-89.945297254485,0,0,0
0,-68.89900527156587,-73.58534287966225,-96.89780536301457,-78.5007539975867,-97.96834688047024,0,0,0
1,-75.47163685270985,-78.62691805561563,-57.75076648568674,-65.41618036349988,-89.33113089561614,0,1,0
1,-63.17311958509834,-65.58118363593248,-36.479642754726335,-42.847278931102665,-70.65127650871652,0,0,1
0,-68.89900527156587,-73.58534287966225,-96.89780536301457,-78.5007539975867,-97.96834688047024,0,0,0
1,-75.47163685270985,-78.62691805561563,-57.75076648568674,-65.41618036349988,-89.33113089561614,0,1,0
1,-63.17311958509834,-65.58118363593248,-36.479642754726335,-41.36551589441998,-70.65127650871652,0,0,1
0,-72.17882985541304,-75.24952125464421,-66.96120687792286,-79.29752383998647,-92.2671919187899,0,0,0
1,-73.9507122473617,-73.9507122473617,-54.89514688409092,-58.03054498187872,-90.41925631258897,0,0,0
1,-57.32197909952028,-60.41231826985379,-45.69275228745462,-47.621232393304695,-71.02980478575667,0,0,0
0,-62.86872818008546,-67.23930861984434,-80.43303606757478,-64.07728833857757,-86.9986390003579,0,0,0
0,-60.296404656264265,-65.36090069292919,-134.80423141956553,-126.63234231143616,-100.73767408213392,0,0,0
0,-65.75507586219733,-70.52805155858323,-103.11256346163418,-65.8083731358258,-96.68884490068758,0,0,0
1,-65.19860611924294,-68.36116338367532,-64.11363307192684,-56.12604599063226,-84.43269604082099,0,0,0
1,-66.57080452148402,-69.53584141548653,-54.90319267969073,-48.3359004926239,-79.57602642259151,0,0,1
0,-60.296404656264265,-65.36090069292919,-134.80423141956553,-80.58431821632132,-100.73767408213392,0,0,0
0,-65.75507586219733,-70.52805155858323,-103.11256346163418,-65.8083731358258,-96.68884490068758,0,0,0
1,-65.19860611924294,-68.36116338367532,-64.11363307192684,-56.12604599063226,-84.43269604082099,0,0,0
1,-66.57080452148402,-69.53584141548653,-54.90319267969073,-48.3359004926239,-79.57602642259151,0,0,1
0,-60.296404656264265,-65.36090069292919,-134.80423141956553,-80.58431821632132,-100.73767408213392,0,0,0
1,-72.54070619725823,-75.65639753568574,-46.58421460441822,-51.87669964016745,-83.05023467578398,0,1,0
1,-66.57080452148402,-69.53584141548653,-54.90319267969073,-48.3359004926239,-79.57602642259151,0,0,1
0,-66.07367571261665,-68.67728778400468,-111.02073175520043,-71.12297107624913,-95.91415933637705,0,1,0
1,-64.65534593607515,-64.65534593607515,-73.31602766856314,-44.596594726107995,-86.65015423664408,0,0,0
0,-101.28135727784404,-104.20652472229852,-113.01340883910342,-121.04672718039704,-135.18537992957505,0,0,0
1,-67.61982945324591,-71.93832335381302,-60.056043794070135,-53.00830345434832,-82.17090668866723,0,0,1
0,-66.12994168767315,-71.43780692386082,-133.39577776771574,-99.76015981240302,-106.14867501798787,0,0,0
0,-59.90297575010961,-65.07767328835503,-98.16350412376593,-70.14293081028713,-89.35202698723938,0,0,0
0,-64.94930526529511,-69.59630831976355,-108.06435724428309,-70.54457092474813,-97.36861243858004,0,0,0
1,-64.6310569553408,-67.75578755018735,-55.79465499665433,-55.82867261550286,-68.9449202053971,1,2,1
0,-77.25133972830581,-80.19809710919458,-103.80296844686733,-101.06975678961484,-108.39223026236601,0,0,0
1,-60.06625727269813,-64.44263296485053,-50.206428348538246,-55.996567695788706,-75.1281857772596,0,0,0
0,-59.90297575010961,-65.07767328835503,-98.16350412376593,-70.14293081028713,-89.35202698723938,0,0,0
0,-64.94930526529511,-69.59630831976355,-108.06435724428309,-78.66313859069595,-97.36861243858004,0,0,0
1,-64.6310569553408,-67.75578755018735,-55.79465499665433,-55.82867261550286,-68.9449202053971,1,2,1
1,-64.84057192200636,-67.84521109448045,-66.06974456095926,-63.17121599161978,-84.66149529029414,0,0,0
0,-61.51732536055103,-65.35455417093503,-88.74934500235511,-61.9236546372706,-88.14212886125756,0,0,0
0,-64.94930526529511,-69.59630831976355,-108.06435724428309,-66.57611052377379,-97.36861243858004,0,0,0
1,-64.6310569553408,-67.75578755018735,-55.79465499665433,-55.82867261550286,-68.9449202053971,1,2,1
1,-64.60549697747712,-67.0709892681828,-64.11096393143467,-42.55981389209547,-83.83878615690752,0,0,0
0,-64.94930526529511,-69.59630831976355,-108.06435724428309,-78.66313859069595,-97.36861243858004,0,0,0
1,-64.6310569553408,-67.75578755018735,-55.79465499665433,-55.82867261550286,-68.9449202053971,1,2,1
1,-64.60549697747712,-67.0709892681828,-64.11096393143467,-44.23063456942057,-83.83878615690752,0,0,0
0,-68.71314448964385,-71.7028631861539,-65.00509538889047,-56.534622272784276,-88.214673106311,0,0,0
1,-69.42061401321168,-69.42061401321168,-54.89514688409092,-47.169777078463376,-85.88915807843895,0,0,0
0,-99.09179479396,-102.02633478399859,-92.63641656559876,-111.19962379259312,-126.88271976363964,0,0,0
1,-73.37077980956029,-77.56334253778084,-60.05604379407012,-56.22696895262908,-80.99038523938215,1,1,1
0,-65.48374276466289,-70.58327906995252,-128.4440339738176,-96.76043495198334,-104.01695295680817,0,0,0
0,-58.41357840310291,-63.813901511768435,-129.33816543127338,-66.92208747728273,-93.7492921296852,0,0,1
0,-63.042235004942825,-68.85318593183982,-106.88188160483598,-67.04229862088694,-95.10679948639361,0,0,0
0,-93.67365743682026,-99.58138982371887,-97.44814765622704,-88.23835511617773,-122.90810173368837,0,0,0
0,-130.31739858149186,-135.47569166377974,-103.80834510197496,-116.92259028077405,-157.9941662092846,0,1,0
1,-83.7901146138321,-88.2194771914405,-65.00778758796825,-59.81716308224317,-103.29245089022258,0,0,0
0,-96.84824645082118,-99.55553334319718,-101.84685695783492,-126.1760988008567,-127.40230353817165,0,0,0
0,-60.804836292231975,-63.78251981406872,-102.2184089455928,-72.50740105671863,-91.47035897590982,0,0,0
1,-59.49894890888354,-63.6104520057127,-50.84560340183401,-57.18950299747939,-74.75262992943374,0,0,0
0,-58.41357840310291,-63.813901511768435,-129.33816543127338,-67.87626360401856,-93.7492921296852,0,0,1
0,-63.042235004942825,-68.85318593183982,-106.88188160483598,-67.04229862088694,-95.10679948639361,0,0,0
0,-93.67365743682026,-99.58138982371887,-97.44814765622704,-88.23835511617773,-122.90810173368837,0,0,0
0,-130.31739858149186,-135.47569166377974,-103.80834510197496,-116.92259028077405,-157.9941662092846,0,1,0
1,-83.7901146138321,-88.2194771914405,-65.00778758796825,-59.81716308224317,-103.29245089022258,0,0,0
0,-96.84824645082118,-99.55553334319718,-101.84685695783492,-126.1760988008567,-127.40230353817165,0,0,0
1,-58.53130529958444,-61.4279291900298,-37.3737742121821,-44.76115150015712,-66.27770166043935,0,1,0
0,-61.93859136291431,-65.89281389253169,-83.42866837244048,-58.594263688025606,-86.96719187464646,0,0,0
0,-63.042235004942825,-68.85318593183982,-106.88188160483598,-67.04229862088694,-95.10679948639361,0,0,0
0,-93.67365743682026,-99.58138982371887,-97.44814765622704,-88.23835511617773,-122.90810173368837,0,0,0
0,-130.31739858149186,-135.47569166377974,-103.80834510197496,-116.92259028077405,-157.9941662092846,0,1,0
1,-83.7901146138321,-88.2194771914405,-65.00778758796825,-59.81716308224317,-103.29245089022258,0,0,0
0,-96.84824645082118,-99.55553334319718,-101.84685695783492,-126.1760988008567,-127.40230353817165,0,0,0
1,-61.24554543380286,-63.98488875703644,-54.89918325776156,-41.62268548665147,-74.2495645083316,0,1,0
0,-63.042235004942825,-68.85318593183982,-106.88188160483598,-67.04229862088694,-95.10679948639361,0,0,0
0,-93.67365743682026,-99.58138982371887,-97.44814765622704,-90.07139760407597,-122.90810173368837,0,0,0
0,-130.31739858149186,-135.47569166377974,-103.80834510197496,-116.92259028077405,-157.9941662092846,0,1,0
1,-83.7901146138321,-88.2194771914405,-65.00778758796825,-59.81716308224317,-103.29245089022258,0,0,0
0,-96.84824645082118,-99.55553334319718,-101.84685695783492,-126.1760988008567,-127.40230353817165,0,0,0
1,-61.24554543380286,-63.98488875703644,-54.89918325776156,-41.62268548665147,-74.2495645083316,0,1,0
0,-63.042235004942825,-68.85318593183982,-106.88188160483598,-78.02359795176152,-95.10679948639361,0,0,0
0,-93.67365743682026,-99.58138982371887,-97.44814765622704,-87.59526691507423,-122.90810173368837,0,0,0
1,-85.61191853178003,-90.01049979291682,-106.10824575525069,-63.61590940688646,-117.44439225835524,0,0,0
0,-120.50259274852347,-123.27467096817348,-101.84685695783492,-129.1849577462848,-147.5909139330742,0,0,1
1,-61.24554543380286,-63.98488875703644,-54.89918325776156,-39.94803961909511,-74.2495645083316,0,1,0
0,-63.042235004942825,-68.85318593183982,-106.88188160483598,-67.04229862088694,-95.10679948639361,0,0,0
0,-72.16002287132527,-76.95379769112385,-85.38477986147288,-63.82092960849617,-97.77545682976714,0,0,0
1,-76.58602079783297,-79.32731770101138,-65.00509538889045,-78.7119433933806,-92.62181351170038,0,0,1
1,-61.24554543380286,-63.98488875703644,-54.89918325776156,-41.62268548665147,-74.2495645083316,0,1,0
0,-63.042235004942825,-68.85318593183982,-106.88188160483598,-77.97152313410982,-95.10679948639361,0,0,0
1,-68.01903517958968,-71.15552564142989,-55.79465499665435,-55.18119928455292,-81.29169577578627,0,1,0
1,-61.24554543380286,-63.98488875703644,-54.89918325776156,-41.62268548665147,-74.2495645083316,0,1,0
0,-65.08211639565154,-68.15801027330482,-74.21553578112653,-52.195317644911796,-83.88104122718978,0,0,1
1,-66.59456475858646,-66.59456475858646,-54.89514688409093,-40.26320246876187,-83.06310882381374,0,0,0
0,-98.91648382979719,-101.84861910168779,-94.59252805463117,-110.50105006136658,-127.29424224618654,0,0,0
1,-71.61988693156917,-76.09125852445538,-52.80171489086643,-53.43890387913246,-83.99466549602937,0,0,1
0,-67.46984352835636,-72.80929002477484,-125.59646016782159,-86.0688974227908,-105.14878157870284,0,0,0
0,-62.236272732924085,-67.8203294043492,-118.17161355000485,-84.43996708687652,-94.22202089512582,0,0,1
0,-60.976077244671096,-66.26052103368416,-120.2731143974148,-80.503783611038,-97.05801156389553,0,0,0
0,-66.78936606572913,-71.54267258501929,-93.79152184807056,-68.07290593288741,-94.92682262015029,0,0,0
1,-69.1898539171461,-72.35984271402036,-56.85930416872314,-61.52223969537432,-86.24764516776304,0,0,0
0,-71.51926699700046,-74.5850950441303,-101.84685695783489,-88.78559592796658,-98.60758818155121,0,1,0
1,-63.44853568936907,-67.88505839010959,-39.332577900292314,-51.59208705539233,-75.24830905945677,0,0,0
0,-62.236272732924085,-67.8203294043492,-118.17161355000485,-82.6576533614922,-94.22202089512582,0,0,1
0,-60.976077244671096,-66.26052103368416,-120.2731143974148,-80.503783611038,-97.05801156389553,0,0,0
0,-66.78936606572913,-71.54267258501929,-93.79152184807056,-68.49559613088505,-94.92682262015029,0,0,0
1,-69.1898539171461,-72.35984271402036,-56.85930416872314,-61.52223969537432,-86.24764516776304,0,0,0
1,-60.50040754286783,-63.531386697851985,-36.482311895218494,-48.472081175184705,-67.97936520863367,0,1,0
0,-66.39799947672924,-70.68186000938213,-85.38477986147288,-64.00513824932305,-92.0134334351711,0,0,0
0,-60.976077244671096,-66.26052103368416,-120.2731143974148,-80.503783611038,-97.05801156389553,0,0,0
0,-66.78936606572913,-71.54267258501929,-93.79152184807056,-68.49559613088505,-94.92682262015029,0,0,0
1,-69.1898539171461,-72.35984271402036,-56.85930416872314,-61.52223969537432,-86.24764516776304,0,0,0
1,-70.95944275629606,-73.83775974319258,-57.75076648568675,-51.18889604951979,-84.81893679920236,0,0,1
0,-60.976077244671096,-66.26052103368416,-120.2731143974148,-80.503783611038,-97.05801156389553,0,0,0
0,-66.78936606572913,-71.54267258501929,-93.79152184807056,-68.49559613088505,-94.92682262015029,0,0,0
1,-69.1898539171461,-72.35984271402036,-56.85930416872314,-61.52223969537432,-86.24764516776304,0,0,0
1,-70.95944275629606,-73.83775974319258,-57.75076648568675,-49.38162706069054,-84.81893679920236,0,0,1
0,-60.976077244671096,-66.26052103368416,-120.2731143974148,-80.503783611038,-97.05801156389553,0,0,0
1,-71.84430001249768,-74.98797723980819,-66.06974456095926,-50.29764700512809,-81.26801567238628,1,1,1
1,-70.95944275629606,-73.83775974319258,-57.75076648568675,-51.18889604951979,-84.81893679920236,0,0,1
0,-66.19359805374947,-69.2282301971572,-101.8468569578349,-79.93405360368165,-96.74765514109994,0,0,0
1,-63.500164047721675,-63.500164047721675,-54.89514688409092,-41.424768529674616,-76.50297221014922,0,0,1
